W,phi,lam,n_samples,frac_post_in_box,rho_true,i0_true,best_true,best_plug,best_true_control,best_plug_control,ppf,ppf_control,er_rel,regret_true,drs,drs_avg_pairs,drs_var,drs_control,drs_control_avg_pairs,drs_control_var,n_sloppy,lambda_max,gamma,cos_g_ridge,cos_g_ridge_control,g_norm,drs_control_over_drs,grad_check_relerr,entropy_u,relsd_max,relsd_max_u,pred_rmse,pred_rrmse,pred_cov90,pred_cov90_meanonly,cov90_param,marginal_pair,margin_marginal,loss_hat_0,loss_hat_1,loss_hat_2,theta_hat_R0,theta_sd_R0,u_hat_R0,u_sd_R0,relsd_R0,z_R0,theta_hat_sigma,theta_sd_sigma,u_hat_sigma,u_sd_sigma,relsd_sigma,z_sigma,theta_hat_gamma,theta_sd_gamma,u_hat_gamma,u_sd_gamma,relsd_gamma,z_gamma,theta_hat_omega,theta_sd_omega,u_hat_omega,u_sd_omega,relsd_omega,z_omega,theta_hat_rho,theta_sd_rho,u_hat_rho,u_sd_rho,relsd_rho,z_rho,theta_hat_i0,theta_sd_i0,u_hat_i0,u_sd_i0,relsd_i0,z_i0,drs_pair_01,drs_pair_02,drs_pair_12,drs_control_pair_01,drs_control_pair_02,drs_control_pair_12,drs_1em1,drs_control_1em1,n_sloppy_1em1,drs_1em2,drs_control_1em2,n_sloppy_1em2,drs_1em3,drs_control_1em3,n_sloppy_1em3,drs_1em4,drs_control_1em4,n_sloppy_1em4,drs_1em5,drs_control_1em5,n_sloppy_1em5,drs_1em6,drs_control_1em6,n_sloppy_1em6,drs_1em8,drs_control_1em8,n_sloppy_1em8,rho_level,phi_train,cell_id,drs_var_fisher,drs_geo_fisher,drs_var_fisher_control,drs_geo_fisher_control,n_sloppy_fisher,drs_var_fisher_plug,drs_geo_fisher_plug,drs_var_fisher_plug_control,drs_geo_fisher_plug_control,n_sloppy_fisher_plug,margin_snr_fisher_plug,margin_true,margin_sd_true,margin_snr_true,peak_count,margin_npe,margin_sd_npe,margin_snr_npe
6,2.0,0.009827704,2000,0.001,0.05,3.0488854020159543e-05,2,2,2,2,0.475,0.0045,0.1993059268646338,0.0,0.0506038583597861,0.0429622174273962,0.456215879208124,0.0503679560577477,0.0382260120734494,0.4902290451756827,5,2932.681166104992,0.01,0.0219764704750284,0.0243877388790564,0.5733141326146145,0.9953382546374004,,7.652816731030042,44.71000709869026,2.7474163984539053,803.4366033791216,30.128872626717055,1.0,1.0,1.0,12,0.0163029059484453,0.2861369327093809,0.0224463577683601,0.0061434518199148,1.3620374749989022,0.2209284797998114,0.3089817220322804,0.1565002987525446,0.1602070302088431,-0.0199995483705785,5.849825377845926,2072.7530037705205,1.7664118108573794,1.6462334836705987,11.645761139309576,0.0308167674169204,2.4322865699839302,125.2263430408929,0.8888317902147546,1.3317336879303308,8.16394471750955,-0.1337190633605065,0.0037118275830785,8.165393467201852e+33,-5.5962309136610395,15.37517658172702,44.71000709869026,0.0498347924260624,0.2953263153368886,8.141142155348021,-1.2196743802951553,1.8735150901505189,4.419206478473304,-0.9479816322782576,1.5070832578594988e-05,0.0013530410745333,-11.102749299433572,2.1056456029974218,7.722904079337583,0.3346241719534788,0.0383704778770849,0.0399123160453177,0.0506038583597861,0.0306710172506034,0.033639062911997,0.0503679560577477,0.0506038583597861,0.0503679560577477,5,0.0506038583597861,0.0503679560577477,5,0.0398270710126305,0.0401585970468118,4,0.0398270710126305,0.0401585970468118,4,0.0398270710126305,0.0401585970468118,4,0.0398270710126305,0.0401585970468118,4,0.0398270710126305,0.0401585970468118,4,0.05,10.0,0,0.169075634969117,0.0004259901445097,0.2279238268144371,0.0006178131013056,2,0.203934799098024,0.0004597492535571,0.248260290226358,0.000585359067234,3,0.7402182560091258,0.0170616520230855,0.0227607041362331,0.7496100261645602,50.724590623849735,0.016302905948445322,0.07150238572390043,0.22800506281563
10,2.0,0.009827704,2000,0.0005,0.05,3.0488854020159543e-05,2,2,2,2,0.3785,0.021,0.1666403903481255,0.0,0.1123907779414622,0.1124819092362498,0.531084148104719,0.1102965033831107,0.1096245610447702,0.5665155789109856,4,735.8630080062239,0.01,0.0156871255461606,0.0169270526859185,2.262425626117888,0.9813661352229244,,7.320252730215047,44.710177812194885,2.860242355993456,4793375611.851293,61850007.89485539,1.0,1.0,1.0,12,0.0653527381228434,0.4061535703593423,0.0714746948349117,0.0061219567120682,1.363010984047843,0.1957262463711536,0.3096962114110827,0.1362513244227515,0.142237044466668,-0.0282156866364508,5.172979666562947,158816.04991101223,1.6434488603279669,1.6427349673402374,26.85165794692685,0.105734977560541,4.037286653036536,91.03213522030563,1.3955728457994414,1.3402128246124134,6.268502277736101,-0.5109779763362674,2.5283144385270916e-05,1.931208810774801e+67,-10.585372614091703,30.276731104798262,44.710177812194885,0.190091870023015,0.1512126429390947,6.312785840224231,-1.889068201410383,2.084126114915328,4.016963050940962,-0.5309966917182305,1.235855028942114e-05,0.0014902017776678,-11.301162403313706,2.2787338289020087,7.453246874021823,0.3962784107373082,0.0981900352052621,0.1268649145620251,0.1123907779414622,0.1127731947297746,0.1058039850214253,0.1102965033831107,0.1291625702756823,0.12676673507093,5,0.1123907779414622,0.1102965033831107,4,0.1123907779414622,0.1102965033831107,4,0.1123907779414622,0.1102965033831107,4,0.1123907779414622,0.1102965033831107,4,0.1123907779414622,0.1102965033831107,4,0.1123907779414622,0.1102965033831107,4,0.05,10.0,1,0.4701740098866608,0.0009633694701933,0.516974824862464,0.0012978969136822,3,0.4646704572218659,0.001554189105527,0.501070869634876,0.0014103884074691,3,0.9574426955774124,0.0170616520230855,0.0177266198279991,0.9624876140310018,375.1891781513973,0.06535273812284348,0.24002823011071217,0.27227104950405107
6,10.0,0.009827704,2000,0.0025,0.05,3.0488854020159543e-05,2,2,2,2,0.439,0.0115,0.1121041952872869,0.0,0.0472959414232933,0.0520510917866586,0.3946119611247223,0.0446345256059303,0.1074798471999173,0.434674602810403,5,2781.7934774408086,0.01,0.0186378162944128,0.0200826161736399,1.5175181678130094,0.9437284524364636,,7.596694883964099,44.71017706606446,2.707264726953689,663565710501985.0,29491809355643.777,1.0,1.0,1.0,12,0.0450757606329572,0.4038108138868237,0.0512320280560228,0.0061562674230656,1.389480330859739,0.2436976109154481,0.3289298145476858,0.1687959834099186,0.1728767079205785,-0.1367214275133085,6.002639184418774,119658.24962943132,1.7921992365860098,1.5740412025940451,40.37294513708863,0.0158472145522523,2.805737775849399,182.92483711024477,1.0316665260837086,1.3817297572768406,9.517756596004483,-0.2322544734775756,0.0052762517906004,2.540809799753619e+36,-5.244539321497717,14.198356314212402,44.71017706606446,0.0291954316490961,0.2356046854733637,10.411212537423555,-1.445599939994292,2.0078979936590247,5.313580882358773,-0.7720174722296863,1.1240350346415704e-05,0.0111086756632234,-11.396000544374552,2.2237736570161686,27.28668974667816,0.4487197508267909,0.0575056642212599,0.0513516697154226,0.0472959414232933,0.2427604708736867,0.0350445451201348,0.0446345256059303,0.0472959414232933,0.0446345256059303,5,0.0472959414232933,0.0446345256059303,5,0.0353261556858449,0.0327088418896287,4,0.0353261556858449,0.0327088418896287,4,0.0353261556858449,0.0327088418896287,4,0.0353261556858449,0.0327088418896287,4,0.0353261556858449,0.0327088418896287,4,0.05,10.0,2,0.169075634969117,0.0004259901445097,0.2279238268144371,0.0006178131013056,2,0.1659305359611498,0.0003575988891631,0.193208771029347,0.0003708238752181,3,0.8249077693163844,0.0170616520230855,0.0227607041362331,0.7496100261645602,50.724590623849735,0.045075760632957255,0.18719780502578617,0.2407921429781089
10,10.0,0.009827704,2000,0.0,0.05,3.0488854020159543e-05,2,2,2,2,0.3845,0.026,0.1646733351203713,0.0,0.1537347759818501,0.15520267824081,0.6057974875204216,0.1509857632705872,0.1517366360692953,0.6363766009099697,4,641.6120427580859,0.01,0.014479991261268,0.0155929424494689,2.813058287119615,0.98211847193515,,7.49705826398578,43.90492523087939,2.9427843176385013,461175608558.8528,6108286206.077521,1.0,1.0,1.0,12,0.081808736248598,0.4176934112220314,0.0878831330791363,0.0060743968305382,1.3693765656687318,0.1987052343578694,0.3143555747124312,0.1373711612728967,0.1437064744519633,-0.0619037350799486,5.093332345678747,9706010.93817431,1.6279323011590052,1.7577131793556182,43.90492523087939,0.1076461770332535,4.545523714669508,54.701528673233085,1.5141429497412864,1.3316277386663558,3.913505862849356,-0.6033137622432038,8.827443158418967e-06,4.89647546654565e+60,-11.637645148312837,34.2470796366968,39.94322345323883,0.1987799555563164,0.1534652198566571,13.95748021466022,-1.8742813183665683,2.088799643418619,6.305741856147374,-0.5368877569090387,8.879946855477717e-06,0.0009858480235276,-11.631714985721604,2.3225735714084452,7.482274484273607,0.5311201409522948,0.1312748948864641,0.1805983638541157,0.1537347759818501,0.1502458260270863,0.1539783189102123,0.1509857632705872,0.1689321006238599,0.1659302911720734,5,0.1537347759818501,0.1509857632705872,4,0.1537347759818501,0.1509857632705872,4,0.1537347759818501,0.1509857632705872,4,0.1537347759818501,0.1509857632705872,4,0.1537347759818501,0.1509857632705872,4,0.1537347759818501,0.1509857632705872,4,0.05,10.0,3,0.4701740098866608,0.0009633694701933,0.516974824862464,0.0012978969136822,3,0.4624855449818375,0.0016769659227002,0.4931616511816235,0.0014916074476249,3,0.972926894472002,0.0170616520230855,0.0177266198279991,0.9624876140310018,375.1891781513973,0.08180873624859804,0.33091142497636816,0.2472224591654409
6,50.0,0.009827704,2000,0.0025,0.05,3.0488854020159543e-05,2,2,2,2,0.38,0.0195,0.0957689975032562,0.0,0.0488661029432104,0.0509631450600817,0.3843354567171258,0.0452888359911254,0.0451099678068311,0.4288940113359609,5,2622.4253608173044,0.01,0.0170395697658583,0.0183408394271917,3.205513355437773,0.9267945111923028,,7.567978869371127,44.71017781221642,2.7019964183594016,204158443.7878388,9422697.40559256,1.0,1.0,1.0,12,0.1164116050412498,0.475939680832121,0.1226965654484346,0.0062849604071848,1.4408794010635857,0.2649237224029135,0.3652536223725359,0.1743636821382385,0.1810310583792946,-0.3406778000253069,5.623253978538003,125411.92816310254,1.726910496089782,1.4756165432568895,37.26357032221269,0.0611492935343924,2.9508508820566526,107.91899811737498,1.082093563357943,1.3212127917055825,7.808847039413632,-0.2810599147011698,0.0045535864886607,3.533704823921501e+56,-5.391840117250603,14.568732685177666,44.71017781221642,0.0385639539961903,0.2177376696078841,6.051410569441411,-1.5244642912230806,2.0435705839740916,3.478578893567392,-0.7199496772309985,8.419321610208317e-06,0.0020082882401486,-11.684981301814751,2.2820144138552183,12.054489758004348,0.5639017487789275,0.0277937147662656,0.076229617470769,0.0488661029432104,0.0456290186025935,0.0444120488267744,0.0452888359911254,0.0488661029432104,0.0452888359911254,5,0.0488661029432104,0.0452888359911254,5,0.0367844955551157,0.0331036392498891,4,0.0367844955551157,0.0331036392498891,4,0.0367844955551157,0.0331036392498891,4,0.0367844955551157,0.0331036392498891,4,0.0367844955551157,0.0331036392498891,4,0.05,10.0,4,0.169075634969117,0.0004259901445097,0.2279238268144371,0.0006178131013056,2,0.1345558487213422,0.000261005796941,0.1585108510891351,0.000264071358982,3,1.029617763609051,0.0170616520230855,0.0227607041362331,0.7496100261645602,50.724590623849735,0.1164116050412498,0.39964218693413767,0.2912895806478879
10,50.0,0.009827704,2000,0.0005,0.05,3.0488854020159543e-05,2,2,2,2,0.3535,0.0295,0.1398907444071784,0.0,0.0937141447711676,0.0965252295089112,0.603305702656275,0.0907948893789054,0.0917351615089753,0.6374447051244939,4,900.1227839943958,0.01,0.0148066933039361,0.0160007420666562,3.006042249702582,0.9688493620745248,,7.351522272815455,44.71017776214947,2.605066379143639,53.202454926498135,0.5390319648074785,1.0,1.0,1.0,12,0.0946114496421145,0.426368942479694,0.1007389036174329,0.0061274539753184,1.3790431317938558,0.1929461466626997,0.3213898759100339,0.1325031484923822,0.1386562193346076,-0.1172658110351111,5.013451710328854,162347.6618307868,1.6121246420074322,1.6956861321611727,26.988111774743963,0.1209060800472973,4.304626679150971,134.6801270486196,1.4596904161522195,1.2806828456681525,7.518709714517752,-0.5847949083306493,2.7134210166861493e-06,8.079852754713789e+55,-12.81730035140808,33.38991821683914,44.71017776214947,0.2392125706730042,0.1589531444776199,8.593414034332035,-1.8391458090111883,2.0616301478673433,4.994908264275964,-0.561005797154856,1.0348633760601051e-05,0.001681163885249,-11.478656050772829,2.298330886892864,10.01688811112048,0.4701266792487386,0.0740363054690329,0.1218252382865332,0.0937141447711676,0.0899991960895507,0.0944113990584697,0.0907948893789054,0.1078684585192916,0.1046917101461195,5,0.0937141447711676,0.0907948893789054,4,0.0937141447711676,0.0907948893789054,4,0.0937141447711676,0.0907948893789054,4,0.0937141447711676,0.0907948893789054,4,0.0937141447711676,0.0907948893789054,4,0.0937141447711676,0.0907948893789054,4,0.05,10.0,5,0.4701740098866608,0.0009633694701933,0.516974824862464,0.0012978969136822,3,0.4594964053299438,0.0016062998238083,0.494242102003899,0.0014282538226389,3,1.047077234157041,0.0170616520230855,0.0177266198279991,0.9624876140310018,375.1891781513973,0.09461144964211451,0.34906688482355297,0.2710410347000945
6,2.0,0.009827704,2000,0.0,0.05,2.9719175964482593e-06,0,0,2,1,0.4805,0.996,1.0632888660155209,0.0,0.0232530301901151,0.0272865849656058,0.3891429969299174,0.0147232110659069,0.0247298026043953,0.8143082116582936,5,1193.0425986140494,0.01,0.0155716335031621,0.0004746313934444,0.0169675242017765,0.6331738679015603,,11.161477061247442,44.7022250811207,3.442594536289239,610.179977197396,915.269965796094,1.0,1.0,1.0,1,0.0015907832373605,0.0013745961210119,0.0029653793583725,0.0059005642391707,1.1032742695997,0.345051840581371,0.0982823672031045,0.283563048920436,0.3001290488412958,0.1512135781686663,27.208026665467628,6232833898448444.0,3.303512027764236,5.100017337951122,44.663093906956256,-0.3101088077111744,3.282412177375765,1152186951121.5557,1.1885785720389592,4.091794098051786,41.90774036632129,-0.1119878544307515,0.0466924761571205,3.4103452673747864e+16,-3.0641722374128135,7.052109398464149,44.7022250811207,-0.1788261749970363,0.2025834149616131,25.88210451702809,-1.5966035515172965,2.6239706536937266,5.9773368553832045,-0.5332105067818348,1.1622561776681426e-06,0.0043608021750889,-13.665147461123642,2.8519534636914528,22.367633979967824,0.3291934160043427,0.0232530301901151,0.0233606420668527,0.0352460826398496,0.032548421299393,0.0269177754478859,0.0147232110659069,0.0232530301901151,0.0147232110659069,5,0.0232530301901151,0.0147232110659069,5,0.0149420901485964,0.0020405098418741,4,0.0149420901485964,0.0020405098418741,4,0.0149182317883259,0.0019541214887527,3,0.0149182317883259,0.0019541214887527,3,0.0149182317883259,0.0019541214887527,3,0.05,10.0,6,0.0527977286480651,0.0004509999132095,0.3948739572178573,0.0919245287158418,4,0.0277069667542687,0.0001411602446363,0.069768283027297,0.0005203971660732,3,2.4200761544867073,0.0015002542561613,0.0007471158475093,2.008061080704828,0.8599509799833049,0.0015907832373605471,0.004836613736188502,0.32890433764805155
10,2.0,0.009827704,2000,0.0,0.05,2.9719175964482593e-06,0,1,2,1,0.9175,0.992,1.1402163326161985,0.0015002542561613,0.2823905961767926,0.2663466987510506,0.3131372888033359,0.285506058878741,0.2655080937902513,0.3733472906661982,5,203.56515224881863,0.01,0.0143880176001817,0.0162103094391034,0.0113748185676641,1.0110324590978872,,9.486199806922354,37.89188491547192,1.7874979725872102,294371.31612001924,226439.47393847632,0.8,1.0,1.0,12,0.0027163782663764,0.0996013126330949,0.0031834374221167,0.0058998156884931,1.2360774944177568,0.2656862959950262,0.2119430548190714,0.1945356755176258,0.2107273059800231,-0.3638515360432077,20.46679357845318,4021565041.87072,3.0188037473673828,3.8903719178096754,31.343856719576312,-0.3333491097970987,3.7249526856821302,791.9112637162156,1.3150541499205533,2.249139155796713,9.66770089658211,-0.2599691611734469,0.0013494999693312,9.181095058896068e+30,-6.608021148232245,11.811824405278546,37.89188491547192,0.1932594900760045,0.146599792634595,20.507300979464553,-1.920048904028574,2.51043535375623,5.798161303711051,-0.42848479165812,4.97385082513315e-07,6.9092729585808e-05,-14.51390129695303,2.2919367897135627,10.506620700870116,0.779950889941778,0.25829827968346,0.2583512203928993,0.2823905961767926,0.2554766994009381,0.255541523091075,0.285506058878741,0.2823905961767926,0.285506058878741,5,0.2823905961767926,0.285506058878741,5,0.2823905961767926,0.285506058878741,5,0.2823884365551543,0.2855051172583902,4,0.2823884365551543,0.2855051172583902,4,0.2823884365551543,0.2855051172583902,4,0.2823884365551543,0.2855051172583902,4,0.05,10.0,7,0.1470068156272469,0.0006437284933372,0.0857834616340267,0.0028957448043567,3,0.1688166209744537,0.0002155339033632,0.1880116028517335,0.0002846630747643,2,7.680926731028189,0.0015002542561613,0.0004991125337079,3.005843682217214,2.0972472009311787,0.002716378266376463,0.001695782984209481,1.6018430964754318
6,10.0,0.009827704,2000,0.0005,0.05,2.9719175964482593e-06,0,0,2,2,0.466,0.0065,0.6887203338527096,0.0,0.0335322826928437,0.0385826115754303,0.3592153320940524,0.0195415183539509,0.017915930680406,0.763239745302666,5,428.8583659508393,0.01,0.0201961447952832,9.201331123174208e-05,0.0031021977803497,0.5827673150960706,,11.36021881512212,44.69269680064844,3.674231437749623,232.6705467760229,698.0116403280687,1.0,1.0,1.0,1,0.0018768693561522,0.0010804750484478,0.0029573444046001,0.0058990132721591,1.088881876850599,0.3471736259278458,0.0851513686925713,0.2877013486814437,0.3055868456082743,0.1946795940683103,32.359981859140724,7.201519414481755e+16,3.476922531594977,5.711850231634916,43.72595753812108,-0.3072508431837422,2.6453599371161296,203786159846.8629,0.9728071381374288,3.574318569811782,44.69269680064844,-0.0678338550904457,0.0382333299242765,39808948465.988014,-3.2640476326794454,6.570214735109308,36.00692129417945,-0.1615208021208925,0.1708216145855966,21.96712643328925,-1.76713545653833,2.687714993617665,5.5654814234018435,-0.4571157358325293,7.458720342200855e-07,0.0007715433977623,-14.108711787354624,2.9694788789753495,11.833470294551962,0.465539135171759,0.0335322826928437,0.0338788103710495,0.0483367416623977,0.018251766826033,0.0159545068612341,0.0195415183539509,0.0335322826928437,0.0195415183539509,5,0.0335322826928437,0.0195415183539509,5,0.0239266981726831,0.0053518690402053,4,0.0239115875971844,0.0052196183785542,3,0.0235474627942302,0.0050905595218187,2,0.0235474627942302,0.0050905595218187,2,0.0235474627942302,0.0050905595218187,2,0.05,10.0,8,0.0527977286480651,0.0004509999132095,0.3948739572178573,0.0919245287158418,4,0.0979954267770308,0.0039761648524225,0.2535449180693249,0.0196316948392571,4,11.754065787879808,0.0015002542561613,0.0007471158475093,2.008061080704828,0.8599509799833049,0.0018768693561522734,0.0008710395574939789,2.1547464061817276
10,10.0,0.009827704,2000,0.0,0.05,2.9719175964482593e-06,0,0,2,2,0.3395,0.0015,0.0,0.0,0.026367568354329,0.0312588590387712,0.486479296943318,0.0166673808532194,0.021663408992729,0.8722171476143402,5,456.22541411673734,0.01,0.0333883695960089,3.2859327624463886e-05,0.0007038285775796,0.632116721164504,,9.755907062085182,44.24227115608199,5.010887615893553,63897657.26423088,319488286.32115436,1.0,1.0,1.0,1,0.0019322976049749,0.0010255643113557,0.0029578619163307,0.0058996166707764,1.070518303115268,0.2557151883341597,0.0681429266270483,0.2154596662492024,0.2331500869381501,0.3388941657195303,22.915908619114024,13927885451.900455,3.1318313688928066,4.727701470778754,33.5848673160895,-0.2982167224011869,1.7060822078855586,19973.091513802025,0.534199635414696,2.6768143375143514,37.58018653069829,0.0732765407230936,0.0280238101325039,903134544.0863122,-3.5747007682846106,4.288979218902088,44.24227115608199,-0.1750004325524181,0.1247581350430547,18.74651839099307,-2.0813783357106685,2.164556231393613,10.701433401280092,-0.4224209676708796,1.0018021491281791e-06,1.5906341974769113e-05,-13.813710030758497,1.9136526138525911,3.4724469409506757,0.5682362957421407,0.026367568354329,0.0273802567509039,0.0400287520110807,0.0298553362825556,0.018467509842412,0.0166673808532194,0.026367568354329,0.0166673808532194,5,0.026367568354329,0.0166673808532194,5,0.0212856458822291,0.0022816802831462,4,0.0208085631398634,0.0021658720122558,2,0.0208085631398634,0.0021658720122558,2,0.0208085631398634,0.0021658720122558,2,0.0208085631398634,0.0021658720122558,2,0.05,10.0,9,0.1470068156272469,0.0006437284933372,0.0857834616340267,0.0028957448043567,3,0.1858117368579601,0.0018736579376842,0.3706565072404818,0.041028073752015,4,54.06290755475429,0.0015002542561613,0.0004991125337079,3.005843682217214,2.0972472009311787,0.0019322976049749457,0.00013389380190487903,14.431568731969314
6,50.0,0.009827704,2000,0.0,0.05,2.9719175964482593e-06,0,0,2,2,0.4955,0.001,0.2492637732117557,0.0,0.0388945217679887,0.0439943253826003,0.41906488312112,0.0228367767349828,0.0148269689149685,0.3086476138967105,4,102.67421403658985,0.01,0.0471922244420173,5.670808420194212e-06,7.766707249007456e-05,0.5871463562711312,,11.999738775806486,44.66630934035641,9.499509607954655,2.551911091995526e+25,1.5311466551973155e+26,1.0,1.0,1.0,1,0.0019603569989311,0.0009917659941689,0.0029521229931,0.0058983580629151,0.9658737458552682,0.3643200395636902,-0.0347221511837233,0.3298434087786344,0.3565537757207149,0.5332321246065671,34.693343917450775,2.1727205746839375e+21,3.546547850612499,6.651310086961553,43.96395826217864,-0.2743213133910758,2.298588471275207,1716859035573854.2,0.8322952263979643,4.840793416428946,44.66630934035641,-0.0210601625399342,0.1067370004609968,15441883520846.896,-2.2373874098296596,6.107916144135572,44.52104915690944,-0.3418328817391841,0.1762059588363033,24.56223332113203,-1.7361017474576637,2.6267335936034395,6.915916413552516,-0.4795425501709614,8.314663687542999e-07,0.0017774919966648,-14.0000749856085,2.7341690073692013,17.864042183936782,0.4658716502344085,0.0388945217679887,0.0408744545843389,0.0522139997954733,0.0060362891471127,0.01560784086281,0.0228367767349828,0.0578574223557502,0.0549778860376774,5,0.0388945217679887,0.0228367767349828,4,0.0388945217679887,0.0228367767349828,4,0.0355409741602851,0.0183881150539418,2,0.0355409741602851,0.0183881150539418,2,0.0355409741602851,0.0183881150539418,2,0.0355409741602851,0.0183881150539418,2,0.05,10.0,10,0.0527977286480651,0.0004509999132095,0.3948739572178573,0.0919245287158418,4,0.2890058793589833,0.0022649684985529,0.1344652065609438,0.0086511137937614,4,336.41420207207693,0.0015002542561613,0.0007471158475093,2.008061080704828,0.8599509799833049,0.0019603569989311313,2.7923512392279556e-05,70.20452768947295
10,50.0,0.009827704,2000,0.0,0.05,2.9719175964482593e-06,0,0,2,2,0.387,0.002,1.2214066074412766,0.0,0.0083260061387031,0.0125213216969082,0.4764761982147744,0.0078654131528987,0.0347173023205546,0.875386673305786,5,3309.0949123158302,0.01,0.0183917915015856,0.0002935571217728,0.0103115869136978,0.9446802010313954,,9.730842180657884,44.71017560769329,2.599793751453802,2.200788080844763e+78,5.501970202111906e+78,1.0,1.0,1.0,1,0.0016968352562401,0.0012655542495072,0.0029623895057474,0.0058992612240234,1.1286978960361322,0.2668192228213865,0.1210646639182859,0.2157637823386554,0.2307559938213994,0.0931402218234748,22.20273047918656,336464343819.6693,3.1002152758729764,4.336249587493718,44.40018527081825,-0.3178469127012808,2.6004697876887652,268.0311991114844,0.955692116278005,2.4846023922132177,4.739767481353761,-0.0906965181867777,0.0114605835381557,484254725620704.56,-4.468841649432065,6.168279541595413,44.71017560769329,0.0232751550352277,0.136750092800118,13.11297088874189,-1.9896001590688104,2.2890928959043144,6.1178015606213885,-0.4395331077586976,7.011247545581576e-07,2.6677505409672957e-05,-14.170579999186565,2.137938341857313,5.440772011748651,0.675546536017605,0.0083260061387031,0.0084881553247115,0.02074980362731,0.0537389581992515,0.0425475356095137,0.0078654131528987,0.0083260061387031,0.0078654131528987,5,0.0083260061387031,0.0078654131528987,5,0.0061529158870116,0.001986411764411,4,0.0061529158870116,0.001986411764411,4,0.0061527420888065,0.001983298414896,3,0.0061527420888065,0.001983298414896,3,0.0061527420888065,0.001983298414896,3,0.05,10.0,11,0.1470068156272469,0.0006437284933372,0.0857834616340267,0.0028957448043567,3,0.3407150072487846,0.0037368361780277,0.4958021072572677,0.0488661883590351,4,5.6781460703393165,0.0015002542561613,0.0004991125337079,3.005843682217214,2.0972472009311787,0.001696835256240152,0.001904074740389129,0.8911600055643697
6,2.0,0.009827704,2000,0.0,0.05,2.2218197570699675e-05,1,0,2,2,0.48,0.002,0.0,0.0023786170991609,0.0405495676722172,0.0454930183321932,0.5566719616940962,0.0226321540612177,0.3421053353541186,0.5556030024562238,4,368.9260058285408,0.01,0.0577840319555324,3.870835003382388e-05,0.0003405518956978,0.5581355205600439,,11.45776075165156,44.70886432707912,9.187266743898228,4.990434082705142e+68,2.994260449623085e+68,0.6666666666666666,1.0,1.0,1,0.0019377018562298,0.0010362726887759,0.0029739745450058,0.00590891532533,0.9453012975857552,0.2600545838796632,-0.0562515688808896,0.2547695759790213,0.266147468515096,1.0351831317823126,19.643345390159887,7343348556877469.0,2.9777386239687234,5.9330330621410745,44.582475520618885,-0.2910848989304379,1.8097524531029876,6870222458874.373,0.5931900696829359,5.449795400008709,29.827619696841467,-0.0240150623299203,0.0753389757248391,8.895721147269029e+24,-2.585757672180462,9.390468588158386,44.70886432707912,-0.1662956744483757,0.2954124069517884,18.16647036130516,-1.2193829092530142,2.172595633525095,7.199470580262692,-0.8176161900034762,6.284834739693099e-06,0.0007502828093192,-11.977371010668229,2.4783313968707357,5.88858052999463,0.509525125570141,0.0405495676722172,0.0429132197893771,0.0530162675349853,0.9932731885222974,0.0104106634788406,0.0226321540612177,0.0689665566786149,0.0719898730429518,5,0.0405495676722172,0.0226321540612177,4,0.0405495676722172,0.0226321540612177,4,0.0327052349216924,0.0177169953317858,2,0.0286843185746705,0.0168583229846699,1,0.0286843185746705,0.0168583229846699,1,0.0286843185746705,0.0168583229846699,1,0.05,10.0,12,0.2779902141088547,0.001510133644269,0.0466865905543956,0.0008360559486355,2,0.4683952237013561,0.0034923684331288,0.155390687631359,0.0743646224765686,3,83.5846552732761,0.0022224323063118,0.0007110968596889,3.125358066246998,5.364382271692585,0.0019377018562298659,0.00010613356581088989,18.257201116586312
10,2.0,0.009827704,2000,0.0005,0.05,2.2218197570699675e-05,1,1,2,2,0.885,0.0015,0.4825120673199448,0.0,0.1834861771147813,0.1564592725090833,0.637017754210893,0.0559472578786311,0.5321017721363694,0.9903442215360118,4,545.8599867868306,0.01,0.0317143278004545,0.0148874472730436,0.0135230998616619,0.3049126575002587,,8.42551016102383,44.710177760373064,3.4118798406119613,8607186.690176634,1564943.03457757,0.9,1.0,1.0,12,0.0023391144442684,0.0124339338137453,0.0036180024838907,0.0059571169281591,1.2202861585592517,0.1818723926616856,0.1990853874372693,0.1423503256669778,0.1475069657481394,0.0589827328270298,14.359102983526617,7039523841.59945,2.6643840953407456,3.5959087820616737,43.94682196699932,-0.3931306065572098,1.8224259995402643,193.61889690217535,0.6001685802575338,2.0477030799493816,7.080227527483967,-0.0673221074583371,0.0022545489673565,2.759442355592531e+31,-6.094805340509107,13.143299611928004,44.710177760373064,0.1481708108751609,0.1412323768082585,13.529542325936594,-1.957348682698738,2.181273363166001,7.212421244597318,-0.4760446849028106,1.0415438561858942e-05,0.0035038126591625,-11.472221375462038,2.243423460511551,18.181672005458857,0.3377081921110151,0.142184372076082,0.1437072683363865,0.1834861771147813,0.680560079224628,0.8597979793058492,0.0559472578786311,0.1911862422515196,0.1196048949714904,5,0.1834861771147813,0.0559472578786311,4,0.1834861771147813,0.0559472578786311,4,0.1834861771147813,0.0559472578786311,4,0.1834861771147813,0.0559472578786311,4,0.1834861771147813,0.0559472578786311,4,0.1834861771147813,0.0559472578786311,4,0.05,10.0,13,0.5605864097516368,0.0018816298404325,0.0387823107324819,0.0004282036393103,2,0.5085049350852022,0.0011506749344147,0.1310896135075819,0.0045776587398766,3,4.411544691029134,0.0022224323063118,0.0005565570992843,3.99317933266749,13.97665508980809,0.002339114444268409,0.0019852291914477524,1.1782591422416984
6,10.0,0.009827704,2000,0.0,0.05,2.2218197570699675e-05,1,1,2,1,0.9195,0.9975,0.051924559086405,0.0,0.0394779400491,0.0306926872314951,0.3938018778452722,0.4832520252823926,0.1830030550376254,0.994534846051912,5,1577.8776650941409,0.01,0.0230523085534835,0.0816037356993457,0.0101993422633924,12.241064875253253,,9.811356091924178,44.70950581870874,2.7724633993422616,3213.000489378732,963.9001468136196,1.0,1.0,1.0,12,0.002614760176835,0.0257173229965236,0.0033064459008773,0.0059212060777124,1.1940764656639489,0.2778898440407344,0.1773730545144321,0.2187965548772162,0.2271216547934026,0.137609772541389,11.57878529535807,1381595558.0034952,2.4491745698688834,3.3108373421767268,40.78145916422711,-0.3619786027774209,3.1569597320997196,4846182.441920832,1.1496094543788025,2.8091179236473196,41.26348986544871,-0.2446663257269073,0.0214781838064052,4.584668753706104e+23,-3.840717565690692,10.648248878088353,44.70950581870874,-0.028796698617257,0.223588136534845,8.483635549789136,-1.4979495957507634,2.2411236422779273,3.812444452079629,-0.668317735598402,4.829380009605593e-06,0.0025859540482978,-12.24079246093945,2.527377725803887,11.889249782859071,0.6038644524259886,0.0262601742756615,0.0263399473697239,0.0394779400491,0.032649973519801,0.0331071663106824,0.4832520252823926,0.0394779400491,0.4832520252823926,5,0.0394779400491,0.4832520252823926,5,0.0279743833462171,0.4779682150471713,4,0.0279743833462171,0.4779682150471713,4,0.0279743833462171,0.4779682150471713,4,0.0279743833462171,0.4779682150471713,4,0.0279743833462171,0.4779682150471713,4,0.05,10.0,14,0.2779902141088547,0.001510133644269,0.0466865905543956,0.0008360559486355,2,0.2143272818254413,0.000450005755655,0.2091098163141072,0.0101248788276642,2,6.437095333052041,0.0022224323063118,0.0007110968596889,3.125358066246998,5.364382271692585,0.0026147601768350126,0.002002769480620832,1.3055722099502294
10,10.0,0.009827704,2000,0.001,0.05,2.2218197570699675e-05,1,2,2,2,0.5755,0.0015,0.3798896964296216,0.0022224323063118,0.9895258972531484,0.989439661760927,0.3156058023985034,0.9896428634454524,0.9897607285759386,0.3542462148964185,4,31.176497929631836,0.01,0.016816926766877,0.0184397471783171,0.2126612286760446,1.0001182042760364,,8.349999015717001,44.70484699703905,2.4450617351600537,5.162148126209965e+55,6.219455573746944e+54,1.0,1.0,1.0,12,0.0022734391697043,0.2472250102538379,0.0082225882725266,0.0059491491028222,1.281503394770939,0.2021250711779648,0.2480339158789086,0.1492002718025867,0.1559331225832639,-0.2717978776113744,10.72340440335777,215520612.1604712,2.372428680166499,2.9726012870554523,35.05330319901055,-0.3773484154523721,3.1802967840752263,381.6046839312286,1.156974520762811,1.8576109545552784,11.308153243326004,-0.3739543124425118,0.0004559227233475,1.758086896784489e+35,-7.693187229154019,18.810317715426493,44.70484699703905,0.1885048037658345,0.112547179034771,9.009330622234575,-2.1843827760503824,2.308852757496927,5.158156226004083,-0.3514080726322316,6.065294899282048e-06,0.0041187683886336,-12.012927393620558,2.3308359217808867,21.639237370377938,0.5570226917368423,0.9893902645265176,0.9894028235031148,0.9895258972531484,0.989822528605938,0.9898167936764254,0.9896428634454524,0.9931942138706,0.9930995755773876,5,0.9895258972531484,0.9896428634454524,4,0.9895258972531484,0.9896428634454524,4,0.9895258972531484,0.9896428634454524,4,0.9895258972531484,0.9896428634454524,4,0.9895258972531484,0.9896428634454524,4,0.9895258972531484,0.9896428634454524,4,0.05,10.0,15,0.5605864097516368,0.0018816298404325,0.0387823107324819,0.0004282036393103,2,0.3448959612373255,0.0008365153575743,0.3833531283231574,0.0008953073765406,3,0.3519319281065594,0.0022224323063118,0.0005565570992843,3.99317933266749,13.97665508980809,0.002273439169704387,0.02294378343805427,0.09908737047847521
6,50.0,0.009827704,2000,0.001,0.05,2.2218197570699675e-05,1,1,2,1,0.9175,0.998,0.1808414624002113,0.0,0.0408645004395367,0.0325283961569262,0.2939819602282204,0.0927579479217786,0.0509700457085491,0.8800451326356942,5,1335.3827835227476,0.01,0.0214168655477523,0.0363327942432455,0.0175694683515443,2.26989066118705,,9.763809396342529,44.71017699576909,2.9694286424089196,6.515440365665928e+135,2.0575074838945036e+135,1.0,1.0,1.0,12,0.0024137051094702,0.0447161767970308,0.0035116187546589,0.0059253238641292,1.2093189417972323,0.2732207009382297,0.1900573431257942,0.2116987450255791,0.2208163060056014,0.0823068437936453,11.114509513702917,25570492186184.793,2.408251418120652,3.163897591810858,44.70416344327753,-0.3658554329926012,3.1814694837618576,55585170.199079014,1.1573431918678287,2.755544140341481,43.92903036209703,-0.2522297822147328,0.0226853305841203,2.5246291876723768e+29,-3.786036793165674,11.242366094840168,44.71017699576909,-0.0321387137921707,0.1950365649622893,16.010773700445153,-1.6345682253695608,2.237959655021219,5.894400102930093,-0.6082165266609886,5.2064043489208315e-06,0.004199196722914,-12.165621084619175,2.467004902964163,18.61029488552028,0.5881715874996828,0.0283224957020607,0.0283981923291811,0.0408645004395367,0.0299731913113736,0.0301789978924952,0.0927579479217786,0.0408645004395367,0.0927579479217786,5,0.0408645004395367,0.0927579479217786,5,0.0275551085766302,0.0869310542917796,4,0.0275551085766302,0.0869310542917796,4,0.0275551085766302,0.0869310542917796,4,0.0275551085766302,0.0869310542917796,4,0.0275551085766302,0.0869310542917796,4,0.05,10.0,16,0.2779902141088547,0.001510133644269,0.0466865905543956,0.0008360559486355,2,0.1877361505883668,0.0003785617659507,0.2309342648359519,0.0015450418816954,2,3.519873811724607,0.0022224323063118,0.0007110968596889,3.125358066246998,5.364382271692585,0.002413705109470294,0.0032288690798892147,0.7475388595046752
10,50.0,0.009827704,2000,0.001,0.05,2.2218197570699675e-05,1,1,2,2,0.8335,0.0015,0.3932264748236838,0.0,0.9847862596130176,0.9846866049765692,0.3489237590321972,0.984827224622268,0.9847791857312947,0.386906486346301,4,33.87586521183036,0.01,0.0187728143198294,0.021481309492997,0.1023036237963487,1.0000415978684214,,8.495252934076678,44.592087769047794,2.339054362946044,inf,inf,1.0,1.0,1.0,12,0.0001846164084513,0.1605367091512878,0.005757601307316,0.0059422177157674,1.2733485381182337,0.2071488937911151,0.2416500748096316,0.1543407599454359,0.1607080890234081,-0.221383360803626,11.903711079213318,1143748617.0835466,2.476850206896774,3.123314306826467,41.487451204737305,-0.3925726941705634,2.7995781258760593,2036.2327751432667,1.0294687364994155,1.951192998779755,19.647223487581925,-0.2906713192327423,0.000486071649418,3.583043966238421e+35,-7.629154518144005,17.84500716125426,44.592087769047794,0.1951135411292676,0.1199203080498824,10.979214244764968,-2.120927856396211,2.312766890033198,5.3754601110513205,-0.3782501474436201,5.596919048113034e-06,0.0004902566276922,-12.093294281602022,2.281709062101206,7.270796068480373,0.6042380293038538,0.9846339697873822,0.9846395855293082,0.9847862596130176,0.9847528483703144,0.9847574842013022,0.984827224622268,0.9879439518413208,0.9875649831804648,5,0.9847862596130176,0.984827224622268,4,0.9847862596130176,0.984827224622268,4,0.9847862596130176,0.984827224622268,4,0.9847862596130176,0.984827224622268,4,0.9847862596130176,0.984827224622268,4,0.9847862596130176,0.984827224622268,4,0.05,10.0,17,0.5605864097516368,0.0018816298404325,0.0387823107324819,0.0004282036393103,2,0.3434918714362138,0.0007408356709179,0.3727307783810547,0.0009797681103106,3,0.0575186402866176,0.0022224323063118,0.0005565570992843,3.99317933266749,13.97665508980809,0.0001846164084513876,0.01216356352524505,0.01517782252447835
6,2.0,0.009827704,2000,0.0005,0.05,1.1875616199322276e-06,0,1,2,1,0.906,0.98,0.9190973142259268,0.0004675336371112,0.0203456446707378,0.0141777037168256,0.3467556962392704,0.0200436814935979,0.0131361927602156,0.3558346094257718,5,1170.9886893251817,0.01,0.0128281518843993,0.0137875463294908,0.0280727828517059,0.9851583382081672,,10.600929683785818,44.61089656201226,1.9993237959166967,180.6300996784217,541.890299035265,1.0,1.0,1.0,12,0.0024371387004373,0.2043227445590699,0.0034628147169384,0.0058999534173757,1.2522396859519525,0.3839551851210768,0.2249336968087748,0.2742504439613163,0.2949212530151426,0.2922264603280907,24.939630949946984,98676407481451.12,3.216458142626246,4.2029449850433735,44.61089656201226,-0.3055900841679637,3.798255303095785,22734197.21502487,1.3345418305352708,2.6681812384353947,42.02581252754765,-0.4262290917377795,0.029901691878821,2766263438082.463,-3.5098402156103887,6.474573713884875,39.03452589470204,-0.2247755074802297,0.0990936667324112,60.07184811844266,-2.3116897475348943,2.8751921080828966,11.752526631296544,-0.2379119378131565,4.6918069695664e-07,0.0003093326742516,-14.572277861344494,2.969952981209235,8.717625901871282,0.3126882665501816,0.0110811644426712,0.0111063020370677,0.0203456446707378,0.0096719128845474,0.0096929839025015,0.0200436814935979,0.0203456446707378,0.0200436814935979,5,0.0203456446707378,0.0200436814935979,5,0.0145873586821436,0.0144068845082739,4,0.0145873586821436,0.0144068845082739,4,0.0142892977843386,0.0141270162046782,2,0.0142892977843386,0.0141270162046782,2,0.0142892977843386,0.0141270162046782,2,0.05,10.0,18,0.154095204973629,0.0155452757406659,0.618408787080676,0.3091119034604643,4,0.0304125853344981,0.0002234062466562,0.0376960639601556,0.000235764666605,3,2.292487239120739,0.0004675336371112,0.0026842490416805,0.1741766989021884,0.5596187433191061,0.002437138700437315,0.006860627310502529,0.35523554773284993
10,2.0,0.009827704,2000,0.001,0.05,1.1875616199322276e-06,0,1,2,1,0.9305,0.9955,0.4166024146001736,0.0004675336371112,0.2401528940244752,0.2194832030138138,0.4647287318834378,0.7091626903351692,0.3863557924178143,0.9951460476417072,5,279.3380232877455,0.01,0.0193185708855644,0.0631439015209306,0.0029817621136583,2.9529633328628333,,9.489163305154271,44.67060259971898,1.9628104364131205,inf,inf,0.9,1.0,1.0,12,0.0028667753916965,0.0161457414253573,0.0030339966304636,0.0059007720221601,1.2006611679413086,0.2584072109826099,0.1828723783483286,0.1974557539535291,0.2109067081725586,0.6188958918433428,23.03134645544696,6017920028.913662,3.1368561774056745,4.045466702277067,33.49260503995301,-0.2978089884744379,3.227250835421983,1897.7742960741612,1.1716306402696208,2.299688848342598,14.887405573769277,-0.4236856983007374,0.0016849534314119,8.04050495336465e+16,-6.386017352703955,9.360463744248143,44.67060259971898,0.1517928580953083,0.1251262944975227,10.352373691520546,-2.078431695765721,2.3847029494209124,5.257702744675011,-0.3846603108412398,7.877784649786715e-07,8.232284051206658e-05,-14.054048922428482,2.224337179266824,7.236500452919877,0.1845226139002609,0.2090992553277803,0.2091974596891859,0.2401528940244752,0.2247662670096833,0.2251384199085904,0.7091626903351692,0.2401528940244752,0.7091626903351692,5,0.2401528940244752,0.7091626903351692,5,0.2401528940244752,0.7091626903351692,5,0.2401278187596613,0.7091557819535178,4,0.2401278187596613,0.7091557819535178,4,0.2401278187596613,0.7091557819535178,4,0.2401278187596613,0.7091557819535178,4,0.05,10.0,19,0.0435200469311359,0.0001915154898853,0.130757924816137,0.0049168371333444,3,0.2499669489130722,0.0004235583489149,0.1575824198667252,0.0071414767498386,3,28.218034225329852,0.0004675336371112,0.0017693180598951,0.2642451053367874,2.304398724151403,0.002866775391696549,0.0004994243690807076,5.7401592096385565
6,10.0,0.009827704,2000,0.0,0.05,1.1875616199322276e-06,0,0,2,2,0.4745,0.0035,0.1481268563505549,0.0,0.0463709410014264,0.0474221960219325,0.3678875919073618,0.0406060427171456,0.0339437980134075,0.4060004587173432,5,225.33722316759113,0.01,0.0339205264154057,1.4001370540078928e-05,0.0002825228489577,0.8756786435689667,,11.776245624837635,44.710176891154035,51.16192690019863,451.0090797382064,1353.0272392146194,1.0,1.0,1.0,1,0.0019519857842132,0.0010023788598327,0.0029543646440459,0.0058990668567097,1.0059412274838233,0.3354176739614253,0.0059236479866457,0.3030652452752793,0.3181967401133069,0.9870920205074192,24.743098716266527,6348751556733671.0,3.208546610384862,6.110254417061643,35.16068013985716,-0.2089056678109944,2.709461458587317,4.614279366468228e+18,0.9967498913749074,4.86450562439162,44.710176891154035,-0.1643465109138863,0.0796098635330071,2.1002288473723057e+27,-2.530617280077226,7.1852114420471835,44.71017611871733,-0.3388276806362358,0.1900566979789678,32.039867884325865,-1.660432840921563,2.6791697994617127,7.4239629642677265,-0.4984004496096927,1.0270071842977809e-06,0.0024408513753402,-13.788861631620918,2.8801302886832816,16.127965275312402,0.0504328641926437,0.0463709410014264,0.0463573100662796,0.0495383369980914,0.0282647587915611,0.0329605925315157,0.0406060427171456,0.0463709410014264,0.0406060427171456,5,0.0463709410014264,0.0406060427171456,5,0.0309486801165222,0.0167888250964109,4,0.0283894974692698,0.0145242603907406,2,0.0283894974692698,0.0145242603907406,2,0.0283894974692698,0.0145242603907406,2,0.0283894974692698,0.0145242603907406,2,0.05,10.0,20,0.154095204973629,0.0155452757406659,0.618408787080676,0.3091119034604643,4,0.1822143347727679,0.0028166236133744,0.0838236640413531,0.0023803050830487,4,116.7681833129466,0.0004675336371112,0.0026842490416805,0.1741766989021884,0.5596187433191061,0.0019519857842132434,8.828647153313971e-05,22.109681702258708
10,10.0,0.009827704,2000,0.0005,0.05,1.1875616199322276e-06,0,0,2,2,0.374,0.002,0.5760397862543775,0.0,0.0105028855093746,0.0154782478533126,0.5683244589397854,0.011154397219094,0.0377425917694815,0.9288020800733002,5,3471.669224215446,0.01,0.0222579907554206,0.0003347379928184,0.0108777095326505,1.062031687305152,,9.619601541049262,44.701324104628185,3.4248761720232066,1.861521530820513e+19,3.1025358847008543e+19,1.0,1.0,1.0,1,0.0016223855481014,0.0013540338042954,0.0029764193523969,0.0059017195410102,1.1407725751172677,0.2468145596050335,0.1317057303444569,0.1982042697911412,0.2119899889692136,0.8747097281467828,22.788174721330083,1487347247445.0876,3.1262417488403833,4.477661555598963,33.912860050547536,-0.2666932065139351,2.065598639148795,794.306201415409,0.7254200822936001,2.4844739545544647,11.249753506081849,-0.212574060855124,0.0085135680528876,1327484698637.3906,-4.766094146609051,6.528873717297349,44.701324104628185,-0.0304909651921362,0.1426010067467136,24.40602505388298,-1.9477047110919845,2.2976807977937894,8.530191908875665,-0.4561240897640405,1.2865072325142173e-06,9.554946291686625e-05,-13.563579583387156,2.1293293629327033,7.314695572856777,-0.0375840534210523,0.0105028855093746,0.0108618108072322,0.0250700472433309,0.0587020102470309,0.0433713678423195,0.011154397219094,0.0105028855093746,0.011154397219094,5,0.0105028855093746,0.011154397219094,5,0.0081146126919605,0.0032397381150435,4,0.0081146126919605,0.0032397381150435,4,0.0081130310791703,0.0032360202033295,3,0.0081130310791703,0.0032360202033295,3,0.0081130310791703,0.0032360202033295,3,0.05,10.0,21,0.0435200469311359,0.0001915154898853,0.130757924816137,0.0049168371333444,3,0.1740397346617441,0.000262490995408,0.0531067798180804,0.0005123171032987,3,4.6424221557732475,0.0004675336371112,0.0017693180598951,0.2642451053367874,2.304398724151403,0.0016223855481014662,0.0021309518288581716,0.7613431360251768
6,50.0,0.009827704,2000,0.0,0.05,1.1875616199322276e-06,0,0,2,2,0.508,0.0055,0.216737421437265,0.0,0.0410658606956095,0.0434864064394192,0.3158857466720985,0.0301506712760782,0.023431279956094,0.4973788564760589,5,159.04242313930067,0.01,0.0240480551579834,1.2564802612839612e-05,0.00035181270378,0.7342028333355177,,11.950212702431994,44.461299500053386,8.80926658462466,51448356688739.98,5.144835668873998e+25,1.0,1.0,1.0,1,0.0019535743858503,0.0009975817385656,0.0029511561244159,0.0058976293656362,1.03862526804289,0.3997663294165893,0.0378979810777276,0.3338534183327641,0.3633766326914888,0.80028820297105,36.6260175160651,1.769464791921715e+17,3.600758848959922,6.051846431569034,32.47951258940942,-0.2757305620581932,3.05804913497731,4320775407.7534,1.1177771750616683,4.359895203263601,41.34844260404532,-0.2111270494959294,0.0771386375667255,64368701326.89485,-2.5621509881842446,5.552217951029769,44.461299500053386,-0.4328026818970761,0.1377497791923671,46.845335231401215,-1.98231643390962,2.9321876397401967,8.968357218075512,-0.3456176630408834,3.780609172338142e-07,0.0009111418701015,-14.788210497607958,3.0174669060005535,18.840888179465367,0.3793254810573599,0.0410658606956095,0.0412687255969175,0.0481246330257304,0.018807372039343,0.021335796552861,0.0301506712760782,0.0410658606956095,0.0301506712760782,5,0.0410658606956095,0.0301506712760782,5,0.0298539861305623,0.0141286957904914,4,0.0281897547358843,0.0132092868623008,2,0.0281897547358843,0.0132092868623008,2,0.0281897547358843,0.0132092868623008,2,0.0281897547358843,0.0132092868623008,2,0.05,10.0,22,0.154095204973629,0.0155452757406659,0.618408787080676,0.3091119034604643,4,0.1777636555309975,0.0023978931394499,0.4170026756111052,0.0106367536794798,5,93.44318626004738,0.0004675336371112,0.0026842490416805,0.1741766989021884,0.5596187433191061,0.0019535743858503404,0.00011242492429355393,17.3767018134639
10,50.0,0.009827704,2000,0.0005,0.05,1.1875616199322276e-06,0,1,2,1,0.9375,0.9925,0.6491488605231334,0.0004675336371112,0.3875653302105359,0.3688019510544353,0.3939646700596754,0.4120348944807897,0.3771784813936924,0.7333156993145697,5,164.57501681894507,0.01,0.0163855430208648,0.0219727950063738,0.0037481233512919,1.063136618172119,,9.63596272603533,44.1508722017324,1.7505490640289023,2.2022126811237395e+137,2.446902979026377e+137,1.0,1.0,1.0,12,0.0028613706730897,0.037281122642558,0.003038325151701,0.0058996958247907,1.204933585974894,0.256509439979377,0.1864244500501783,0.1939563289446038,0.2087458194779907,0.6117484481504492,22.37139420742869,5004459013115.215,3.1077830984338037,4.193605748791706,44.1508722017324,-0.2803561750837058,3.764826585591616,850.9585816596211,1.3257018005872605,2.320706046199459,9.964368993577896,-0.486238417722081,0.0027660285703589,2.773538405464184e+17,-5.890342716668207,10.298844037506411,43.838699613346435,0.0898330827646163,0.1284346122979984,26.22927288597702,-2.0523353578689236,2.5337019114158834,6.447382568415526,-0.372339347195692,5.704602296500033e-07,0.0002407652323739,-14.376822381467742,2.3856450886015637,18.829348031650472,0.3073441112663193,0.359397583087176,0.3594429398655942,0.3875653302105359,0.3597165916493149,0.3597839580509727,0.4120348944807897,0.3875653302105359,0.4120348944807897,5,0.3875653302105359,0.4120348944807897,5,0.3875653302105359,0.4120348944807897,5,0.3875623380066108,0.4120253766232831,4,0.3875623380066108,0.4120253766232831,4,0.3875623380066108,0.4120253766232831,4,0.3875623380066108,0.4120253766232831,4,0.05,10.0,23,0.0435200469311359,0.0001915154898853,0.130757924816137,0.0049168371333444,3,0.2028835688510878,0.0003144735245643,0.1987044941939418,0.0005860169279576,3,23.35302829572695,0.0004675336371112,0.0017693180598951,0.2642451053367874,2.304398724151403,0.0028613706730897326,0.0006059479641082392,4.722139263724982
6,2.0,0.009827704,2000,0.0005,0.05,7.472578056782092e-06,0,0,2,2,0.4775,0.001,0.1531225389711541,0.0,0.0280845397149612,0.0318455787831527,0.3735556691011636,0.0185254324789735,0.0193522300360304,0.7930308636175287,5,1171.6424154707524,0.01,0.0199805056927142,0.0002500818490305,0.0085438022361507,0.6596309808525964,,10.960648231772266,44.71017781216488,3.608331437376181,1804.9307643309544,2165.9169171971453,1.0,1.0,1.0,1,0.0017236194699376,0.0012496727208916,0.0029732921908292,0.0059033709594265,1.08574318196031,0.293224235678941,0.0822647128462437,0.2487198589549577,0.2616497168606778,0.269289283271204,23.87169779634078,3336141074154053.5,3.1726935646056296,5.061311508632009,43.00343985069589,-0.362457978330064,2.805739371420424,6848285659.742041,1.0316670947649964,3.722596810947088,41.89130889869421,-0.1623831065555969,0.0465257956883038,2.6477840158817134e+28,-3.067748374218468,8.1508812687364,44.71017781216488,-0.0396732835874681,0.1867206584055936,27.293984503673563,-1.6781415842847611,2.4840149713177806,7.77391582263889,-0.5304278373854736,2.1309432357292628e-06,0.0010204745959338,-13.058945842589123,2.720193414900942,9.353050945910724,0.461244902199139,0.0280845397149612,0.0283140449687215,0.0391381516657754,0.021351155562827,0.0181801020662908,0.0185254324789735,0.0280845397149612,0.0185254324789735,5,0.0280845397149612,0.0185254324789735,5,0.0191049899169338,0.0039273036611423,4,0.0191049899169338,0.0039273036611423,4,0.0191025801290537,0.003824265954626,3,0.0191025801290537,0.003824265954626,3,0.0191025801290537,0.003824265954626,3,0.05,10.0,24,0.138249973676976,0.0011851364998493,0.0412336220156875,0.0026100000895701,3,0.0624241264862667,0.0002738835397115,0.0583521588422252,0.0004070438129262,3,4.7185302146258605,0.0014611567796789,0.0006435694663376,2.270394815331925,1.175510428541923,0.0017236194699376294,0.0021345488845357363,0.8074865290857539
10,2.0,0.009827704,2000,0.0,0.05,7.472578056782092e-06,0,0,2,2,0.2935,0.0,0.0263088757249776,0.0,0.0231301106471029,0.021758493991081,0.9654568055948876,0.3193307302960121,0.1380652647552626,0.9976917635103728,4,147.47307479501313,0.01,0.1094400795758499,0.0001582711729226,0.0002451270622192,13.805845340217097,,8.921022884980868,44.7101634889076,2.8293561824788913,8.171537994361384e+16,6.809614995301154e+16,1.0,1.0,1.0,1,0.0019275908944532,0.001080393276289,0.0030079841707422,0.0059270703065715,1.0771008878784147,0.1741638116689426,0.0742730686973511,0.1543130884600562,0.1597453378253726,0.4858255216737094,12.762101622517587,70110226010.80351,2.5464799683134944,4.581640563891534,44.025197853401565,-0.2637263058887817,0.3814225442271778,9150.90114594752,-0.9638474784195964,2.7270678220331748,34.04565647441511,0.5100818275696426,0.0573744657840717,144890781334.9541,-2.8581559215977728,4.196396945354066,44.7101634889076,-0.1270053056522966,0.1819136729279356,3.650738758276498,-1.704223029004608,1.7860561135484032,3.882091264482253,-0.7231067572583195,1.1827427280033194e-05,0.0003036447691021,-11.345089377840209,1.7295486865532976,5.64090197562305,-0.2654918723596389,0.0231301106471029,0.0214024263291332,0.020742944997007,0.0683788823992059,0.0264861815705696,0.3193307302960121,0.0444062077834296,0.3193308308800237,5,0.0231301106471029,0.3193307302960121,4,0.01283413251069,0.0219626887607928,2,0.0015180730627418,0.0108306603568923,1,0.0015180730627418,0.0108306603568923,1,0.0015180730627418,0.0108306603568923,1,0.0015180730627418,0.0108306603568923,1,0.05,10.0,25,0.271230239915622,0.001651627686621,0.0429889910696614,0.001471815221203,3,0.6061194380472202,0.0117929396081848,0.0936958389357349,0.0078102476375662,3,68.14421191492853,0.0014611567796789,0.0004770647166875,3.0628062159454976,2.3234590293385966,0.0019275908944532323,0.0001458112023400539,13.219772304996136
6,10.0,0.009827704,2000,0.0005,0.05,7.472578056782092e-06,0,0,2,2,0.4545,0.001,0.0,0.0,0.0353082891379029,0.037876807427613,0.3086301976590083,0.0264685301519804,0.0220605208345713,0.6923260951507269,5,1010.5425148896632,0.01,0.0251669194267254,0.0001089147651878,0.0029206967746283,0.7496406877320735,,11.002429799211516,44.70358098540417,4.7551888051074656,33473775086.90932,28691807217.350845,1.0,1.0,1.0,1,0.0018614740970562,0.001108840252911,0.0029703143499673,0.0059038425028767,1.0546984963989547,0.2886172542359906,0.0532549406797648,0.2532372977370798,0.2648417457037044,0.3790411822330848,20.4599321892441,2.880157607498834e+18,3.018468446209293,5.1729090067989265,43.60116163442933,-0.3248245071607967,2.655062932433743,62825829977670.9,0.9764683577778568,3.99369619734004,44.70358098540417,-0.137538778736914,0.0386043233965149,1.0251936349369458e+21,-3.2543910036923926,8.421334380392187,40.43575834388616,-0.0162360961354047,0.2438375855583383,19.905418258063104,-1.411252908278538,2.346928159443665,6.01383737248661,-0.6751290442784796,2.559471277222412e-06,0.0038127877242211,-12.875709853138538,2.6309258950496046,15.59539936636028,0.4072480179636297,0.0353082891379029,0.0355542446493824,0.0427678884955535,0.0196168068461479,0.0200962255055854,0.0264685301519804,0.0353082891379029,0.0264685301519804,5,0.0353082891379029,0.0264685301519804,5,0.0245284853205492,0.0086571861502633,4,0.0245284853205492,0.0086571861502633,4,0.0245203944229833,0.0085527183051095,3,0.0245203944229833,0.0085527183051095,3,0.0245203944229833,0.0085527183051095,3,0.05,10.0,26,0.138249973676976,0.0011851364998493,0.0412336220156875,0.0026100000895701,3,0.1300317984683721,0.000582394402594,0.0580876858846567,0.0006210829230317,3,14.05647629350056,0.0014611567796789,0.0006435694663376,2.270394815331925,1.175510428541923,0.0018614740970562759,0.000710970086009821,2.6182171847811926
10,10.0,0.009827704,2000,0.0,0.05,7.472578056782092e-06,0,1,2,1,0.912,0.9935,0.2219035078169355,0.0014611567796789,0.8061998771151606,0.8003410312624265,0.3331497441203697,0.8101983891853239,0.8011221225467123,0.5382299941924621,5,65.59910967068487,0.01,0.0167264389788525,0.0204878479250565,0.012932809835482,1.004959703150131,,9.23076356323022,44.709929544804915,1.9864715697254365,7.63954670963333e+43,4.493851005666665e+43,1.0,1.0,1.0,12,0.0026415622255563,0.0671664847642517,0.0032618794640221,0.0059034416895784,1.2324853151691515,0.2395644659515599,0.2090327121936683,0.1783095958743499,0.1911843836414243,-0.3353179423740146,20.51304809754982,737443043.7152938,3.0210611762322883,3.941954022757037,21.98374037725812,-0.4269152656344484,3.2429779385448376,1016.4979504838296,1.176492024509824,2.1683122976465468,14.328757909800975,-0.3455737280896601,0.000986599952893,5.0353851958881154e+29,-6.921245916911352,13.748858241022662,44.709929544804915,0.2567577072034707,0.1344459902929858,22.797857315817435,-2.0065927197466693,2.405016027480485,7.455402062061378,-0.4112818968793121,1.0854107682391965e-06,7.72567574327198e-05,-13.733552054379404,2.2732163000912515,5.6582263614351165,0.8487012684765467,0.7973947813918694,0.79742843528025,0.8061998771151606,0.7965599940702295,0.7966079843845834,0.8101983891853239,0.8061998771151606,0.8101983891853239,5,0.8061998771151606,0.8101983891853239,5,0.8061291137645462,0.8101592542008234,4,0.8061291137645462,0.8101592542008234,4,0.8061291137645462,0.8101592542008234,4,0.8061291137645462,0.8101592542008234,4,0.8061291137645462,0.8101592542008234,4,0.05,10.0,27,0.271230239915622,0.001651627686621,0.0429889910696614,0.001471815221203,3,0.2574787392869663,0.0006093219082419,0.2850069756092073,0.0012996572859644,3,6.376581904675786,0.0014611567796789,0.0004770647166875,3.0628062159454976,2.3234590293385966,0.0026415622255563324,0.0018491300812016507,1.4285432119733417
6,50.0,0.009827704,2000,0.0005,0.05,7.472578056782092e-06,0,0,2,1,0.474,0.997,0.0656677937548112,0.0,0.0222290842646695,0.0264701854131993,0.4157533602075638,0.015812813630698,0.0491898920566102,0.8566701378975659,5,1512.0738631177244,0.01,0.0156198270360231,0.0011765680751723,0.0429209094005973,0.7113569521093858,,10.724425550900587,41.67345425484941,3.0852801642950616,3281.01762650997,2812.300822722831,1.0,1.0,1.0,1,0.0010111436979073,0.0019716280563457,0.002982771754253,0.0059034662767558,1.119078608010717,0.3045209164378051,0.1125056753081622,0.2530197733196899,0.2633945564570899,0.1451927239100018,21.699594819090763,5015244543215621.0,3.07729358844079,4.579144486926514,39.82040933313912,-0.3797898856255317,3.176406234120018,16622717433.8125,1.155750442673946,3.5658139156571624,41.20217084932841,-0.2043208646770407,0.0420841409801176,84975137193296.92,-3.1680843080721792,8.1232076457244,33.05294538980435,-0.0274566772063304,0.2284553049171789,13.693899421004074,-1.4764146898934682,2.508544368605925,3.9568657867245274,-0.6056570506284702,1.8927978149654651e-06,0.0599467859443286,-13.177454498115672,2.7763613699449694,41.67345425484941,0.4945984395296828,0.0222290842646695,0.0223329019778479,0.0348485699970805,0.0732759709718037,0.0584808915673289,0.015812813630698,0.0222290842646695,0.015812813630698,5,0.0222290842646695,0.015812813630698,5,0.0129165774763496,0.0007306683260801,4,0.0129165774763496,0.0007306683260801,4,0.0128979491765591,0.0006663525858473,3,0.0128979491765591,0.0006663525858473,3,0.0128979491765591,0.0006663525858473,3,0.05,10.0,28,0.138249973676976,0.0011851364998493,0.0412336220156875,0.0026100000895701,3,0.0708327821836439,0.0003355825517804,0.0600333690562686,0.0008234030546028,3,0.6623641173688657,0.0014611567796789,0.0006435694663376,2.270394815331925,1.175510428541923,0.00101114369790734,0.010959949840900665,0.09225805889493435
10,50.0,0.009827704,2000,0.0,0.05,7.472578056782092e-06,0,0,2,2,0.3335,0.0005,0.9099883053789132,0.0,0.0285084207999275,0.0344475929122897,0.726297711692758,0.0246441798422904,0.0714094953065861,0.9592453541397548,5,769.8354666553751,0.01,0.0441746464762454,9.47135964257974e-05,0.001382693948559,0.864452647701659,,9.220548846205794,44.4595321165291,18.9223975925277,4627.881564648745,5784.85195581093,1.0,1.0,1.0,1,0.001879104615042,0.0011051255303513,0.0029842301453934,0.0059079171562152,1.092818274960489,0.2036671472333125,0.0887599327550364,0.1749592965566927,0.1834613720335031,0.3456939633093716,22.947168608966265,12472236192.936749,3.1331945567372506,4.619367855340438,25.31911851943925,-0.3885842793779359,1.141575388372123,14717.154556863234,0.1324092280589229,2.505500058250614,35.130941559957584,0.1176495810167099,0.0239626516730332,5633627476.242167,-3.731258841030688,5.214320245381776,44.4595321165291,0.0652315597706358,0.1546221525465872,11.238083000055404,-1.8667708636591789,2.074398117835773,6.807095519006262,-0.5442356509042062,3.4902353094299977e-06,7.404408623178419e-05,-12.565541400117384,1.95678710984069,3.882379358436072,0.3890412499747938,0.0285084207999275,0.030455563468986,0.0443787944679556,0.1499067632578016,0.0396775428196663,0.0246441798422904,0.0285084207999275,0.0246441798422904,5,0.0285084207999275,0.0246441798422904,5,0.0210404640127069,0.0007678712693034,4,0.0205832160656789,0.0006151622034006,2,0.0205832160656789,0.0006151622034006,2,0.0205832160656789,0.0006151622034006,2,0.0205832160656789,0.0006151622034006,2,0.05,10.0,29,0.271230239915622,0.001651627686621,0.0429889910696614,0.001471815221203,3,0.3105458277671881,0.0012649738536993,0.0340287113359885,0.0009052478655461,3,24.475530716792537,0.0014611567796789,0.0004770647166875,3.0628062159454976,2.3234590293385966,0.0018791046150420892,0.0003165381215062745,5.936424358937257
6,2.0,0.009827704,2000,0.0,0.05,2.1919205418674697e-06,0,0,2,2,0.499,0.002,0.5778762307463333,0.0,0.036545230400858,0.0413533552721918,0.4545799297513878,0.0210708039890266,0.0140180983769127,0.3392339061184682,4,148.78537442859687,0.01,0.0424144568333066,9.427384818322412e-06,0.0001364918771013,0.5765678245260681,,11.834313914251169,44.71017448365252,15.105695258229836,4860.089644168428,14580.268932505283,1.0,1.0,1.0,1,0.0019573527637879,0.0009961255259631,0.002953478289751,0.0058988866195843,0.9800215850836762,0.3346055901613182,-0.0201806819644913,0.3048432318588618,0.3254929779553956,0.957749553145773,30.714514832886145,1.6846090231830942e+23,3.424735338719889,6.507788540967188,44.71017448365252,-0.3720942397636971,2.4115777435040475,392356574951.55536,0.8802811986570582,4.807469850915241,25.8495782394094,-0.1808590525420442,0.0751503142266274,12514428012209.514,-2.588264981466181,6.434968120246139,37.937234359652585,-0.3589704456969677,0.1958965389424889,19.335627959499643,-1.6301686216584186,2.522141212160105,6.106995968488744,-0.5414302915759527,1.0363266082168386e-06,0.0108247984781494,-13.779828204914065,2.8263714059093856,27.62403480394573,0.2650379793201557,0.036545230400858,0.0381813129045167,0.0493335225112006,0.0069851806210431,0.0139983105206685,0.0210708039890266,0.0566188268276704,0.0530686236965529,5,0.036545230400858,0.0210708039890266,4,0.036545230400858,0.0210708039890266,4,0.0340904601039434,0.0175275509653247,2,0.0263477528448717,0.0151972487601314,1,0.0263477528448717,0.0151972487601314,1,0.0263477528448717,0.0151972487601314,1,0.05,10.0,30,0.9633255190055512,0.9989140441178068,0.8423925687336543,0.972771527920638,5,0.2473244866864302,0.0023805124195641,0.0939613676904596,0.004335419069215,4,213.69293249898777,0.0017091807832857,0.0003532426736995,4.83854559638997,0.3327037172223636,0.001957352763787951,4.617614772405929e-05,42.388827571428315
10,2.0,0.009827704,2000,0.0,0.05,2.1919205418674697e-06,0,0,2,1,0.4015,0.9945,0.443264578122461,0.0,0.0062035294033026,0.0103536300505813,0.4839896848219185,0.0114105787467554,0.0867074271874292,0.9040783410689628,5,3718.70827531135,0.01,0.0147439867589343,0.0008919710669896,0.0307135407017013,1.8393688503645311,,9.866326338696709,44.65798565421853,2.343155489485286,5.458139942261948e+99,1.819379980753983e+100,1.0,1.0,1.0,1,0.0013226306889673,0.0016380440179176,0.002960674706885,0.0058982764991092,1.150909158228712,0.2891359307820109,0.1405522024102196,0.225408760015905,0.2446351114309833,0.5821893732451545,25.575836017045795,2085665185631.2976,3.241648000141967,4.3357019150235745,44.65798565421853,-0.516277026185734,2.9900611900891434,811.1622616809121,1.0952938521059483,2.566443802161538,7.251643851383252,-0.4225641313074827,0.0071751200545347,1361248308.2094426,-4.937135785137096,6.420588017818267,30.54447154691174,0.0060597922483743,0.1271189654369418,12.048381199063572,-2.062631895262708,2.363400555857843,5.5059415771185565,-0.394812625383595,3.990716656684464e-07,2.8679294747756503e-05,-14.734124822980942,2.16722887798726,7.515147974649355,0.7859771534049214,0.0062035294033026,0.0062623769306676,0.0185949838177736,0.132423717288967,0.1162879855265653,0.0114105787467554,0.0062035294033026,0.0114105787467554,5,0.0062035294033026,0.0114105787467554,5,0.0062035294033026,0.0114105787467554,5,0.0042390716571482,0.0059949523256832,4,0.0042390171992485,0.0059822340300746,3,0.0042390171992485,0.0059822340300746,3,0.0042390171992485,0.0059822340300746,3,0.05,10.0,31,0.1625655467390485,0.0010993388426253,0.1035837995491597,0.0220493960038872,3,0.3522522390125022,0.003403175139674,0.6706201519597921,0.1205779151653196,4,1.7167114732239617,0.0017091807832857,0.000276314277474,6.185640492088762,0.7944619254131431,0.0013226306889673827,0.00593140919660812,0.22298759790906517
6,10.0,0.009827704,2000,0.0,0.05,2.1919205418674697e-06,0,0,2,2,0.4815,0.002,0.3458092088616171,0.0,0.0398391454772035,0.0419665875027563,0.2792908049949401,0.0298700293059615,0.0234307290083703,0.5295593834996202,5,254.38047566395065,0.01,0.0243394904652302,2.20177757918167e-05,0.0005668052055218,0.7497658132013283,,11.820324402924692,44.704577739421005,8.501000481335877,5.6861219142517755e+57,3.4116731485510657e+58,1.0,1.0,1.0,1,0.0019460260934365,0.001006956727059,0.0029529828204956,0.0058982723564758,1.039131337034419,0.3771328866573248,0.0383851112837391,0.3263118494991979,0.3438044002292654,0.7152595782295713,31.73745434867921,326471004774358.4,3.4574975086265867,6.104727077724423,30.909945537948303,-0.4020282591430163,3.0292069845756275,27971307115.87967,1.108300864004122,4.748037769783432,21.106125047244273,-0.2311468781256337,0.0527242988655428,22516208669040.6,-2.94267885065654,6.13428794485079,44.704577739421005,-0.3187899757170174,0.1565437192472738,15.83212363550752,-1.854419951801998,2.685560230583234,5.2252906045692,-0.4249810928664703,6.183651084975632e-07,0.0004821287450869,-14.296186763487562,2.8632750127870614,10.537565463926336,0.4419604540788477,0.0398391454772035,0.0400009419948492,0.0460596750362163,0.0190128120908362,0.0214093456283133,0.0298700293059615,0.0398391454772035,0.0298700293059615,5,0.0398391454772035,0.0298700293059615,5,0.0285196361251972,0.0133585046975821,4,0.0275121343367509,0.0126240688850759,2,0.0275121343367509,0.0126240688850759,2,0.0275121343367509,0.0126240688850759,2,0.0275121343367509,0.0126240688850759,2,0.05,10.0,32,0.9633255190055512,0.9989140441178068,0.8423925687336543,0.972771527920638,5,0.0897358205377639,0.0024529528600443,0.1426785158888809,0.0047286769047991,4,62.494722359117425,0.0017091807832857,0.0003532426736995,4.83854559638997,0.3327037172223636,0.0019460260934365925,0.00017589039409225308,11.063856576590064
10,10.0,0.009827704,2000,0.0,0.05,2.1919205418674697e-06,0,0,2,1,0.428,0.996,1.0461066591503998,0.0,0.0105536986902692,0.0151041614303002,0.5016198008132153,0.015928529216815,0.3564227542325902,0.9174562379883704,5,2538.340739363318,0.01,0.0135669198086887,0.0024709764983501,0.0777732692718806,1.5092840609047895,,9.780384245980576,42.61712100368207,2.183152402503253,19772780838705.91,39545561677411.83,1.0,1.0,1.0,1,0.000460018055917,0.0025077608424526,0.0029677788983696,0.0058989711688344,1.1553227077993524,0.2728355369197524,0.1443797056407323,0.2139723606647846,0.2305874787042413,0.5954184039998879,27.53624394081365,445850795064.55707,3.3155030984077776,4.367610182241996,36.65590973718199,-0.5294150102459527,3.1794168756712824,5939.3527437019375,1.1566978075468914,2.5252475975162416,25.769393382888932,-0.4537737417819427,0.0061970501986114,1147529951602.3623,-5.083681874565153,7.729704862819236,42.61712100368207,0.0239923156471975,0.1325808790277586,15.754434538429276,-2.0205624120222283,2.430203092073738,5.8743495939837835,-0.4012709327513988,5.555274921979252e-07,7.913264822644405e-05,-14.403347738186003,2.2617528174826447,10.171560991052274,0.6068812157069255,0.0105536986902692,0.0106000715240907,0.0241587140765407,0.5648484158559725,0.4884913176249831,0.015928529216815,0.0105536986902692,0.015928529216815,5,0.0105536986902692,0.015928529216815,5,0.0076477161228636,0.0063807268819225,4,0.0076477161228636,0.0063807268819225,4,0.0076410005851909,0.0062925936740308,3,0.0076410005851909,0.0062925936740308,3,0.0076410005851909,0.0062925936740308,3,0.05,10.0,33,0.1625655467390485,0.0010993388426253,0.1035837995491597,0.0220493960038872,3,0.1401914427240389,0.0001193761548209,0.0667287953502414,0.0049134545038819,3,0.2717409168213738,0.0017091807832857,0.000276314277474,6.185640492088762,0.7944619254131431,0.0004600180559170093,0.01496780683576267,0.030733831680529535
6,50.0,0.009827704,2000,0.0,0.05,2.1919205418674697e-06,0,1,2,1,0.907,0.9815,7.179228152769692,0.0017091807832857,0.0203423819400466,0.0141629799111626,0.3245159568278166,0.0201561939994684,0.013168666087998,0.3348607324471502,5,1179.430105131194,0.01,0.0133006503277057,0.0142966922947858,0.0372148532958556,0.9908472891165352,,10.604465103148224,39.21256716736344,2.195357087351329,2276.8894346102616,6830.668303830785,1.0,1.0,1.0,12,0.0022451463407858,0.2066424761126719,0.0036550539087028,0.0059002002494886,1.2679750763676398,0.3946237710601059,0.2374211999603724,0.2806889110266379,0.2988522273234546,0.1224187554891095,21.29028582249264,676961955068.8175,3.0582509040145496,4.048129050602505,33.718278861466686,-0.5076483899847227,3.5933053030196107,82465711.77704062,1.2790724761384231,2.8080208257265005,39.21256716736344,-0.4516582313858758,0.0261769580403186,573234281.9888182,-3.6428757192805143,6.0081768035188095,30.74732424542474,-0.2089406948911655,0.1025893681449899,35.552617190864424,-2.277020975932675,2.8652916720400174,7.583104726327713,-0.2508335554926633,4.5357384986974274e-07,0.0018284106124703,-14.606107736393684,2.9591129651420784,26.44925725546702,0.5323809250501094,0.0110563365726064,0.0110902212208349,0.0203423819400466,0.0096600065000712,0.0096897977644545,0.0201561939994684,0.0203423819400466,0.0201561939994684,5,0.0203423819400466,0.0201561939994684,5,0.0148659278575914,0.0148137978582921,4,0.0148659278575914,0.0148137978582921,4,0.0145659005165223,0.0145244259810605,2,0.0145659005165223,0.0145244259810605,2,0.0145659005165223,0.0145244259810605,2,0.05,10.0,34,0.9633255190055512,0.9989140441178068,0.8423925687336543,0.972771527920638,5,0.0294200581946663,0.0002535132265386,0.036051210884625,0.0002660448499074,3,1.5642364806862,0.0017091807832857,0.0003532426736995,4.83854559638997,0.3327037172223636,0.0022451463407858305,0.009190207974076962,0.24429766411367057
10,50.0,0.009827704,2000,0.0,0.05,2.1919205418674697e-06,0,0,2,1,0.4135,0.997,0.4439365491405264,0.0,0.0071294499690119,0.0115458130754489,0.5364373966092336,0.0125498452948432,0.0985148962961602,0.9145478506283468,5,3815.490469229907,0.01,0.0149215136580152,0.0011192387706177,0.0384921973065321,1.7602823989776153,,9.816897961971756,36.69877626063018,2.28495878273653,inf,inf,1.0,1.0,1.0,1,0.0011493368122485,0.0018150017712314,0.0029643385834799,0.0058987014208679,1.153692734830532,0.2751412579279998,0.1429678716534184,0.2146710046262567,0.23280463457774,0.6000573561329151,28.667877552235073,29432628096.565495,3.355777246887553,4.371710954840606,35.39457014302791,-0.5381308513219223,2.8921440069583837,426.6049687843342,1.061998097993992,2.426621881260862,7.206643736402653,-0.4331912399766677,0.008435609747981,164639504.24370575,-4.77529327775084,6.921943840131309,30.61908334021113,-0.0177601957954551,0.1372303888395381,666.8754805953467,-1.986094095216756,2.4461054790216177,36.69877626063018,-0.4127533285036692,4.953682744810053e-07,2.241441721295792e-05,-14.517964362149716,2.268810272175811,4.842757207383589,0.6555118079749667,0.0071294499690119,0.0071966762627078,0.020311312994627,0.1512523936651947,0.1317424499284425,0.0125498452948432,0.0071294499690119,0.0125498452948432,5,0.0071294499690119,0.0125498452948432,5,0.0049873911736823,0.0062235142464165,4,0.0049873911736823,0.0062235142464165,4,0.004987390558967,0.0062111249949019,3,0.004987390558967,0.0062111249949019,3,0.004987390558967,0.0062111249949019,3,0.05,10.0,35,0.1625655467390485,0.0010993388426253,0.1035837995491597,0.0220493960038872,3,0.4189327003454623,0.0036859695152011,0.6527439929277391,0.1367514570414945,4,1.2293412349661887,0.0017091807832857,0.000276314277474,6.185640492088762,0.7944619254131431,0.0011493368122485613,0.007429822975124945,0.1546923548645159
6,2.0,0.009827704,2000,0.0,0.05,3.1308187311581914e-05,1,1,2,2,0.94,0.0005,0.046591164282159,0.0,0.0276009332019649,0.0325271730917001,0.5563223397116259,0.0246899654774385,0.0860173986076689,0.9432222248022456,5,1734.9455473399837,0.01,0.0224570724852738,0.0031034483675331,0.0942811667427402,0.8945337208990011,,9.421956804829822,44.71016599471824,2.974052015233232,22565045.030942935,6447155.723126553,1.0,1.0,1.0,1,0.0010847793729972,0.0042843453407112,0.003199565967714,0.0059408548565967,1.1439942791276978,0.2066741995032078,0.1345258921826004,0.1751473231977847,0.1778929383606663,0.590491569523273,9.590848617007063,213504886150.64172,2.2608093747621156,3.0568519308547257,44.70686379090917,-0.511305130048254,2.352019595414825,15190.248379040802,0.8552743613855288,2.5436304380559474,17.069291148632942,-0.0372339150129808,0.0153528024189036,2.313661301644328e+33,-4.176457253605689,12.201456437208456,44.71016599471824,-0.0656206354160122,0.1910930215616679,6.589629448660141,-1.6549949456100683,2.0075973877959097,4.013263789271171,-0.667831775481579,1.1009554849890094e-05,0.0016254561995251,-11.416747039483017,2.3238941158922883,9.387604869465829,0.4497262216736466,0.0276009332019649,0.0280021915346492,0.0419783945384862,0.143690195534828,0.0896720348107403,0.0246899654774385,0.0276009332019649,0.0246899654774385,5,0.0276009332019649,0.0246899654774385,5,0.0157362704033251,0.0007444551834726,4,0.0157362704033251,0.0007444551834726,4,0.0157362704033251,0.0007444551834726,4,0.0157362704033251,0.0007444551834726,4,0.0157362704033251,0.0007444551834726,4,0.05,10.0,36,0.2784466491273774,0.0014538532264537,0.0556038924802878,0.0014616611371389,2,0.1381068713568201,0.0002932454919426,0.0566258386747399,0.0012458443369744,2,0.2875126202893244,0.00147786021714,0.0014336938840877,1.0308059715832207,8.425057470749405,0.0010847793729972014,0.01695876633736403,0.06396570077194737
10,2.0,0.009827704,2000,0.001,0.05,3.1308187311581914e-05,1,1,2,2,0.8945,0.0,0.6162760927522861,0.0,0.0375261187503609,0.0455095420875896,0.8914426585605707,0.0358644700261012,0.0861625287420483,0.980098735759523,5,3225.8253280496215,0.01,0.0388721145540464,0.0025220043256491,0.0437204538785852,0.9557202082284676,,7.768183937589346,42.06039541202808,20.577904330428147,4.9340897102455995e+51,4.52668780756477e+50,0.9,1.0,1.0,1,0.0004688921940987,0.0040597403310162,0.0035908481369174,0.0060270030721251,1.1996481932487522,0.1539227869136746,0.1820283415178503,0.1248937983533467,0.1272988449322771,0.4477449575150299,10.810945652093825,222221112.10226023,2.3805591072046512,3.110650530507484,42.06039541202808,-0.5409588090925596,1.099983256480342,146.09552653695562,0.0952949583069712,1.9609705352129925,8.008939355697917,0.3392555224963093,0.008091023183314,6692520631372952.0,-4.817000080839313,9.951806271730034,37.76514987300886,-0.0160899933946314,0.2296393542031496,11.837572505266737,-1.4712452259007744,2.0365872648766685,5.679339001787283,-0.7485498284040071,2.590554214800522e-05,0.0016134184196177,-10.561053629601318,2.122058600809124,6.464333136829982,0.0892636566944635,0.0375261187503609,0.0398890356593108,0.0591134718530971,0.1548885971906593,0.0677345190093844,0.0358644700261012,0.0375261187503609,0.0358644700261012,5,0.0375261187503609,0.0358644700261012,5,0.0284860277975417,0.0043995928457813,4,0.0284860277975417,0.0043995928457813,4,0.0284812497178393,0.0043919757416847,3,0.0284812497178393,0.0043919757416847,3,0.0284812497178393,0.0043919757416847,3,0.05,10.0,37,0.569999612930831,0.0018543877269646,0.0445324341855997,0.0007570597377304,2,0.5656742567992844,0.0013327854515876,0.0947025184812268,0.0095187891515538,3,0.2595841674817689,0.00147786021714,0.0011259695132603,1.3125224082317644,23.87799986706909,0.0004688921940987933,0.011024865403335514,0.042530423451422134
6,10.0,0.009827704,2000,0.0015,0.05,3.1308187311581914e-05,1,1,2,2,0.878,0.002,0.059349205968375,0.0,0.0448210906153204,0.0354919236218467,0.3524318536635867,0.0768585611551115,0.0470472470605192,0.7896750920492212,5,1884.655956091441,0.01,0.0223633281473677,0.032663621328549,0.0421953829436719,1.714785608738406,,9.025385907974565,44.71017781090212,3.180533784020739,204124581.3591043,29160654.479872044,1.0,1.0,1.0,12,0.0016009426407432,0.0681543627162667,0.0043532777027862,0.0059542203435294,1.2348337989846967,0.2512646179963604,0.2109363853029222,0.1932700407680089,0.1996524845283524,0.1397657109461804,8.800234289932284,1587732.4963753452,2.1747783449856937,2.566531849731542,18.787344216863893,-0.5754664780107827,2.8709291092894316,18970.905158123125,1.0546357088415397,2.304441961882618,18.510972254529303,-0.1276103594168088,0.0186026184065185,4.707896349539974e+31,-3.984452933626782,12.672687166240523,44.71017781090212,-0.0783315828259181,0.2365375589225115,6.825905587774069,-1.441648272147686,2.067328901192173,3.597525238711018,-0.7517352466315864,9.061025208992536e-06,0.0027049501150508,-11.611528286585791,2.3035152994794124,13.101117265627416,0.5382631353448565,0.0307375238866113,0.0309171563636084,0.0448210906153204,0.031930978204846,0.0323522018216001,0.0768585611551115,0.0448210906153204,0.0768585611551115,5,0.0448210906153204,0.0768585611551115,5,0.0320571786369567,0.069464890191782,4,0.0320571786369567,0.069464890191782,4,0.0320571786369567,0.069464890191782,4,0.0320571786369567,0.069464890191782,4,0.0320571786369567,0.069464890191782,4,0.05,10.0,38,0.2784466491273774,0.0014538532264537,0.0556038924802878,0.0014616611371389,2,0.2245769828875033,0.0006011778447719,0.3528867714304878,0.0037802876306595,3,0.968937126363167,0.00147786021714,0.0014336938840877,1.0308059715832207,8.425057470749405,0.0016009426407432156,0.006721426258467278,0.2381849594386961
10,10.0,0.009827704,2000,0.0015,0.05,3.1308187311581914e-05,1,2,2,2,0.582,0.0005,0.1063570101198569,0.00147786021714,0.920620143360798,0.9164416808162222,0.5288057795000854,0.9258617271304004,0.918732766170362,0.7010238766676278,4,66.20588863658872,0.01,0.0232786101942158,0.030259205257709,0.0990422628050779,1.005693535827347,,7.935113715762024,44.71017781198593,2.3305917400800924,4.10620873613077e+32,3.3657448656809594e+31,1.0,1.0,1.0,12,0.0003780645536199,0.1056212001035548,0.006381225431291,0.006003160877671,1.273238035127183,0.1812448441670982,0.2415632896264529,0.1366824414127777,0.1410015169233559,-0.0264436282644182,9.551640422137108,11610898.65771267,2.256712911693056,2.9356925617899865,20.39778537870748,-0.5310118747667392,2.3396515716880684,329.85734606340054,0.8500020172947524,1.7761179269022362,11.74269850314294,-0.0503553137489124,0.0004344822688898,2.9575222221514216e+50,-7.741355422170116,18.04193900393391,44.71017781198593,0.1532114061327496,0.1470357824679889,13.056198806546858,-1.9170793036752072,2.1606556680725917,6.391419386342984,-0.4992248352283702,1.3211618764573865e-05,0.0022991297095885,-11.234413906091692,2.2226204371260914,12.56963617178798,0.3881827830370063,0.9142413605108328,0.914463538577036,0.920620143360798,0.914962728501648,0.9153738428790378,0.9258617271304004,0.9306980041448184,0.932617280543845,5,0.920620143360798,0.9258617271304004,4,0.920620143360798,0.9258617271304004,4,0.920620143360798,0.9258617271304004,4,0.920620143360798,0.9258617271304004,4,0.920620143360798,0.9258617271304004,4,0.920620143360798,0.9258617271304004,4,0.05,10.0,39,0.569999612930831,0.0018543877269646,0.0445324341855997,0.0007570597377304,2,0.4339229681381423,0.000928907687223,0.4178516775998397,0.0019974621310774,3,0.1142456191130625,0.00147786021714,0.0011259695132603,1.3125224082317644,23.87799986706909,0.00037806455361995457,0.011487537158857154,0.03291084489145336
6,50.0,0.009827704,2000,0.0005,0.05,3.1308187311581914e-05,1,2,2,2,0.496,0.018,0.2293980798290461,0.00147786021714,0.0609230151987727,0.061523132187818,0.4030861208776679,0.0588453619175595,0.0589405677002968,0.4505289736873277,5,1089.0181029881946,0.01,0.0146452993806407,0.0155527799896478,2.521340788417848,0.96589707068118,,8.520087585199766,44.70799828315597,2.327090927764846,279.0318681760264,50.733066941095714,1.0,1.0,1.0,12,0.0652529587672555,0.442279656167828,0.0712411698938219,0.0059882111265663,1.3917727505026622,0.3031419334426112,0.3305782946356145,0.2052766478143579,0.2131820072537484,-0.4512417056026935,7.92572069668754,4545839.798417563,2.070113255273701,2.1370616669973455,25.39155329804626,-0.6421377425592191,3.340357021509648,3073.5090965050827,1.2060776939435542,1.8682977377319017,14.660140223345168,-0.2384591294607467,0.0085061383277609,7.104536104501735e+29,-4.766967219908022,11.093166170400368,44.70799828315597,-0.0189447588614364,0.159252715657256,12.641860159133524,-1.8372629318824452,2.303442899186733,5.396024623507852,-0.502929480943748,3.442696249892108e-06,0.0005801355141538,-12.579255600011454,2.4852516772494524,7.463463987906302,0.8882901884937382,0.0409300627656101,0.0827163185990712,0.0609230151987727,0.0587498608009561,0.0592264803823746,0.0588453619175595,0.0609230151987727,0.0588453619175595,5,0.0609230151987727,0.0588453619175595,5,0.0609230151987727,0.0588453619175595,5,0.0471406945439268,0.0450378918738715,4,0.0471406945439268,0.0450378918738715,4,0.0471406945439268,0.0450378918738715,4,0.0471406945439268,0.0450378918738715,4,0.05,10.0,40,0.2784466491273774,0.0014538532264537,0.0556038924802878,0.0014616611371389,2,0.088553428521442,0.0001361663590005,0.1051978263218129,0.0001551069852185,2,0.7594072554024087,0.00147786021714,0.0014336938840877,1.0308059715832207,8.425057470749405,0.06525295876725558,0.405174179262301,0.1610491539368609
10,50.0,0.009827704,2000,0.0005,0.05,3.1308187311581914e-05,1,2,2,2,0.542,0.001,0.5518603165368982,0.00147786021714,0.9781386146043912,0.9778960944666016,0.382546500726387,0.9782972825647824,0.9781588208867128,0.429062896963803,4,40.1643040132751,0.01,0.0185173987542704,0.0208189594053677,0.1550474608977256,1.0001622141872553,,8.178011027142212,44.67024754749672,2.421804270280347,934.9930741229954,102.74649166186762,1.0,1.0,1.0,12,0.0012182029545447,0.1974139881976868,0.0071781431809945,0.0059599402264498,1.276377836416608,0.1957370431719176,0.2440262511350351,0.145764749837772,0.1516939605554388,-0.0416928042365426,10.04486463422049,5159730.106646176,2.3070615222398585,2.8149243009166227,29.172448461595053,-0.5716801055707464,2.955361742923281,665.1885569904452,1.0836210605986043,1.8247086420969791,13.912047190678145,-0.1770452615365605,0.000467247751254,1.352260550786222e+33,-7.668650924365657,18.57197155591808,44.67024754749672,0.1449241044896972,0.1236131865751753,6.79729902060836,-2.0905980521478345,2.274838185179276,4.027585086381054,-0.3978894970654031,7.606030585962834e-06,0.0009158665787601,-11.786569127172204,2.317234216053262,7.870178070729179,0.6106151023477389,0.9777665204151912,0.9777831483802224,0.9781386146043912,0.9780836132787236,0.9780955668166328,0.9782972825647824,0.983313802139356,0.983027154331045,5,0.9781386146043912,0.9782972825647824,4,0.9781386146043912,0.9782972825647824,4,0.9781386146043912,0.9782972825647824,4,0.9781386146043912,0.9782972825647824,4,0.9781386146043912,0.9782972825647824,4,0.9781386146043912,0.9782972825647824,4,0.05,10.0,41,0.569999612930831,0.0018543877269646,0.0445324341855997,0.0007570597377304,2,0.3694825273748341,0.0008807983340944,0.4060520306178721,0.0010481355951869,3,0.2522658263033564,0.00147786021714,0.0011259695132603,1.3125224082317644,23.87799986706909,0.0012182029545447105,0.016944661696329476,0.0718930230875365
6,2.0,0.009827704,2000,0.0005,0.05,8.305908080179163e-06,1,0,2,2,0.4815,0.002,0.1377163916376978,0.0241590674071694,0.0266451979650918,0.0303851599289007,0.3934138753977092,0.0206489035856028,0.0434219103551359,0.8726058931280902,5,1827.3944846119057,0.01,0.0180509867514689,0.0013938754473077,0.0492175069080305,0.7749577846130152,,10.527361428521116,44.71013730404585,3.4113489346259662,341197.9583996302,136479.1833598521,0.8333333333333334,1.0,1.0,1,0.0006974184417778,0.0023254455893354,0.0030228640311133,0.0059126375901235,1.1133772474780532,0.2885073045220205,0.1073979613851743,0.2411253317638529,0.2515584958606722,0.6959742131032893,14.243049150861989,1.1942129898122557e+17,2.6562690088249608,4.103659078567361,44.71013730404585,-0.2197656661042543,3.019449527759827,1965695696948.241,1.10507453919635,3.7697948519697495,44.70854601130061,-0.1376487709496945,0.0318157510071365,4.632181276593584e+18,-3.447793797134007,9.570431116395538,43.749826272010885,-0.0321881264607646,0.2510843317289472,6.828071120244047,-1.3819664132961431,2.262120167312521,3.0774119680141583,-0.7133864432034389,4.534157613213668e-06,0.0047553195754881,-12.30387124397461,2.510556818706966,15.338873358832137,0.2411129515054064,0.0266451979650918,0.0267967389550429,0.0377135428665673,0.062300608836278,0.0473162186435271,0.0206489035856028,0.0266451979650918,0.0206489035856028,5,0.0266451979650918,0.0206489035856028,5,0.0148339767770526,0.0008575560308997,4,0.0148339767770526,0.0008575560308997,4,0.0148339767770526,0.0008575560308997,4,0.0148339767770526,0.0008575560308997,4,0.0148339767770526,0.0008575560308997,4,0.05,10.0,42,0.1524657383912105,0.0014335938088638,0.1586483371178102,0.0149381796786821,3,0.1086951030384792,0.00017183552209,0.0464535646500508,0.0004736217391871,2,0.4092922499635495,0.0012107292350376,0.0021650425106698,0.5592173036191361,6.881128089762431,0.0006974184417778955,0.011465632008232675,0.06082686425633822
10,2.0,0.009827704,2000,0.0005,0.05,8.305908080179163e-06,1,2,2,2,0.551,0.015,0.299404521282483,0.0012107292350376,0.9899826699916988,0.989498682366103,0.281116422200124,0.9900356716405446,0.98930860275006,0.3193657418938416,4,29.7353502685063,0.01,0.0132765490801697,0.0141153582521649,0.8621745096058576,1.0000535379562212,,8.421114197300877,44.71017781218564,2.4072240228791895,5.4735231982004e+66,7.202004208158424e+65,1.0,1.0,1.0,12,0.0148383140091424,0.3548402206653283,0.0207713231828572,0.0059330091737148,1.3121297379445114,0.2175776983494296,0.2716515712614744,0.1563851899922278,0.163749656102869,0.0227860653396537,8.950999857457896,846635.8659675037,2.191765241964089,2.700640808578904,16.008780567677707,-0.161939197029088,4.197098979836264,486.9945767678413,1.434393567546388,1.880240029113445,8.192331640579493,-0.4511267940913417,9.789408224935192e-05,1.837236220706172e+57,-9.231624457145992,22.22258816344089,44.71017781218564,0.2464058809298274,0.1051023222030663,10.30377969457955,-2.2528209061666726,2.285557168632599,5.735384593440207,-0.3250460664835553,3.2582209716480102e-06,0.0007163655138094,-12.634329225760258,2.37704060101012,10.644134020394578,0.393676803782168,0.9890285012331012,0.9894848758735092,0.9899826699916988,0.987957216781801,0.9899329198278348,0.9900356716405446,0.9927923730905868,0.992769299802368,5,0.9899826699916988,0.9900356716405446,4,0.9899826699916988,0.9900356716405446,4,0.9899826699916988,0.9900356716405446,4,0.9899826699916988,0.9900356716405446,4,0.9899826699916988,0.9900356716405446,4,0.9899826699916988,0.9900356716405446,4,0.05,10.0,43,0.3963847336035271,0.0007779846400003,0.1276056300046723,0.0099313997708529,2,0.3606448563592202,0.0010848407556175,0.3866436269430019,0.0010266019582304,3,0.5984545553739528,0.0012107292350376,0.0015417200154793,0.7853107067960029,35.5199946130449,0.014838314009142425,0.09409245120795422,0.15769930338352212
6,10.0,0.009827704,2000,0.001,0.05,8.305908080179163e-06,1,2,2,2,0.538,0.0255,0.13541458813605,0.0012107292350376,0.0395741596893873,0.0650489071893226,0.3009499230188117,0.03810622896289,0.0405215468175709,0.3331239749517967,5,1248.1098889484397,0.01,0.014271595531498,0.0150949622622465,1.5224117798390844,0.962906837744151,,8.85062479764932,44.710177519773566,2.182731258201404,2.5891870184619252e+141,7.397677195605501e+140,1.0,1.0,1.0,12,0.0325443617877487,0.4140399427821101,0.0384858122090079,0.0059414504212592,1.3664179616018826,0.3226760256369517,0.3121926891662119,0.2192569142181483,0.2303945104547972,-0.1686501649413425,7.90171990211593,93628.23419555632,2.0670804449063813,2.1291751404352945,19.003159222909808,-0.1468431605319359,3.662980083280679,72314.63023518382,1.2982770465120834,1.915809071390495,41.318780363756034,-0.3717020375652596,0.0088986138478458,2.0471024575338687e+30,-4.721859761806989,10.306550898939552,44.710177519773566,0.0937279335333995,0.1473983841843198,24.09740190234588,-1.914616261401505,2.4147954219360863,7.829546278099724,-0.4477050115018399,2.294308874961004e-06,0.0006693832911655,-12.985078903612507,2.5750147814898896,9.859697078994962,0.4996225393991628,0.104330990074757,0.0512415718038234,0.0395741596893873,0.0477689894143185,0.0356894220755041,0.03810622896289,0.0395741596893873,0.03810622896289,5,0.0395741596893873,0.03810622896289,5,0.0264367088168426,0.0249377878544654,4,0.0264367088168426,0.0249377878544654,4,0.0264367088168426,0.0249377878544654,4,0.0264367088168426,0.0249377878544654,4,0.0264367088168426,0.0249377878544654,4,0.05,10.0,44,0.1524657383912105,0.0014335938088638,0.1586483371178102,0.0149381796786821,3,0.0721679323009652,0.000113043690182,0.0854231057370139,0.000128940426443,2,0.6192443813405244,0.0012107292350376,0.0021650425106698,0.5592173036191361,6.881128089762431,0.03254436178774876,0.24414604400872444,0.13329874714900483
10,10.0,0.009827704,2000,0.0015,0.05,8.305908080179163e-06,1,2,2,2,0.5615,0.0135,0.279439730922429,0.0012107292350376,0.9878199168914944,0.9875124150386118,0.2422619616003473,0.9878648720954069,0.9878245700626082,0.2756270116500214,4,30.98581531634887,0.01,0.0134484663542237,0.0143139276213095,0.7017527547073005,1.00004550951357,,8.428822462679266,43.68822739216717,2.2441448015608296,7.819601267925874e+21,1.0288949036744572e+21,1.0,1.0,1.0,12,0.0114835313222136,0.3461756218426606,0.0174146900192812,0.0059311586970676,1.307217650111145,0.221700258987121,0.2679009472594553,0.1585002522946909,0.1674099937948713,0.0461452083100636,9.732702624301124,648543671.8052242,2.2754916196334163,2.7703470077203134,43.350921453671766,-0.1880869003855807,4.020057014124914,444.46156642130154,1.3912960851484952,1.8226730523230636,9.347788010779494,-0.44172989392261,6.312895714317003e-05,2.282263490990122e+34,-9.67033098491697,21.701623009174032,43.68822739216717,0.2725364337139267,0.1040331047511943,11.462011780479711,-2.2630461155768784,2.2527176272814264,6.68505129910045,-0.32524544980869,3.2304206532465754e-06,0.0007160779971602,-12.642898196006042,2.315045234858298,10.97809816598483,0.4079206325183081,0.9872500183522142,0.987467309872127,0.9878199168914944,0.9877327785828308,0.9878760595095872,0.9878648720954069,0.99066162018249,0.9906283075523123,5,0.9878199168914944,0.9878648720954069,4,0.9878199168914944,0.9878648720954069,4,0.9878199168914944,0.9878648720954069,4,0.9878199168914944,0.9878648720954069,4,0.9878199168914944,0.9878648720954069,4,0.9878199168914944,0.9878648720954069,4,0.05,10.0,45,0.3963847336035271,0.0007779846400003,0.1276056300046723,0.0099313997708529,2,0.3438522111057552,0.0009815346453097,0.3713918588850941,0.0009384530953123,3,0.5682435424902832,0.0012107292350376,0.0015417200154793,0.7853107067960029,35.5199946130449,0.01148353132221364,0.07574972125101455,0.1515983310903581
6,50.0,0.009827704,2000,0.0015,0.05,8.305908080179163e-06,1,1,2,1,0.9165,0.9975,0.0811033585960982,0.0,0.0378750079334859,0.0291387322373885,0.4071649771252109,0.792019719650988,0.2884765545545053,0.9994858457573704,5,1396.8449915026006,0.01,0.0241486453681397,0.0962753040607363,0.008061574758642,20.911407359752637,,9.757763586897015,44.55027105407076,2.8470360087114046,2.6057316531105006e+35,9.771493699164375e+34,1.0,1.0,1.0,12,0.0026722620120589,0.0195633956499994,0.0032482581978835,0.0059205202099424,1.1863676735377862,0.2704491792215754,0.1708962639465837,0.2142058952062618,0.2226929221536702,0.4870020517958098,12.262468510094775,3421162848635.9224,2.506543256904068,3.5285874542686124,44.55027105407076,-0.2131497741498174,3.092102035058504,899741.6302416044,1.1288511298762034,2.7263725478162035,38.32227056446427,-0.199049913123817,0.0222386293229244,2.75733775995957e+21,-3.805924442662501,10.835603934695024,42.697198482937786,0.0046214681499731,0.1913484065720484,9.288290202963232,-1.6536593944403766,2.178504569646964,4.7393238336258365,-0.6160523589496546,4.88022684682213e-06,0.0020000148849105,-12.230318854175078,2.4079527015919164,15.244165266366522,0.2208412874261885,0.0247294685096009,0.0248117202690787,0.0378750079334859,0.0362786749949687,0.037131269017559,0.792019719650988,0.0378750079334859,0.792019719650988,5,0.0378750079334859,0.792019719650988,5,0.02718072026404,0.7104430446917391,4,0.02718072026404,0.7104430446917391,4,0.02718072026404,0.7104430446917391,4,0.02718072026404,0.7104430446917391,4,0.02718072026404,0.7104430446917391,4,0.05,10.0,46,0.1524657383912105,0.0014335938088638,0.1586483371178102,0.0149381796786821,3,0.2216514113764053,0.0004854781022887,0.1853620014622314,0.0172885802250472,2,8.138491539252582,0.0012107292350376,0.0021650425106698,0.5592173036191361,6.881128089762431,0.002672262012058913,0.0015654242027394352,1.7070529556030576
10,50.0,0.009827704,2000,0.0005,0.05,8.305908080179163e-06,1,2,2,2,0.513,0.0305,0.0459034305249785,0.0012107292350376,0.9904005110420436,0.9903341426815868,0.3133926632617016,0.9903845281010674,0.9904025598822468,0.3541326174683274,4,31.016961546931885,0.01,0.0120076696481297,0.0127101425533437,2.426305808087692,0.9999838621438516,,8.457167295758804,44.71015650323057,2.7108567319410604,63710613.65350935,7001166.335550478,1.0,1.0,1.0,12,0.0499797745125942,0.4007938899585675,0.0559100764667496,0.0059303019541553,1.3476613948527474,0.2266994568271733,0.2983707901743748,0.1584616106249329,0.1660598778495786,-0.1461288678327997,8.618654036184823,5307257.6216178015,2.1539289281897083,2.6367096145510787,30.27575768944515,-0.1515158468820969,4.48705798773801,178.95071480412764,1.5011972504088922,1.6832160009830497,5.94876795401936,-0.5436202714234287,5.079646419308182e-05,9.335234871308496e+42,-9.887683808300594,26.804094215036287,44.71015650323057,0.2287648937104629,0.1110326054482763,9.09201015891139,-2.1979313780265017,2.293637507915892,4.838866095493724,-0.3478321630048721,2.093381324572591e-06,0.0003707080033083,-13.07672994066383,2.4258868988269873,8.00127781548514,0.5681165357857729,0.990000467366185,0.9906014496365312,0.9904005110420436,0.990345809414886,0.990477342130787,0.9903845281010674,0.9922986792393724,0.9922401222470136,5,0.9904005110420436,0.9903845281010674,4,0.9904005110420436,0.9903845281010674,4,0.9904005110420436,0.9903845281010674,4,0.9904005110420436,0.9903845281010674,4,0.9904005110420436,0.9903845281010674,4,0.9904005110420436,0.9903845281010674,4,0.05,10.0,47,0.3963847336035271,0.0007779846400003,0.1276056300046723,0.0099313997708529,2,0.3602682586198404,0.0010444201250736,0.3828450829494956,0.0009676223945291,3,0.7305888966193989,0.0012107292350376,0.0015417200154793,0.7853107067960029,35.5199946130449,0.04997977451259426,0.26966733547233757,0.18533863000148634
6,2.0,0.009827704,2000,0.002,0.1144714242553332,4.55590650270817e-06,1,1,2,1,0.8975,0.9955,0.0,0.0,0.0374344811996964,0.0288376861183523,0.3401777102279534,0.2204633110607912,0.0930003758744532,0.977535758206444,5,1632.924929972642,0.01,0.0224128942611777,0.0550124276084684,0.0131134475480749,5.889311244483849,,9.466712887399437,43.283794784872846,2.5502937261795644,181.30037836833975,51.80010810523993,1.0,1.0,1.0,12,0.0025311328889567,0.031367847557173,0.003391071874631,0.0059222047635877,1.2051429826854214,0.2568711144763894,0.18659821773356,0.202140642677142,0.208768220502886,0.4357382767334474,10.878206201950412,38764492.54650329,2.386761356690792,2.9632396322653314,33.247505358247054,-0.2031669884078626,3.1037557323429623,262773.98394290206,1.132612904747261,2.621126038535324,32.824944163930176,-0.3058189434344318,0.0202645642816554,6.259305547409351e+20,-3.8988815201616127,9.943293079985605,43.283794784872846,-0.0156434137275743,0.223155874714945,12.285837537887858,-1.49988476194846,2.2839646647410805,4.4371039876149965,-0.2922747909872794,4.745382294989626e-06,0.0009854290698033,-12.258338561183711,2.4129018483248785,9.753601884212136,-0.0168873314213464,0.0244976050168034,0.024580972138557,0.0374344811996964,0.0290789814806328,0.0294588350819356,0.2204633110607912,0.0374344811996964,0.2204633110607912,5,0.0374344811996964,0.2204633110607912,5,0.0263491860194225,0.2203165820158998,4,0.0263491860194225,0.2203165820158998,4,0.0263491860194225,0.2203165820158998,4,0.0263491860194225,0.2203165820158998,4,0.0263491860194225,0.2203165820158998,4,0.1144714242553332,10.0,48,0.1827890187874362,0.0015603482486129,0.0685490026789225,0.002268967964165,3,0.1985667476067773,0.0004141399589772,0.2134718951544492,0.0041820297911796,2,4.862096887926907,0.0024411109861144,0.0005774151451203,4.227653200204265,4.830329867623024,0.0025311328889567226,0.0023050723905638087,1.098070888931007
10,2.0,0.009827704,2000,0.0005,0.1144714242553332,4.55590650270817e-06,1,2,2,2,0.547,0.0345,0.5552809198145464,0.0024411109861144,0.9867726969843608,0.9867657373703812,0.3131166930150768,0.9866860274609228,0.986834237878056,0.3401442626864187,5,30.30169886087283,0.01,0.0114072090291786,0.0120119750396013,1.59336913603284,0.9999121687054142,,8.706477399785356,44.7101093683223,2.772031728865956,1.777565487273461e+98,3.118535942585019e+97,1.0,1.0,1.0,12,0.0268239222321699,0.3825463790987779,0.0327369517591499,0.0059130295269799,1.3293896552733562,0.2375807144052362,0.2847199310946594,0.1656966059577121,0.1761874040974248,-0.0606005053943742,8.524943269115544,84771294.0510818,2.142996368498235,2.6690301889129837,34.105135168754366,-0.1342313344052225,5.112106886869805,311.0006005350491,1.6316116258687334,1.7943406751907824,6.9817367558914345,-0.7248281972410497,0.0001229611366437,2.6702257706881967e+45,-9.003642214764552,24.958381894684287,44.7101093683223,0.198298658463604,0.1125463089266638,33.118430860977334,-2.1843905071323886,2.3832056379095707,10.18983332000145,0.0071166541000946,1.237803338378114e-06,0.0001500164966129,-13.602172250619327,2.4328791257643743,7.277084355870917,0.535614861599983,0.9853616262841364,0.9881628888426462,0.9867726969843608,0.9861995034062238,0.9876171827670216,0.9866860274609228,0.9867726969843608,0.9866860274609228,5,0.9867726969843608,0.9866860274609228,5,0.9852663409828016,0.9852102437142896,4,0.9852663409828016,0.9852102437142896,4,0.9852663409828016,0.9852102437142896,4,0.9852663409828016,0.9852102437142896,4,0.9852663409828016,0.9852102437142896,4,0.1144714242553332,10.0,49,0.4434297734658075,0.0011201972034054,0.0445621281093877,0.0005792137329825,2,0.2145715829493731,0.0002615254887162,0.2401870949797533,0.000277653088628,2,0.5994854609503729,0.0024411109861144,0.0004187559651523,5.829435731682555,18.86107294829623,0.026823922232169995,0.18911274933023026,0.14184089823224894
6,10.0,0.009827704,2000,0.001,0.1144714242553332,4.55590650270817e-06,1,2,2,2,0.445,0.0375,0.0907686386763117,0.0024411109861144,0.047628219858014,0.0592977831215248,0.3113567860181634,0.0449668427067359,0.0539047237921862,0.3742358043578291,5,878.137017614943,0.01,0.0116019962274581,0.0126881214332653,4.854267808566918,0.9441218429071674,,8.360689334421826,44.71017777549855,1.708752309133972,6406.013898037887,2135.337966012629,1.0,1.0,1.0,12,0.219966154798772,0.4949523665658971,0.2259731643831849,0.0060070095844128,1.4462438943202198,0.3213104449218426,0.3689697777849241,0.2031645193609504,0.2174557865015986,-0.4641122625644739,7.67300517363957,33647492.597410515,2.0377083474608515,1.9525643659181895,44.24116625971349,-0.1295626752203204,3.871074576425875,4198.558955377438,1.3535321368260746,1.604771935110733,30.865314712873065,-0.6371679398304088,0.0050317443979228,7.206433326976729e+24,-5.291988556199478,9.042697665316414,44.71017777549855,0.1368573886219627,0.0901305412989295,11.73746685958078,-2.4064962006742854,2.5012210649235938,6.012349762046282,0.09557977384282,1.5222086221348834e-06,0.0016589710287464,-13.395348236870271,2.6720110713999308,17.837828147503927,0.4102760704177616,0.0403419343128853,0.0899231951936752,0.047628219858014,0.0437881899442747,0.0729591387255479,0.0449668427067359,0.047628219858014,0.0449668427067359,5,0.047628219858014,0.0449668427067359,5,0.047628219858014,0.0449668427067359,5,0.0399977564779569,0.0372158149030889,4,0.0399977564779569,0.0372158149030889,4,0.0399977564779569,0.0372158149030889,4,0.0399977564779569,0.0372158149030889,4,0.1144714242553332,10.0,50,0.1827890187874362,0.0015603482486129,0.0685490026789225,0.002268967964165,3,0.1236874318243593,0.0010816244936459,0.1360688083450332,0.0010312166056935,3,1.292749523954471,0.0024411109861144,0.0005774151451203,4.227653200204265,4.830329867623024,0.21996615479877202,0.7262374107061609,0.30288463738722404
10,10.0,0.009827704,2000,0.0015,0.1144714242553332,4.55590650270817e-06,1,2,2,2,0.5665,0.0055,0.6380289406136643,0.0024411109861144,0.989733636101177,0.9894574116163208,0.2878883255106362,0.989832377591636,0.9899157203371084,0.3243319294315494,4,29.91610566909512,0.01,0.0146545062285305,0.0157497428244301,0.3958741631257514,1.000099765721662,,8.401737457440046,44.70382284505921,2.357623036766111,1.4288990237994587e+32,1.7425597851212912e+31,1.0,1.0,1.0,12,0.0056853026726172,0.3092573044711268,0.0116247196761854,0.0059394170035682,1.29037665238616,0.2036078767653576,0.2549341543500489,0.1487206456867041,0.156004183307767,0.1327621904159455,9.362677369736016,1738274721.665655,2.2367312933619954,2.8507741928419663,43.52174304610027,-0.1585542656532776,3.838226570034814,839.3899758361847,1.3450104292028824,1.8795072631105056,13.783612572227469,-0.5394964627542144,0.0001461616486205,2.0355555818084196e+40,-8.830797366397741,20.819691304032816,44.70382284505921,0.229415927883916,0.1113240496004774,14.56209192615202,-2.195309964972479,2.2960634504051787,6.855687303971681,0.0121424815196499,4.605655092198572e-06,0.0005911164884847,-12.288225641653886,2.3599412821962904,8.144048285847639,-0.0046019758252464,0.9892816629579464,0.9893569357898392,0.989733636101177,0.9899636507371922,0.9899511326824972,0.989832377591636,0.9931858799666528,0.9931618276788252,5,0.989733636101177,0.989832377591636,4,0.989733636101177,0.989832377591636,4,0.989733636101177,0.989832377591636,4,0.989733636101177,0.989832377591636,4,0.989733636101177,0.989832377591636,4,0.989733636101177,0.989832377591636,4,0.1144714242553332,10.0,51,0.4434297734658075,0.0011201972034054,0.0445621281093877,0.0005792137329825,2,0.3590763621820403,0.0010554951352378,0.3907363264427095,0.0010295769027767,3,0.4874773252521578,0.0024411109861144,0.0004187559651523,5.829435731682555,18.86107294829623,0.005685302672617238,0.04250161985320293,0.13376672918005952
6,50.0,0.009827704,2000,0.0005,0.1144714242553332,4.55590650270817e-06,1,2,2,2,0.5505,0.014,0.5866170872937398,0.0024411109861144,0.0287165404861299,0.0297271809880583,0.2454395500734199,0.0278331137173518,0.0246526207486336,0.2616680809155961,5,898.834340790709,0.01,0.0115216779304462,0.0121569864802448,0.2061031132051076,0.969236309324766,,10.053314382159908,43.91949211298924,2.2966267386606143,204124151.26271763,153093113.44703823,1.0,1.0,1.0,12,0.000484192993151,0.3242792031365534,0.0063892301773338,0.0059050371841828,1.271894954790106,0.3492189007110778,0.2405078787956096,0.2509188195362,0.2658109931284333,0.136182508346888,16.04999139579093,3234763958.2223864,2.7757083134880887,3.641901490956772,17.74622735703219,-0.2721049515688916,4.4173037824194905,172775104.66213313,1.4855295059839932,2.716719595472349,43.91949211298924,-0.4249634739169139,0.0259571805615407,5.080613481909875e+19,-3.651307000072896,8.385689287426088,34.124046996331494,-0.0480725619249831,0.1626127381703479,30.352266885605484,-1.8163837444058408,2.7516512272226317,6.333469590248914,-0.1275766016707274,1.0370593817378535e-06,0.0004544777098714,-13.779121367349738,2.797549324480367,10.00529499980572,0.5290470913291561,0.0302989633745724,0.0301660391034726,0.0287165404861299,0.0229242598528048,0.0232004886757442,0.0278331137173518,0.0287165404861299,0.0278331137173518,5,0.0287165404861299,0.0278331137173518,5,0.015567522193324,0.0146706026492635,4,0.015567522193324,0.0146706026492635,4,0.015567522193324,0.0146706026492635,4,0.015567522193324,0.0146706026492635,4,0.015567522193324,0.0146706026492635,4,0.1144714242553332,10.0,52,0.1827890187874362,0.0015603482486129,0.0685490026789225,0.002268967964165,3,0.1106513638058083,0.0005869599271047,0.1221210623910622,0.0005933141463986,3,0.0707336111701998,0.0024411109861144,0.0005774151451203,4.227653200204265,4.830329867623024,0.00048419299315101503,0.042555367599961404,0.01137795348644701
10,50.0,0.009827704,2000,0.001,0.1144714242553332,4.55590650270817e-06,1,2,2,2,0.5595,0.0095,0.1085173799677751,0.0024411109861144,0.9934152461056532,0.9931251966558762,0.2845133318096087,0.9934637931276478,0.9934784226721964,0.3213632771591528,4,26.389106277650676,0.01,0.0134014993515003,0.0142657160449661,0.6956595046122394,1.000048868811089,,8.557676773990831,44.71016863027661,2.4727997122712018,2.4784701813256497e+36,3.490803072289647e+35,1.0,1.0,1.0,12,0.01130606936533,0.3448501966983492,0.0172374468756811,0.0059313775103511,1.3056016278474187,0.218108965296737,0.2666639520463359,0.1567621313340883,0.1649546201261413,0.0511263843949205,10.065011358483217,378127559.6688077,2.309065187604105,3.116143056194034,28.217719729949778,-0.1682645159339674,3.9923627472254606,837.4423925693867,1.3843832228643735,1.8254851928426488,14.157961392452126,-0.5770303248475922,9.422959375679768e-05,4.664049452736431e+48,-9.269776266942449,22.922300085713697,44.71016863027661,0.2275228785861046,0.1099535468318077,55.87790594219089,-2.207697303913144,2.297764438814965,17.08832928551076,0.0175245322257317,3.296199338216417e-06,0.0005962324906172,-12.622740468918025,2.376248822993458,10.07672830076086,0.1362039326027934,0.992880354669947,0.9930799891920284,0.9934152461056532,0.9934435928969706,0.9935278819919708,0.9934637931276478,0.995549350891504,0.9955367752959554,5,0.9934152461056532,0.9934637931276478,4,0.9934152461056532,0.9934637931276478,4,0.9934152461056532,0.9934637931276478,4,0.9934152461056532,0.9934637931276478,4,0.9934152461056532,0.9934637931276478,4,0.9934152461056532,0.9934637931276478,4,0.1144714242553332,10.0,53,0.4434297734658075,0.0011201972034054,0.0445621281093877,0.0005792137329825,2,0.3418139525937761,0.0009596675228951,0.3697257122250973,0.00092043112565,3,0.5645045773755296,0.0024411109861144,0.0004187559651523,5.829435731682555,18.86107294829623,0.011306069365330074,0.07867451912320837,0.14370687601692467
6,2.0,0.009827704,2000,0.0,0.1144714242553332,1.0054910036752826e-05,1,0,2,2,0.4415,0.001,0.4665829291473188,0.0012632269711175,0.0270582201867621,0.0352858654974241,0.8147452909268618,0.0014636258747476,0.3373723784302072,0.9792713206886664,4,308.2476858807343,0.01,0.0773764148549728,0.0002031316332955,0.0009331807565124,0.0540917275654267,,10.6321735229641,44.71017780683129,45.3508142143565,3.008660062910739e+21,5.1577029649898386e+20,0.8333333333333334,1.0,1.0,1,0.0018633214761247,0.0011997061461228,0.0030630276222476,0.0059516255883005,0.9639526117293816,0.2060844122982267,-0.0367131435369564,0.2045021584431951,0.2093241917061154,1.2826606220520913,8.423900267136064,968329506224.7676,2.131072935627696,4.458075698168111,43.8025389087508,-0.2803364458624596,0.9055679362489972,2025743601.2482505,-0.0991929782455002,4.498482327780387,31.527041572755113,0.1883292975541507,0.0513211530632077,1.6330975946575727e+42,-2.9696522713809537,13.529018962938055,44.71017780683129,-0.1138019665307374,0.3876992603281531,3.833653823648874,-0.9475253421529514,1.7519561621331703,2.4895111806315713,-0.6963100682380609,2.662693234188784e-05,0.0018287559469905,-10.533587360347072,2.197168480088792,5.543556046858326,-0.4432350683953187,0.0270582201867621,0.0322423092560228,0.0465570670494875,0.0260520250274588,0.9846014843884152,0.0014636258747476,0.1006013838868102,0.1088982019954702,5,0.0270582201867621,0.0014636258747476,4,0.0270582201867621,0.0014636258747476,4,0.0159559149487449,0.0001464387442269,2,0.0159559149487449,0.0001464387442269,2,0.0159559149487449,0.0001464387442269,2,0.0159559149487449,0.0001464387442269,2,0.1144714242553332,10.0,54,0.1052899181506622,0.0005225408475405,0.0501705003941102,0.0024606254900998,2,0.5483761973895237,0.0054680105830326,0.0264061923735326,0.0006466140851349,3,23.64155628782498,0.0012632269711175,0.0041054899727965,0.3076921340663,6.895437108449897,0.0018633214761247813,0.000322210381300655,5.782934331920588
10,2.0,0.009827704,2000,0.0,0.1144714242553332,1.0054910036752826e-05,1,1,2,2,0.862,0.001,2.4412731057326775,0.0,0.7324667484041936,0.7204597046249687,0.570245175029006,0.8946647004222525,0.7850500543387214,0.9957689729082772,4,113.09058604790316,0.01,0.0264512701641625,0.0791010151066268,0.032102844546542,1.2214407034468602,,8.268073654806575,44.70572351222814,2.535164966425697,6.3605651390720355e+65,9.637219907684904e+64,1.0,1.0,1.0,12,0.0017370244946377,0.0367247378520943,0.004233540133455,0.0059705646280927,1.2369492178408972,0.1822359427065664,0.2126480398925633,0.1414292068385163,0.1458343170014985,0.0915347163404911,12.249404444062916,1534367859.0764716,2.50547731899771,3.2193513609124107,42.32180167469221,-0.5045008443936835,2.154452655707947,1621.3923802100928,0.7675367032247203,1.9458321604611883,19.89610053276274,-0.0100387202023373,0.0010129308319722,3.17262432268684e+30,-6.894907336429556,15.194971247961355,44.70572351222814,0.1570010277021539,0.1275104451689905,38.67396806269859,-2.0595569948451096,2.215548980533499,14.134543635041528,-0.0486890892779565,1.1536556723714176e-05,0.0046961726661129,-11.36998971890218,2.301447643856577,17.08855172339865,-0.0597275212234424,0.714210285517431,0.7147020799532815,0.7324667484041936,0.7290798222941334,0.7314056402997782,0.8946647004222525,0.7401698967715048,0.9091922487239604,5,0.7324667484041936,0.8946647004222525,4,0.7324667484041936,0.8946647004222525,4,0.7324667484041936,0.8946647004222525,4,0.7324667484041936,0.8946647004222525,4,0.7324667484041936,0.8946647004222525,4,0.7324667484041936,0.8946647004222525,4,0.1144714242553332,10.0,55,0.3843300458237925,0.0008262312883949,0.0368623976029966,0.0013797108045697,2,0.4529169794467846,0.0009704576990995,0.2705421827864768,0.0253296140945262,3,1.50933763178183,0.0012632269711175,0.0026881316064556,0.4699275020924808,20.191305535937488,0.0017370244946377077,0.004227217797656147,0.41091435970032836
6,10.0,0.009827704,2000,0.0005,0.1144714242553332,1.0054910036752826e-05,1,1,2,2,0.9195,0.0025,0.2540895664251574,0.0,0.0442575342597795,0.0339447147390297,0.4616639559838433,0.057881957263821,0.1816967834086811,0.975302539738577,5,1895.7249310434984,0.01,0.029444225361235,0.0146959621419425,0.0080598259720679,1.3078441497456648,,9.448238012235088,44.29659071431013,2.779001378153204,346.6720941417848,80.00125249425803,1.0,1.0,1.0,12,0.0026116760602596,0.0110908981708388,0.003325064429755,0.0059367404900146,1.1813700597027026,0.2484032406042492,0.1666748325045975,0.1997591908609035,0.2060514703199901,0.2949495813647768,10.08499093322132,8333329541.989744,2.3110482723697094,3.098599359018649,44.29659071431013,-0.4614137769024368,2.5814570892330604,67346.0957700936,0.948354002783399,2.6354770807121732,17.06196434672844,-0.0760207575488071,0.0152260896185242,6.300364403554936e+25,-4.184744900227864,11.2389944244014,42.70136781488535,-0.0288759227126642,0.2315896164514245,18.25451777920826,-1.4627883682632206,2.0857847245050833,7.952713454530567,-0.3378304963193017,8.40158647617155e-06,0.0017189514094609,-11.687090003737085,2.363997211049741,8.495456969816786,0.0759901581110785,0.0286654630932518,0.0289111468640579,0.0442575342597795,0.2102036649096213,0.2770047280526009,0.057881957263821,0.0442575342597795,0.057881957263821,5,0.0442575342597795,0.057881957263821,5,0.0352582344845766,0.0210486004851776,4,0.0352582344845766,0.0210486004851776,4,0.0352582344845766,0.0210486004851776,4,0.0352582344845766,0.0210486004851776,4,0.0352582344845766,0.0210486004851776,4,0.1144714242553332,10.0,56,0.1052899181506622,0.0005225408475405,0.0501705003941102,0.0024606254900998,2,0.2931464714518012,0.0007506134516305,0.0876017258898694,0.0008277366998449,2,7.378531916100832,0.0012632269711175,0.0041054899727965,0.3076921340663,6.895437108449897,0.002611676060259608,0.0015263458171920262,1.7110644461058189
10,10.0,0.009827704,2000,0.0005,0.1144714242553332,1.0054910036752826e-05,1,1,2,2,0.847,0.001,0.6250275561707767,0.0,0.7005086902505697,0.6871104970322749,0.5400048531873517,0.7721859631154712,0.7174250017790224,0.9604165873612212,4,127.2617234935816,0.01,0.0250181319478972,0.046174688679972,0.0455767441355922,1.102321746842659,,8.1875858862503,44.71007205440283,2.509484142742195,7.645368629545773,0.9677681809551612,1.0,1.0,1.0,12,0.0013186495370605,0.0527426001268131,0.0046521836484226,0.0059708331854832,1.2553354210100138,0.1910298811647892,0.2274028046111509,0.1455359227874701,0.1505392707848755,-0.0124304869458597,11.088013877964435,6764899.930529994,2.4058646940669335,2.9719863891676854,26.06890932838489,-0.5129743731687967,2.1996918293227132,2805.6278461829525,0.7883172729719048,1.927488325551004,22.365793636919005,-0.0209154233685122,0.0019034968718506,2.134100050651851e+39,-6.264062625510188,15.71956582786186,44.71007205440283,0.1116303980740367,0.1417805717827039,11.225711790171948,-1.953474685676503,2.2371876651222307,5.88930545729622,-0.09563586221087,1.0356917672580656e-05,0.00053815660429,-11.477855887353048,2.243397851823644,5.156597816987604,-0.0131914161004308,0.6801372112113748,0.68068558963488,0.7005086902505697,0.6891954196620123,0.6908936225595835,0.7721859631154712,0.7092238650160578,0.772527451464969,5,0.7005086902505697,0.7721859631154712,4,0.7005086902505697,0.7721859631154712,4,0.7005086902505697,0.7721859631154712,4,0.7005086902505697,0.7721859631154712,4,0.7005086902505697,0.7721859631154712,4,0.7005086902505697,0.7721859631154712,4,0.1144714242553332,10.0,57,0.3843300458237925,0.0008262312883949,0.0368623976029966,0.0013797108045697,2,0.4373114477156716,0.0009164864723687,0.3205015175836255,0.0065870536808333,3,0.8338175805002097,0.0012632269711175,0.0026881316064556,0.4699275020924808,20.191305535937488,0.0013186495370605712,0.005782440190655235,0.22804378317506624
6,50.0,0.009827704,2000,0.001,0.1144714242553332,1.0054910036752826e-05,1,1,2,2,0.936,0.002,0.0453864871594886,0.0,0.0453366284939837,0.0344874794251153,0.4160903987186749,0.0536366883572499,0.287819090210707,0.9759182189070869,5,1751.2763782729232,0.01,0.0292471181743449,0.0119937427403223,0.0072021550720935,1.1830762484768276,,9.725827302176144,44.707508389854794,3.259370693711315,44807.624957256376,12802.178559216109,1.0,1.0,1.0,12,0.002649676181425,0.0099584962228975,0.0032809015547902,0.0059305777362152,1.1855654626977123,0.2655835940421154,0.170219844482303,0.2129607708787411,0.2189298704277411,0.2600191458360853,10.653809258923651,157524674.80167672,2.365917505098542,3.1479685886995443,27.617635461560887,-0.4716075222003413,2.5012204345089457,5548473951.757428,0.9167787865596674,2.880535763776261,43.478908720027995,-0.0585917904845828,0.0276535324936067,1.4939917009581091e+34,-3.58800180171995,11.694627921509404,44.707508389854794,-0.078778002947877,0.2212080564785813,6.813898926657322,-1.5086515883038052,2.1381863230849563,3.6536981177858343,-0.3081015258313437,6.9666350030163905e-06,0.1840572210003178,-11.874378232693518,2.4895355610622776,41.784407666538925,0.1473884352315434,0.0289315698281011,0.0291942399532609,0.0453366284939837,0.3395641632675146,0.4702564190073565,0.0536366883572499,0.0453366284939837,0.0536366883572499,5,0.0453366284939837,0.0536366883572499,5,0.0364797374716621,0.0185697996018251,4,0.0364797374716621,0.0185697996018251,4,0.0364797374716621,0.0185697996018251,4,0.0364797374716621,0.0185697996018251,4,0.0364797374716621,0.0185697996018251,4,0.1144714242553332,10.0,58,0.1052899181506622,0.0005225408475405,0.0501705003941102,0.0024606254900998,2,0.2734919656339462,0.0007138502790255,0.0784870842263613,0.0007153508796953,2,8.285709293639634,0.0012632269711175,0.0041054899727965,0.3076921340663,6.895437108449897,0.002649676181425024,0.0014235121151917366,1.8613653885679309
10,50.0,0.009827704,2000,0.0005,0.1144714242553332,1.0054910036752826e-05,1,1,2,2,0.878,0.001,0.5038271505989779,0.0,0.1008124460992341,0.077714202041956,0.7221535288337999,0.0089600984740073,0.2693946243196028,0.9888468116589832,4,1226.8993715311751,0.01,0.0360428214495245,0.009129156206332,0.013126329938805,0.0888788916518057,,8.230517581628032,44.71017776927334,4.189655198020495,2.0544108238315305e+48,3.1127436724720156e+47,1.0,1.0,1.0,12,0.0022761807230707,0.0096862422452028,0.0037033991372636,0.0059795798603344,1.222512865630236,0.1711522290983528,0.2009084663444256,0.1351181281920407,0.1387089093832473,0.18269388577732,12.184339807592782,4084011.1403914504,2.5001515048619276,3.1482848086162596,16.182352511452226,-0.5141973373609736,1.5996619445050844,1132.8042859277557,0.4697923222376599,1.9682678448531312,17.621073795774308,0.1413479964604312,0.0018734198015113,7.589998448580867e+26,-6.279989747419483,13.004557897752104,44.71017776927334,0.1361606082072667,0.1498214021066881,14.023307154419609,-1.898311346897941,2.1619140375738217,7.071860178921995,-0.1244816886253556,1.4214465456302104e-05,0.0011624893468751,-11.161250417768008,2.244127148606631,6.228009125954504,-0.1542689166887054,0.0652214379977639,0.0671087220288701,0.1008124460992341,0.5642842648632082,0.234939509621593,0.0089600984740073,0.1065873867685014,0.0569977145010852,5,0.1008124460992341,0.0089600984740073,4,0.1008124460992341,0.0089600984740073,4,0.1008124460992341,0.0089600984740073,4,0.1008124460992341,0.0089600984740073,4,0.1008124460992341,0.0089600984740073,4,0.1008124460992341,0.0089600984740073,4,0.1144714242553332,10.0,59,0.3843300458237925,0.0008262312883949,0.0368623976029966,0.0013797108045697,2,0.5662677188698804,0.0014069109083346,0.1165844061421813,0.0036463505677599,3,4.157836952985705,0.0012632269711175,0.0026881316064556,0.4699275020924808,20.191305535937488,0.0022761807230707847,0.002046141704583485,1.112425751340681
6,2.0,0.009827704,2000,0.0005,0.1144714242553332,2.552771750786518e-06,1,1,2,1,0.946,0.995,0.0,0.0,0.0170663288149913,0.0222846791405294,0.5522483083962919,0.035302463725653,0.1103712085015298,0.954077370316062,5,1435.9449129004836,0.01,0.0136789155889898,0.0091579967014625,0.2419316525977126,2.068544682828495,,10.704691762217603,44.710177812191965,2.77264830399855,2540276122916.5083,3048331347499.81,1.0,1.0,1.0,2,0.0001198197497658,0.0057820699339941,0.003002182431985,0.00590188968376,1.1685702336524453,0.3290560740873224,0.1557809790120124,0.2590063989173892,0.2720901972223605,0.558852314295362,22.88945722221241,967161267696146.6,3.1306764212417586,4.517156061126129,44.148136976041926,-0.3626774740731684,3.1535755210091145,20631745.424205773,1.1485368951491028,3.1844888744149205,18.657011069849712,-0.1660272109653928,0.0265548343292459,9.926614235410137e+26,-3.628543463905396,7.78958202281713,44.710177812191965,-0.1741067784668936,0.1851731812828308,32.023931314052355,-1.6864637767439186,2.6095344290105937,7.190565925938546,-0.1843111456461721,1.1720084012641854e-06,0.0013056603361918,-13.656791698520994,2.8084854478166097,13.181568833876929,0.2771817354832732,0.0170078726972673,0.0170663288149913,0.0327798359093298,0.1422256146704227,0.1535855471085137,0.035302463725653,0.0170663288149913,0.035302463725653,5,0.0170663288149913,0.035302463725653,5,0.008863183835881,0.0176777152782201,4,0.008863183835881,0.0176777152782201,4,0.0088221027531909,0.0174941269658834,3,0.0088221027531909,0.0174941269658834,3,0.0088221027531909,0.0174941269658834,3,0.1144714242553332,10.0,60,0.1246845978782128,0.0014368901362191,0.0989172073666624,0.0042184367489329,3,0.0251366457981894,0.0001574105486901,0.105959880927727,0.0015846562681603,3,0.3213700218797392,0.0021472930907463,0.0010429687982726,2.0588277370356165,5.217257286562812,0.002779887502009097,0.07118431064541171,0.039051969132025
10,2.0,0.009827704,2000,0.0,0.1144714242553332,2.552771750786518e-06,1,2,2,2,0.5015,0.0775,0.1392550845170877,0.0021472930907463,0.9276304490849558,0.930548917992462,0.5141124910991347,0.9265785380521776,0.930403230501609,0.5514061274196614,4,59.66257375488918,0.01,0.0107078913021128,0.0113949420314796,4.5053143933020365,0.9988660236047492,,8.575886953231208,44.710177812216706,2.516601235561548,1.7402101866082638e+145,1.871193749041144e+144,1.0,1.0,1.0,12,0.1165833687151996,0.4355548592834295,0.1225041187063227,0.0059207499911231,1.382029735776309,0.247146974274544,0.3235532415946886,0.1651869860324746,0.1763111509476796,-0.1393931670008116,6.535562622814717,544777.116014409,1.877258437144578,2.2686051527642626,16.266436995164433,-0.1696429040009052,5.901104324098419,616.903785983531,1.7751395069728888,1.638396550222116,12.475601404124506,-0.7051494449476187,4.111250748150468e-06,1.963039692738022e+83,-12.401783257466764,31.210343068907378,44.710177812216706,0.2376462426442884,0.1063029621276853,10.993005662799872,-2.2414621282869613,2.269839737206317,5.84358649801385,0.032615549950715,9.34204571491533e-07,0.0002228299933735,-13.883570395407682,2.4687750998921225,8.806556148330285,0.4071815077185198,0.9214997540062008,0.9425165508862288,0.9276304490849558,0.9256121476130934,0.939019005839556,0.9265785380521776,0.9309620353289736,0.9298559407189408,5,0.9276304490849558,0.9265785380521776,4,0.9276304490849558,0.9265785380521776,4,0.9276304490849558,0.9265785380521776,4,0.9276304490849558,0.9265785380521776,4,0.9276304490849558,0.9265785380521776,4,0.9276304490849558,0.9265785380521776,4,0.1144714242553332,10.0,61,0.4215480146485864,0.0016001202816656,0.0706364442747458,0.0024619153331421,3,0.2300526563555869,0.0003524995730809,0.2602732320810743,0.0003678963564891,2,0.9072385566956818,0.0021472930907463,0.0007198270119005,2.9830682306251375,29.097257322146923,0.1165833687151996,0.6279905700968869,0.1856450944752451
6,10.0,0.009827704,2000,0.001,0.1144714242553332,2.552771750786518e-06,1,2,2,2,0.5555,0.0305,0.1245533536381481,0.0021472930907463,0.0308235235359589,0.0728262350476252,0.3573815792288985,0.0296150355687874,0.0298715556842781,0.3912077631990761,5,901.66283355933,0.01,0.0122747713815706,0.0128808196860781,1.383168813549122,0.9607933218354584,,9.540190391498216,44.70911008206013,1.8540707533788767,16265.370577110622,12199.027932832969,1.0,1.0,1.0,12,0.0240112377483158,0.4107120079577915,0.0299232851007024,0.0059120473523865,1.3502181314985229,0.3537537945418867,0.3002661582856701,0.2386856828492457,0.2544005939617663,0.0010941007249183,12.52530633823463,3279777422.863143,2.5277511048143184,2.9563096631267953,26.97322194465532,-0.3502154888338169,3.7663825266246422,79728.19712898866,1.3261149987954046,2.191585702917717,25.78094102735306,-0.3222734611178707,0.0143843107866044,3.167317897043235e+17,-4.241617195076076,7.864258388419498,44.70911008206013,-0.0944965518325233,0.1207527633067237,22.694990241673917,-2.1140101021835687,2.6406355168546183,7.006887515761557,-0.0202299614745972,9.329870084600056e-07,0.0003249072674239,-13.88487456067618,2.7040857632681106,9.43390487523288,0.37223069857223,0.140545756387154,0.0471094252197628,0.0308235235359589,0.0307408392650968,0.02925879221895,0.0296150355687874,0.0308235235359589,0.0296150355687874,5,0.0308235235359589,0.0296150355687874,5,0.0184546269830248,0.0171238697029328,4,0.0184546269830248,0.0171238697029328,4,0.0184546269830248,0.0171238697029328,4,0.0184546269830248,0.0171238697029328,4,0.0184546269830248,0.0171238697029328,4,0.1144714242553332,10.0,62,0.1246845978782128,0.0014368901362191,0.0989172073666624,0.0042184367489329,3,0.0978564629929053,0.0006470220647592,0.1054410921499586,0.0006382829149996,3,0.5106557873210688,0.0021472930907463,0.0010429687982726,2.0588277370356165,5.217257286562812,0.024011237748315893,0.2720634910027464,0.08825600840383802
10,10.0,0.009827704,2000,0.001,0.1144714242553332,2.552771750786518e-06,1,2,2,2,0.5145,0.0175,0.129272564552992,0.0021472930907463,0.992171102743868,0.9912522832146264,0.2696519385982808,0.9922278980868248,0.9921755817385296,0.3030279699698323,4,28.351806682357385,0.01,0.0125345133651556,0.0132936263308593,1.1747882373580172,1.000057243496409,,8.540780633975224,44.71017624524046,2.9702090401014254,21887.452666365098,2669.201544678671,1.0,1.0,1.0,12,0.0206526526925927,0.3636169196363319,0.0265836733074405,0.0059310206148477,1.3146573269247566,0.2177946701661793,0.273576043780885,0.1560094409654455,0.1636052707168235,0.1727540366572273,9.128883463034748,3362770923.2573195,2.2114433939230587,2.764121877776741,43.85574412012481,-0.2601324235033982,4.437468170933096,1157.339748267308,1.4900839820283387,1.7810862946421675,16.661958758980177,-0.4886113018030432,0.0002039744771506,9.643148375846227e+59,-8.497515683953914,25.23939790288356,44.71017624524046,0.1391773766540949,0.1043999619553269,16.441339519900147,-2.2595259679462427,2.3088314540446535,6.960947576941921,0.0398885379125083,3.0048378606211785e-06,0.0005584387113969,-12.715286947964865,2.3611901238529267,9.613007766526763,-0.0690515678528906,0.9900316495413334,0.991554097358678,0.992171102743868,0.9922065320109568,0.9920923151178066,0.9922278980868248,0.9944002763251374,0.9943974125035072,5,0.992171102743868,0.9922278980868248,4,0.992171102743868,0.9922278980868248,4,0.992171102743868,0.9922278980868248,4,0.992171102743868,0.9922278980868248,4,0.992171102743868,0.9922278980868248,4,0.992171102743868,0.9922278980868248,4,0.1144714242553332,10.0,63,0.4215480146485864,0.0016001202816656,0.0706364442747458,0.0024619153331421,3,0.3698609440937625,0.0011284492351234,0.3932124081892814,0.0010627067786825,3,0.6140598153375691,0.0021472930907463,0.0007198270119005,2.9830682306251375,29.097257322146923,0.02065265269259277,0.12758866136315722,0.16186902873609482
6,50.0,0.009827704,2000,0.0,0.1144714242553332,2.552771750786518e-06,1,0,2,2,0.4655,0.001,0.0491077736009006,0.0098664153878836,0.0263180735997725,0.0295267998395255,0.3521588148229388,0.0199331422854792,0.0272817053520468,0.8372798304803686,5,1700.683152144371,0.01,0.0195967660749693,0.0007640709923923,0.0256960614543084,0.7573936675080775,,10.486831121365084,44.71015397993907,3.448059542117674,1306248.151964713,653124.0759823564,1.0,1.0,1.0,1,0.0012491275206137,0.0017617799622654,0.0030109074828791,0.0059122563139736,1.0963586803944312,0.2693755169025742,0.0919943981205301,0.2294114571358944,0.2391920418989442,0.9089908104295168,13.930866842819436,15809507564.714014,2.6341070143422813,4.009881336105223,28.0830124364921,-0.2847219774470879,2.9816222257191023,54074541475574.26,1.0924675234478245,3.766893068677935,44.71015397993907,-0.1254727505801053,0.0302120762373633,4.203560058043794e+24,-3.499513559120796,9.539102807523332,44.7095204383247,-0.1557011142818933,0.2282768311138084,11.575127452513096,-1.4771962149860771,2.3196731794925505,4.318620768545202,-0.2975565041118889,4.737585213225024e-06,0.001059765583624,-12.259983000757066,2.535979468508403,7.583446965163425,-0.2438299816450403,0.0263180735997725,0.0264862175755276,0.0357761083432763,0.0344161304027383,0.0274958433679228,0.0199331422854792,0.0263180735997725,0.0199331422854792,5,0.0263180735997725,0.0199331422854792,5,0.0156193212966714,0.002024968155436,4,0.0156193212966714,0.002024968155436,4,0.0156193212966714,0.002024968155436,4,0.0156193212966714,0.002024968155436,4,0.0156193212966714,0.002024968155436,4,0.1144714242553332,10.0,64,0.1246845978782128,0.0014368901362191,0.0989172073666624,0.0042184367489329,3,0.1148121780795574,0.0002024117987416,0.0408489073004774,0.000276683516754,2,1.3283725570500249,0.0021472930907463,0.0010429687982726,2.0588277370356165,5.217257286562812,0.0012491275206137058,0.005660192951040901,0.22068638497279375
10,50.0,0.009827704,2000,0.001,0.1144714242553332,2.552771750786518e-06,1,2,2,2,0.538,0.0295,0.376882202946111,0.0021472930907463,0.9889959389028182,0.9890775148515544,0.3217541070073961,0.98901763232516,0.9889543491761876,0.3598674250949457,4,30.0758425946508,0.01,0.0116300407480859,0.0123027299174141,2.129454031227121,1.0000219347941568,,8.483347910462491,44.71017781221652,2.365994770612974,inf,inf,1.0,1.0,1.0,12,0.0406928437777072,0.3859951796951001,0.0466195318534324,0.0059266880757252,1.3322289846575213,0.2269453459052697,0.2868534677468418,0.1590881469566549,0.1681369110709997,0.085951323081203,9.251140511511872,27758153486.345665,2.2247468424655175,2.878140550966218,36.41699439457873,-0.254449412215617,4.649280178968483,430.72191183235606,1.5367124073946423,1.7318439657449531,11.395923621659067,-0.5294283645354693,2.579787475615121e-05,1.1566894102147676e+58,-10.565218443222198,24.99725158704747,44.71017781221652,0.2232427804427924,0.1053865170637946,12.160758607601554,-2.250120572653417,2.2847468348586797,6.327816853699741,0.0361924194111165,2.2065931206444593e-06,0.0032881784900504,-13.024060806251976,2.347256248084832,29.092171463122984,0.0620852445723431,0.9895727275659874,0.9886638780858574,0.9889959389028182,0.9890683635619384,0.9887770516414642,0.98901763232516,0.991609026832698,0.9915734900165106,5,0.9889959389028182,0.98901763232516,4,0.9889959389028182,0.98901763232516,4,0.9889959389028182,0.98901763232516,4,0.9889959389028182,0.98901763232516,4,0.9889959389028182,0.98901763232516,4,0.9889959389028182,0.98901763232516,4,0.1144714242553332,10.0,65,0.4215480146485864,0.0016001202816656,0.0706364442747458,0.0024619153331421,3,0.368525671427532,0.0010901204174257,0.3891429451970976,0.0010181717950897,3,0.6746595988824334,0.0021472930907463,0.0007198270119005,2.9830682306251375,29.097257322146923,0.0406928437777072,0.24429392568746805,0.16657329347503577
6,2.0,0.009827704,2000,0.0,0.1144714242553332,3.2389534554170503e-06,1,1,2,1,0.9565,0.9965,0.117579880833914,0.0,0.0209490947532683,0.0241907412509686,0.4526799885577773,0.0251919393507284,0.0924442726773484,0.924991062738628,5,1548.0313864002842,0.01,0.0135086876225993,0.0079876179314552,0.2286125404271405,1.202531166498168,,10.594357141402105,44.70998743406793,2.946924022369521,204124493.2709512,102062246.6354756,0.8333333333333334,1.0,1.0,2,0.000421679860693,0.0054862390068225,0.0030206427000438,0.0059079188675155,1.1367396566676335,0.3070996612970038,0.1281642146427771,0.2493217573335497,0.2617078626400232,0.4754611110099247,14.832245325379922,131965135905.4355,2.6968035489631346,4.0952765813789975,31.68378959370054,-0.4596781250827522,3.8090070501053663,23381054158.152477,1.3373685384019125,3.941123472577811,44.34182582606776,-0.1143218851966976,0.0258423819297649,3.9009849038954346e+30,-3.655739424371582,9.641301551204863,44.70998743406793,-0.1239967040674456,0.2470786885245473,15.873044576506135,-1.3980484160665856,2.3941580641506,5.173034050596123,-0.3213579138369741,2.9002336312421124e-06,0.0008688858098177,-12.75071926171955,2.579549506307019,9.535386260208163,0.0428210327128527,0.0209146568821094,0.0209490947532683,0.0307084721175279,0.1193573713486929,0.132783507332624,0.0251919393507284,0.0209490947532683,0.0251919393507284,5,0.0209490947532683,0.0251919393507284,5,0.0081657893331742,0.0024503649048596,4,0.0081657893331742,0.0024503649048596,4,0.0081657893331742,0.0024503649048596,4,0.0081657893331742,0.0024503649048596,4,0.0081657893331742,0.0024503649048596,4,0.1144714242553332,10.0,66,0.0722600863300073,0.0012757726907619,0.0653473843958671,0.0054670940531892,3,0.0746203331189716,8.294199872774686e-05,0.1172042155699433,0.0010403639923358,2,0.3736098517760832,1.667845611655599e-05,0.0029150288343159,0.0057215406997748,2.9212965650174123,0.002465596306778721,0.058671116002813134,0.04202402263254208
10,2.0,0.009827704,2000,0.0005,0.1144714242553332,3.2389534554170503e-06,1,1,2,2,0.9155,0.0005,0.3494442609015323,0.0,0.207613481328175,0.1820037926096978,0.5841755145503814,0.1091373502299882,0.6720076540998149,0.9872288133414278,5,524.2617838489679,0.01,0.0305909360045549,0.0106111632903375,0.0095624398720888,0.5256756426981477,,8.68757598993308,44.70976854904195,3.4595992568015577,168.41863910039046,51.035951242542566,0.9,1.0,1.0,12,0.0025334049069938,0.0096615418932481,0.0033999907994559,0.0059333957064497,1.2269450740466186,0.2024304423111497,0.2045274002986337,0.156398641129733,0.1629338996216351,0.2696929703494783,16.987903753706643,69608262.2682102,2.8325015468890986,3.692910208882457,19.38272987338702,-0.5465085648969276,1.8131440389448628,171.6796123000267,0.5950623764629368,2.058677355361745,6.079203422275699,0.1417169601642893,0.0024266209249816,1.4048429003436706e+27,-6.0212555552148,12.339864057208626,44.70976854904195,0.0948168075555066,0.1350777170259669,14.521525684214575,-2.0019049845110053,2.214155459291857,7.126811223144854,-0.0747576561313018,6.100632189975423e-06,0.0012189627919162,-12.007118154454137,2.2534656138649027,12.306720069458,-0.2809637429459244,0.1685760865510725,0.1698218099498459,0.207613481328175,0.9926680901190934,0.914217521950363,0.1091373502299882,0.207613481328175,0.1091373502299882,5,0.207613481328175,0.1091373502299882,5,0.2021246361654674,0.0547614373646283,4,0.2021246361654674,0.0547614373646283,4,0.2021246361654674,0.0547614373646283,4,0.2021246361654674,0.0547614373646283,4,0.2021246361654674,0.0547614373646283,4,0.1144714242553332,10.0,67,0.2289750802021504,0.0005269831265932,0.0449222522578,0.0015019552245648,2,0.4674879352596545,0.0010090378150957,0.140133402192633,0.0049223260122061,3,6.829292457880468,1.667845611655599e-05,0.0018615231737135,0.0089595747998581,9.970973826388212,0.0025334049069938146,0.0014706604463608707,1.722630749513044
6,10.0,0.009827704,2000,0.0015,0.1144714242553332,3.2389534554170503e-06,1,2,2,2,0.5795,0.012,0.5197376276279552,0.0027114580872058,0.0356637476824087,0.0328546205809281,0.2794144047027443,0.0346241660393828,0.0296466383745652,0.3017397876442165,5,1129.4432580632886,0.01,0.0146015404311206,0.0155987934102168,0.2455104163101497,0.970850465512386,,9.43075614088889,44.70997799560892,2.3335852125816765,115292645187575.58,49411133651818.1,1.0,1.0,1.0,12,0.0022608350152781,0.3053715910937984,0.0081770778458492,0.0059162428305711,1.3015254783460375,0.3184342095939301,0.2635370214007405,0.2260926835990821,0.2383232832525897,-0.0744385300280248,10.1296892177778,2634411009284.6484,2.315470638399822,2.8337703133511662,44.70946323150387,-0.5297451748250633,3.6519280091680906,9089.383717371416,1.2952552498243195,2.195809652304974,14.591002658165324,-0.1860103748845937,0.0159397521656445,6.471915033820403e+27,-4.138939153692976,9.658567204833249,44.70997799560892,-0.0737469513689279,0.1792241169932894,25.038705639835506,-1.7191182060608088,2.544671103051677,6.186544329916564,-0.1761767366947922,1.9304186711346027e-06,0.0046666509352043,-13.15777365052395,2.7505612565970945,18.642992946898485,0.1881482775041511,0.0313513621701523,0.0315487518902233,0.0356637476824087,0.0270120185488152,0.0273037305354976,0.0346241660393828,0.0356637476824087,0.0346241660393828,5,0.0356637476824087,0.0346241660393828,5,0.0215555756581921,0.020628951280912,4,0.0215555756581921,0.020628951280912,4,0.0215555756581921,0.020628951280912,4,0.0215555756581921,0.020628951280912,4,0.0215555756581921,0.020628951280912,4,0.1144714242553332,10.0,68,0.0722600863300073,0.0012757726907619,0.0653473843958671,0.0054670940531892,3,0.0788006357823569,0.0001275523667428,0.0951253825547028,0.0001511765893313,2,0.2621693896544915,1.667845611655599e-05,0.0029150288343159,0.0057215406997748,2.9212965650174123,0.0022608350152781087,0.04300816872397569,0.052567572216060544
10,10.0,0.009827704,2000,0.0015,0.1144714242553332,3.2389534554170503e-06,1,1,2,2,0.8645,0.007,0.5717770187727428,0.0,0.982350498037022,0.9832966358323582,0.2334678261531055,0.98216419948025,0.9832299093844664,0.2540110723518769,5,28.3151838721415,0.01,0.0147048907760987,0.0159926447540314,0.0782150276152858,0.9998103542909133,,8.968269136101007,44.6944967622657,2.247824304665324,158113910.3750987,54522038.060378864,1.0,1.0,1.0,12,0.0013030610548304,0.2168351492113985,0.0046066058210394,0.0059096668758698,1.2656781078859454,0.2253147763514827,0.2356080322188218,0.1673529791130174,0.1754753683423864,0.0663207922771207,15.191762667657272,348758166.21112293,2.7207533511958344,3.5276116966600495,28.423989102519172,-0.5404389787746027,3.503293713435293,604.8791038951651,1.253703586956599,1.974910831108681,11.820892162389406,-0.1857763439004333,0.0007047899971975,3.2937338476304007e+31,-7.257610675841503,16.31383367095506,44.6944967622657,0.1475055884923271,0.1208144611916736,13.854493489801998,-2.1134992887947113,2.359248670720024,5.591339096204803,-0.022859297891146,1.681221767183896e-06,0.0002099629095318,-13.295989786490336,2.376788263835198,8.216253729043194,0.2758888995466061,0.9837819177474444,0.9837574917126084,0.982350498037022,0.9837791224966232,0.9837464061765264,0.98216419948025,0.982350498037022,0.98216419948025,5,0.982350498037022,0.98216419948025,5,0.9814015379300192,0.9812711132683752,4,0.9814015379300192,0.9812711132683752,4,0.9814015379300192,0.9812711132683752,4,0.9814015379300192,0.9812711132683752,4,0.9814015379300192,0.9812711132683752,4,0.1144714242553332,10.0,69,0.2289750802021504,0.0005269831265932,0.0449222522578,0.0015019552245648,2,0.263190065399181,0.0006457908588678,0.2931707296540059,0.0006934365265323,3,0.5549253696474143,1.667845611655599e-05,0.0018615231737135,0.0089595747998581,9.970973826388212,0.001303061054830447,0.00936389035151174,0.13915808557284912
6,50.0,0.009827704,2000,0.0005,0.1144714242553332,3.2389534554170503e-06,1,1,2,1,0.9335,0.996,0.2111836115694677,0.0,0.0339960831164565,0.0254452288519429,0.4326970431093671,0.0655475676826403,0.056775298188958,0.9729490060928984,5,1622.4275929273504,0.01,0.0252961293068443,0.0204143904304796,0.0028920969364338,1.92809175863294,,10.108081038044755,44.71016847805003,2.5451585312103746,227.7369610426689,105.10936663507796,1.0,1.0,1.0,12,0.0028447274055066,0.0097026535469598,0.0030642960709743,0.005909023476481,1.163728257921559,0.2822872029285955,0.1516288666604443,0.2276074370913666,0.2362634502423931,0.4177286513046705,15.200688863374449,274682654877.5624,2.7213407467841577,3.82873376967558,41.00026227123286,-0.4980879771659375,3.372453933881802,21902709.72010844,1.215640649668249,3.0429761877886823,42.63008023591925,-0.1080615674102089,0.0222818363910044,1.3768045521899354e+26,-3.8039834440250337,9.681740915143337,44.71016847805003,-0.108167074991471,0.2432866925310014,10.754327021900847,-1.413514726409851,2.3665181326219935,3.727912082923851,-0.3185757675614494,2.8224653977549992e-06,0.0008190776200304,-12.777899800429095,2.550813490400672,9.712699919691978,0.0539590656163276,0.0211430644010075,0.0211965390383648,0.0339960831164565,0.0513837615230609,0.0533945653611728,0.0655475676826403,0.0339960831164565,0.0655475676826403,5,0.0339960831164565,0.0655475676826403,5,0.0258432161008158,0.033463659420804,4,0.0258432161008158,0.033463659420804,4,0.0258432161008158,0.033463659420804,4,0.0258432161008158,0.033463659420804,4,0.0258432161008158,0.033463659420804,4,0.1144714242553332,10.0,70,0.0722600863300073,0.0012757726907619,0.0653473843958671,0.0054670940531892,3,0.2495291534709717,0.0005470196228149,0.1380689364943078,0.0012823635344015,2,24.092082464980415,1.667845611655599e-05,0.0029150288343159,0.0057215406997748,2.9212965650174123,0.0028447274055066847,0.0006310443054381374,4.507967794007071
10,50.0,0.009827704,2000,0.0005,0.1144714242553332,3.2389534554170503e-06,1,1,2,2,0.9295,0.001,0.4184903370167366,0.0,0.0650950542194575,0.0733274840131106,0.7281132450431095,0.0512504418805166,0.2411561974884024,0.97840311100265,5,1043.7532420668838,0.01,0.022668327233544,0.0053918258329988,0.154908894343089,0.787316985830198,,8.683203296404685,44.710058468561726,3.283834377089561,28471.577178668136,10168.420420952909,1.0,1.0,1.0,2,0.0001585579481869,0.0060853425384756,0.0032432048627103,0.0059267845902887,1.2045996187915888,0.1979795159736342,0.1861472451668564,0.1556627218093479,0.1623239908954458,0.389044779075939,14.03974270930342,287108615.7359684,2.6418920728815607,3.5447722415270357,23.06462014035931,-0.5155754615576443,1.9043861168237304,1063.0553999482008,0.6441597082590025,2.115313794316895,14.398687492175355,0.114712136618586,0.0029705406147481,1.2994721898313898e+24,-5.819011317564367,11.29908421439765,44.710058468561726,0.0856513908171294,0.1438011095106797,11.832682162247895,-1.939324118073498,2.2042888389379645,6.185844982246245,-0.1034827808656851,5.6357003314963365e-06,0.0006789923214842,-12.086389135764373,2.193683417848354,9.294443811915963,-0.2524845415955406,0.0642975427903595,0.0650950542194575,0.0905898550295147,0.4117347463954556,0.2604834041892351,0.0512504418805166,0.0650950542194575,0.0512504418805166,5,0.0650950542194575,0.0512504418805166,5,0.0559908849792344,0.0127950427541991,4,0.0559908849792344,0.0127950427541991,4,0.0559908849792344,0.0127950427541991,4,0.0559908849792344,0.0127950427541991,4,0.0559908849792344,0.0127950427541991,4,0.1144714242553332,10.0,71,0.2289750802021504,0.0005269831265932,0.0449222522578,0.0015019552245648,2,0.494882573788486,0.0011725213384429,0.1993100015980945,0.0055222127285321,3,11.602223749809491,1.667845611655599e-05,0.0018615231737135,0.0089595747998581,9.970973826388212,0.002683579727578362,0.0008560221340796702,3.134941984255515
6,2.0,0.009827704,2000,0.0,0.1144714242553332,3.433424561142897e-05,2,1,2,2,0.9175,0.0005,1.6923411761601574,0.0065296413361278,0.0334331858413348,0.0405460226358454,0.6508413111392183,0.0005166861405521,0.05035587411089,0.9648070727801102,4,1851.4156038251176,0.01,0.0335151586153135,0.0046174734688042,0.1067018849609398,0.0154542897288986,,8.714509782170879,44.71017589546167,4.626477694619615,6.076331939507119e+29,3.574312905592423e+28,1.0,1.0,1.0,2,0.000258668487161,0.006315819408908,0.0037821553692525,0.006057150921747,1.166522910453656,0.1969218322081744,0.1540274526239464,0.16488166033682,0.1665250502671647,1.3220361940093188,6.8807070203580345,44766487.38359808,1.9287214112522575,2.6838399711566656,40.90590060575416,-0.1512668913471328,1.5910122556237345,12968.914865559607,0.4643704524207231,2.148399540164895,22.2545207218839,-0.1600131138555034,0.0127982286806446,9.716306432539903e+38,-4.3584485019572,15.217302285159866,44.71017589546167,0.0537160771814159,0.3318273601296393,5.462882137667987,-1.103140444921853,1.5966815274172572,4.286494487602092,-0.6665634904398875,3.635955774542836e-05,0.0759933473523816,-10.22205345194601,1.980476683535926,38.3899354059919,-0.0289394144750795,0.0313103528617877,0.0334331858413348,0.0568945292044138,0.1182929480679838,0.0322579881241342,0.0005166861405521,0.0527004850355377,0.0440221758202629,5,0.0334331858413348,0.0005166861405521,4,0.0334331858413348,0.0005166861405521,4,0.0334331858413348,0.0005166861405521,4,0.0334331858413348,0.0005166861405521,4,0.0334331858413348,0.0005166861405521,4,0.0334331858413348,0.0005166861405521,4,0.1144714242553332,10.0,72,0.249952231436779,0.0010776572728674,0.3018433033297991,0.0131045355005448,2,0.4669582280874364,0.0019617965024093,0.2746361016224909,0.0113457633028284,3,4.000180949589853,0.0065296413361278,0.0093759489471833,0.6964245830380129,39.61379684188597,0.0022749955524944505,0.0017576636753998038,1.2943292760356857
10,2.0,0.009827704,2000,0.0005,0.1144714242553332,3.433424561142897e-05,2,2,2,2,0.3785,0.015,0.1637343720995178,0.0,0.0956887657394693,0.0951219659549289,0.555021147816609,0.0933594759175963,0.092699592672505,0.5893576658316849,4,873.4187532311215,0.01,0.0158134448864322,0.0170707932076326,2.2162796517958228,0.9756576458702062,,7.3305546144006035,44.71017781221506,2.882345197498577,219.8166344491104,2.472628059045111,1.0,1.0,1.0,12,0.064129937151441,0.4048007842171041,0.0702583291683612,0.0061283920169202,1.3622616845511926,0.1911127650651479,0.3091463218355073,0.1338157128502356,0.1390115324825244,0.4697553982499693,4.905181210946019,712718.2221542773,1.5902920364625377,1.614032567316316,37.0334685981975,-0.0418496849990077,4.174035247106191,126.12815471945504,1.4288832530626203,1.3467895729424917,6.8268677392960075,-0.9714100310496526,1.846601725098418e-05,4.588328643309961e+70,-10.89957842041173,31.416347514832875,44.71017781221506,0.2342265821646791,0.1616068835457103,14.958072226169463,-1.822588537603632,2.1087421726189093,6.3318618414615395,-0.163529483989069,1.284056185672598e-05,0.0016084098192384,-11.262901502347834,2.3147508600975084,8.1175326347017,0.4248985200754241,0.0786544124019256,0.1110227197233918,0.0956887657394693,0.0963111717941015,0.0884281303058172,0.0933594759175963,0.109928597822311,0.1073334927385026,5,0.0956887657394693,0.0933594759175963,4,0.0956887657394693,0.0933594759175963,4,0.0956887657394693,0.0933594759175963,4,0.0956887657394693,0.0933594759175963,4,0.0956887657394693,0.0933594759175963,4,0.0956887657394693,0.0933594759175963,4,0.1144714242553332,10.0,73,0.5962920493463575,0.0015153556069127,0.3679580150191762,0.0318565512163281,3,0.4749780991914936,0.0016638105553442,0.5102790937435333,0.0015003950679934,3,0.9550470619821274,0.0065296413361278,0.0070615097593448,0.9246806361043172,180.71585471781336,0.064129937151441,0.2464589381757299,0.26020536169686465
6,10.0,0.009827704,2000,0.001,0.1144714242553332,3.433424561142897e-05,2,2,2,2,0.569,0.0015,0.6346797172694078,0.0,0.0523639519748184,0.0412292777308561,0.3797019544113326,0.0805091917616185,0.051533756162466,0.7136905118363873,5,2460.4072283749674,0.01,0.024332493739239,0.0334868779935608,0.0923304657985554,1.5374926590784224,,8.506281678561132,44.71017624623851,3.2604801696131123,75243145.36058891,5249521.769343412,1.0,1.0,1.0,12,0.0002903407392419,0.0940174265253891,0.0063134447737835,0.0060231040345415,1.2640026897627767,0.2350577969553744,0.2342834236992819,0.1791588813299688,0.1829741333895137,0.7687229937802338,7.1019263710127625,388912.17961438466,1.960366067107645,2.1934026316738375,27.171153481630633,-0.1995168505982306,2.512908098380596,4431.612845689448,0.9214406874114798,1.9507232626633595,20.770403656696587,-0.4105361075793334,0.0135465320036182,2.4123713649228475e+37,-4.301624705107216,14.025362048119929,44.71017624623851,0.0542296152201329,0.2643760486299653,5.618083975008349,-1.3303827627404194,1.8890570579714585,3.4935718636663746,-0.4431032353868785,1.6687808350885155e-05,0.0028846765496228,-11.000832144018856,2.169741867221908,10.4533615041383,0.3325118380987492,0.0354270901536359,0.0358967910641139,0.0523639519748184,0.0365064914929397,0.0375855852328399,0.0805091917616185,0.0523639519748184,0.0805091917616185,5,0.0523639519748184,0.0805091917616185,5,0.0412762047408471,0.0739371817417878,4,0.0412762047408471,0.0739371817417878,4,0.0412762047408471,0.0739371817417878,4,0.0412762047408471,0.0739371817417878,4,0.0412762047408471,0.0739371817417878,4,0.1144714242553332,10.0,74,0.249952231436779,0.0010776572728674,0.3018433033297991,0.0131045355005448,2,0.2493287437500136,0.0006700676735064,0.3634397648849903,0.0029316880294048,3,0.0781766421594911,0.0065296413361278,0.0093759489471833,0.6964245830380129,39.61379684188597,0.00029034073924199925,0.013092740363784288,0.022175704334984614
10,10.0,0.009827704,2000,0.0025,0.1144714242553332,3.433424561142897e-05,2,2,2,2,0.457,0.0015,0.2293552871496319,0.0,0.097019349797105,0.0902716195426227,0.5635253786862227,0.0968606200151802,0.0868459000469916,0.6032695718448191,4,596.2898981882772,0.01,0.0198007307041084,0.0218822539790216,0.6509963636614046,0.9983639368614944,,7.240196522113785,44.70750843917675,2.6599993449344055,10654.214312901153,169.923673252012,1.0,1.0,1.0,12,0.0172079820260168,0.3002785928978281,0.0233618269235469,0.00615384489753,1.3183195210653085,0.1790725999874892,0.2763578354285884,0.1303421533262546,0.134662485895512,0.7338312084623076,5.773370315268332,2523731.3346325345,1.753256020092603,1.9865289769214929,25.688553566267633,-0.1160369372047185,3.048077870957151,57.78320219613668,1.1145111857123382,1.409087637978209,4.868731602196398,-0.7053591322007626,0.000187888681099,7.157375169705215e+40,-8.579660892321106,22.82189235333348,44.70750843917675,0.220780384746251,0.1865505771118875,8.164849501485309,-1.6790528857154263,2.139180518696975,4.226205989826696,-0.2283010559296072,2.252506632463771e-05,0.0049391111229588,-10.700881809984187,2.2963950506934823,12.520420435491014,0.183554881947602,0.0858611185549282,0.0879343902758348,0.097019349797105,0.0799993933790081,0.0836776867467865,0.0968606200151802,0.1179556239885228,0.1171770372667301,5,0.097019349797105,0.0968606200151802,4,0.097019349797105,0.0968606200151802,4,0.097019349797105,0.0968606200151802,4,0.097019349797105,0.0968606200151802,4,0.097019349797105,0.0968606200151802,4,0.097019349797105,0.0968606200151802,4,0.1144714242553332,10.0,75,0.5962920493463575,0.0015153556069127,0.3679580150191762,0.0318565512163281,3,0.4778892297045539,0.0013553861426377,0.524804688092815,0.001401404152406,3,0.8365654231701974,0.0065296413361278,0.0070615097593448,0.9246806361043172,180.71585471781336,0.017207982026016824,0.06761369077386957,0.2545044033103889
6,50.0,0.009827704,2000,0.002,0.1144714242553332,3.433424561142897e-05,2,2,2,2,0.5525,0.0015,0.5122320144084886,0.0,0.0540805544865463,0.0422829241387902,0.450634755828517,0.1032304063798847,0.0614285573079669,0.816538350296545,5,2660.774901418738,0.01,0.0266444314327864,0.039404360874165,0.1084085682146438,1.9088267004652384,,8.056730938211473,44.70408915734588,2.942629180649164,1.961351564447695e+19,1.032290297077734e+18,1.0,1.0,1.0,12,0.0012279273019188,0.0873455769936751,0.0072983811996312,0.0060704538977124,1.2864488126150355,0.2106811759692576,0.251885563852514,0.1599490106806537,0.1616806393382691,0.7509981521854341,6.340123003240005,159298.43083995927,1.8468981694028912,1.9519421148887977,24.998836344448108,-0.1660668546408961,2.197636415146484,265.7075455196958,0.7873824260777678,1.5286867899551884,9.594051643194732,-0.4361809615062528,0.0066455510112751,2.3214096608513336e+32,-5.013807669069569,14.75377675316668,44.70408915734588,0.0998234537362675,0.2729874835602739,3.906764100925321,-1.2983293326127827,1.8101448019267232,2.762667771253319,-0.4801277353171606,1.9949862749001812e-05,0.0005813844234726,-10.82228829440135,2.0642794770858934,3.842390301780452,0.263007510794369,0.0360351437279311,0.0367330742018932,0.0540805544865463,0.0394762721411087,0.0415789934029074,0.1032304063798847,0.0540805544865463,0.1032304063798847,5,0.0540805544865463,0.1032304063798847,5,0.0435196335757503,0.0986285446088016,4,0.0435196335757503,0.0986285446088016,4,0.0435196335757503,0.0986285446088016,4,0.0435196335757503,0.0986285446088016,4,0.0435196335757503,0.0986285446088016,4,0.1144714242553332,10.0,76,0.249952231436779,0.0010776572728674,0.3018433033297991,0.0131045355005448,2,0.2567310963024223,0.0006608023176503,0.3895676061701041,0.0043626049210302,3,0.2689968426435186,0.0065296413361278,0.0093759489471833,0.6964245830380129,39.61379684188597,0.0012279273019188339,0.014130874653364123,0.08689676556054529
10,50.0,0.009827704,2000,0.0005,0.1144714242553332,3.433424561142897e-05,2,2,2,2,0.428,0.0055,0.1882849641688658,0.0,0.1331909248283286,0.1377505726224577,0.5499483546394704,0.1315510683304653,0.157687389055868,0.5844505150947573,4,554.3430769774006,0.01,0.0166358305585169,0.0179634842929223,1.4261601601361091,0.9876879261858345,,7.359625873559716,31.1600687799926,2.455799569407819,105084539138499.42,1745590351137.864,1.0,1.0,1.0,12,0.0374988129201694,0.3763462277050015,0.0435869187281913,0.0060881058080218,1.3444287081117945,0.1869897118499481,0.2959691704877397,0.1329281488036919,0.1378349139787468,0.5720218442380179,5.518449964632301,26660.4259107729,1.7080970173476755,1.7826763193857245,21.353226519009905,-0.1039738585125392,3.7368734430834705,147.85306961299617,1.318249284016978,1.4041368990320964,8.530086605532446,-0.8529445616373585,1.2397377878173436e-05,3.615997650385359e+39,-11.298025569152031,27.745686327882087,31.1600687799926,0.2795746610687474,0.173060143205645,14.43032516270605,-1.7541160963125826,2.1564703797758455,6.10410808220273,-0.1916622479592648,1.2898047147633727e-05,0.0041321689257695,-11.25843464196071,2.29059964765362,18.46482712994801,0.4274284052276581,0.1438078153707006,0.136252977668344,0.1331909248283286,0.2201077702514326,0.121403328585706,0.1315510683304653,0.1520376946255948,0.1500460715854127,5,0.1331909248283286,0.1315510683304653,4,0.1331909248283286,0.1315510683304653,4,0.1331909248283286,0.1315510683304653,4,0.1331909248283286,0.1315510683304653,4,0.1331909248283286,0.1315510683304653,4,0.1331909248283286,0.1315510683304653,4,0.1144714242553332,10.0,77,0.5962920493463575,0.0015153556069127,0.3679580150191762,0.0318565512163281,3,0.4604170983818393,0.0014590486382134,0.4991356934185491,0.0013620114839719,3,0.8706694885476268,0.0065296413361278,0.0070615097593448,0.9246806361043172,180.71585471781336,0.03749881292016949,0.14988505000974778,0.25018381031150705
6,2.0,0.009827704,2000,0.0,0.1144714242553332,2.0265311283601023e-06,0,0,2,2,0.503,0.003,1.87901600510142,0.0,0.0494998224124344,0.0535900129926218,0.3528259527271662,0.0341542322015873,0.0257124704672011,0.6616960360953997,5,115.28016652050064,0.01,0.0268470686786724,1.176281285421149e-05,0.0003560410014186,0.6899869643372251,,11.917246562894976,44.71017628182963,7.591855620333685,21621.5402371063,2.16215402371063e+16,1.0,1.0,1.0,1,0.0019520211761322,0.0009996943920631,0.0029517155681953,0.0058977936269144,1.0453649496888069,0.4007543791445356,0.0443660586006902,0.3368207113397037,0.361671029902832,0.7326511008122197,46.34510957604944,288459896153549.2,3.836115775680367,6.535931004946938,24.04229625446373,-0.4529946459668481,2.441604249876925,133844609863212.72,0.8926553027179395,4.436435314906651,44.70536882274929,-0.1614590848755383,0.0949322642265999,2.3901527073276805e+18,-2.354591649833845,5.643066113615235,44.71017628182963,-0.1797250056398516,0.1250206346542228,13.169885315021656,-2.0792764780698008,2.8154554015793325,4.620894259267429,-0.0313105932485167,4.293474487762914e-07,0.005945502718419,-14.660999341906148,3.0074937731625333,33.66771586391496,0.5159825517875419,0.0494998224124344,0.0500675594165196,0.0612026571489115,0.0198039943239159,0.0231791848761001,0.0341542322015873,0.0494998224124344,0.0341542322015873,5,0.0494998224124344,0.0341542322015873,5,0.0365476619046711,0.015399281228178,4,0.0360063208493314,0.0146068525705015,3,0.0347793924801807,0.0144686153797339,2,0.0347793924801807,0.0144686153797339,2,0.0347793924801807,0.0144686153797339,2,0.1144714242553332,10.0,78,0.1112973347763841,0.001113715768839,0.0849646052719162,0.0188314105174432,3,0.1389214623589277,0.0014072727266909,0.4314086871777604,0.0212785555809041,5,84.2475576005628,0.0015306158963641,0.0005858721808942,2.612542370637583,0.9316782095796516,0.0019520211761322116,0.00011855993656484826,16.464424937209056
10,2.0,0.009827704,2000,0.0,0.1144714242553332,2.0265311283601023e-06,0,0,2,2,0.3565,0.002,0.7162989797105094,0.0,0.0123666991172358,0.0173548010236918,0.5430698451818293,0.0105153282447373,0.0309330022797136,0.9177315567501922,5,2352.2806904680624,0.01,0.0238831609257722,0.0002085655935453,0.0064700336973306,0.8502938532790688,,9.580987356986109,43.422244975900455,3.638225171858142,14652.51288685807,29305.02577371614,1.0,1.0,1.0,1,0.0017466854283434,0.0012247757412644,0.0029714611696079,0.0059013664571378,1.1291086655767013,0.2563926954363147,0.1214285299394809,0.2077505878448554,0.2220448673183176,0.8168910392077173,22.04186727870671,12097633146.602774,3.0929437029603553,4.341285029395205,24.224659898954613,-0.5108095100677154,1.9945216553224832,1189.871639491988,0.6904042498238019,2.5118461204667932,16.78465113040483,-0.2046509652687965,0.0118594306477496,24602445441.474236,-4.434631892656819,6.018753999706365,43.422244975900455,0.177086512221536,0.125053282643669,14.405308354969073,-2.0790153713539588,2.2055097378307087,7.295757285472886,-0.0400880957755347,1.2587631555896772e-06,8.997828839631808e-05,-13.5853809416557,2.083406294980585,9.51053495076382,0.228566032683287,0.0123666991172358,0.0128185268997954,0.0268791770540443,0.0483827249027051,0.0339009536916985,0.0105153282447373,0.0123666991172358,0.0105153282447373,5,0.0123666991172358,0.0105153282447373,5,0.0093818534546546,0.0018285997879965,4,0.0093818534546546,0.0018285997879965,4,0.0093794465785612,0.0018240708295614,3,0.0093794465785612,0.0018240708295614,3,0.0093794465785612,0.0018240708295614,3,0.1144714242553332,10.0,79,0.1805791272863642,0.0013028104205728,0.0656051617219954,0.0055069460514163,3,0.1435614371522877,0.0002557433482228,0.0645349118123966,0.0006235982487214,3,7.617406950881641,0.0015306158963641,0.000436917969728,3.5032111343848045,2.5487747044058824,0.0017466854283434785,0.0012555445960176854,1.391177528766071
6,10.0,0.009827704,2000,0.0,0.1144714242553332,2.0265311283601023e-06,0,1,2,1,0.901,0.9815,2.4719225204541955,0.0015306158963641,0.0211229071818019,0.0140192761687787,0.3173269707690141,0.0222018687515147,0.0137597583825023,0.3186014660820022,5,1178.8322353814876,0.01,0.0139409628062496,0.0152412430673021,0.0221980496038367,1.0510801643176426,,10.64597224338364,44.71017781220932,2.130855666585192,979023.469661544,2937070.408984632,1.0,1.0,1.0,12,0.0025094061722592,0.1484258239926523,0.003390309787769,0.0058997159600282,1.261642250202302,0.3972496128669657,0.2324142454863263,0.2816672293637717,0.3022415045309943,0.208486724516721,20.27443313421538,22891589784623.38,3.0093606407556455,4.220483062042517,35.3794679915114,-0.5056261535361339,3.522366421768651,860307.2150952221,1.2591330426433167,2.683030778901166,23.561331680682752,-0.403566196293573,0.0304507511619343,4.304926761762459e+23,-3.4916446164298622,6.5521975946546,44.71017781220932,0.0187498737218622,0.1170850841508893,29.441081832093488,-2.144854393512193,2.8584667435488145,6.875037769118644,-0.0078978226690053,4.096507611411184e-07,0.0019455293414128,-14.70796084233244,3.0683413755535165,26.24837799563601,0.5210553899659961,0.0104559287465124,0.0104789925780218,0.0211229071818019,0.0095271950106742,0.009550211385318,0.0222018687515147,0.0211229071818019,0.0222018687515147,5,0.0211229071818019,0.0222018687515147,5,0.0159913460973071,0.0173235457121169,4,0.0159913460973071,0.0173235457121169,4,0.0159300263996778,0.0172865062214464,3,0.0159300263996778,0.0172865062214464,3,0.0159300263996778,0.0172865062214464,3,0.1144714242553332,10.0,80,0.1112973347763841,0.001113715768839,0.0849646052719162,0.0188314105174432,3,0.0297313621751309,0.0002697884941197,0.0397106266814788,0.0003029489743627,3,2.8620459894199413,0.0015306158963641,0.0005858721808942,2.612542370637583,0.9316782095796516,0.0025094061722592594,0.0055034694469951245,0.455968039148357
10,10.0,0.009827704,2000,0.0005,0.1144714242553332,2.0265311283601023e-06,0,1,2,1,0.9395,0.993,0.0452688911737486,0.0015306158963641,0.1506594183212927,0.1315535591819742,0.4245548600140031,0.6969885048963878,0.332855441580998,0.9992776870859892,5,435.110507309891,0.01,0.0201951762696726,0.065396081710225,0.0026837902144571,4.626252461761178,,9.479320855026982,36.34451445848134,1.9680795812138063,3.2384028066368394e+76,3.2384028066368394e+76,1.0,1.0,1.0,12,0.0028715994761812,0.0122524277698484,0.0030292083615903,0.0059008078377716,1.2009517143516597,0.2585272208309859,0.1831143377531193,0.1956777169244805,0.2110089006414376,0.5520494999880352,21.73872590341171,7653892654.184076,3.0790952738768413,4.082848642882488,24.908327359756665,-0.5397509049687261,3.096250017041769,4094.514135192743,1.130191707325435,2.224307222044359,22.854618425898085,-0.4288252905033376,0.0024559784171693,98227471461406.48,-6.00923005653336,9.703020135282994,36.34451445848134,0.2721254084594302,0.1370333259843777,15.33896679725434,-1.9875311273753788,2.3963512727564016,5.870885233257311,-0.0750720195439808,7.934129184435366e-07,0.000155921610473,-14.046922046614648,2.1953486790316195,14.116399702680347,0.4271471886113726,0.1219460103886419,0.1220552488359881,0.1506594183212927,0.150384776884472,0.1511930429621343,0.6969885048963878,0.1506594183212927,0.6969885048963878,5,0.1506594183212927,0.6969885048963878,5,0.1506594183212927,0.6969885048963878,5,0.150631968329164,0.6968934567243343,4,0.150631968329164,0.6968934567243343,4,0.150631968329164,0.6968934567243343,4,0.150631968329164,0.6968934567243343,4,0.1144714242553332,10.0,81,0.1805791272863642,0.0013028104205728,0.0656051617219954,0.0055069460514163,3,0.2643737156890001,0.0004608462748767,0.1304273769868962,0.010368810646838,3,31.101391222829168,0.0015306158963641,0.000436917969728,3.5032111343848045,2.5487747044058824,0.002871599476181207,0.00044178385411169083,6.500010014977178
6,50.0,0.009827704,2000,0.0005,0.1144714242553332,2.0265311283601023e-06,0,1,2,1,0.906,0.982,0.1747200052432913,0.0015306158963641,0.0231004362005801,0.0153319046156265,0.3204162665242953,0.0248916214314078,0.0153915472903753,0.3456589945872358,5,1261.399935210318,0.01,0.0141903362791958,0.0159596839951017,0.0091866293941586,1.0775390220026513,,10.59087988810136,44.70252673009605,2.0709606507019536,1.2710362934668662e+20,2.5420725869337323e+20,1.0,1.0,1.0,12,0.0027636272662042,0.1043181499843271,0.0031363878741658,0.0059000151403701,1.2217380656064294,0.3631450310109161,0.2002744888424794,0.2680540615510797,0.2864009996485249,0.3389750342592176,27.549080814221135,142098234182299.12,3.3159691707672287,4.451202454936882,41.9668512361762,-0.5483001888691116,3.8306795949234935,1289532.5323131145,1.3430422273797578,2.7813876051345843,32.83002235010399,-0.4194631875695418,0.0220862639807832,79237979035825.52,-3.812799403025149,6.447888666627257,44.70252673009605,0.0688609383710094,0.1268351639375357,24.23472089843634,-2.0648669573052065,2.7941776408617063,6.39958463556301,-0.0367060054281854,5.744095625162501e-07,0.0003724091253898,-14.369923171516271,2.922257713401652,10.801040462640575,0.4314260632762982,0.011441861849382,0.0114534157969172,0.0231004362005801,0.0106357630196497,0.0106472574200683,0.0248916214314078,0.0231004362005801,0.0248916214314078,5,0.0231004362005801,0.0248916214314078,5,0.017152515229341,0.0193163492580424,4,0.017152515229341,0.0193163492580424,4,0.0170835689098282,0.0192740162833767,3,0.0170835689098282,0.0192740162833767,3,0.0170835689098282,0.0192740162833767,3,0.1144714242553332,10.0,82,0.1112973347763841,0.001113715768839,0.0849646052719162,0.0188314105174432,3,0.0502695113767449,0.0002429928620163,0.0702824661032448,0.0002991988620705,3,7.881340506154293,0.0015306158963641,0.0005858721808942,2.612542370637583,0.9316782095796516,0.0027636272662042733,0.002219639966457169,1.2450790704653685
10,50.0,0.009827704,2000,0.0005,0.1144714242553332,2.0265311283601023e-06,0,1,2,1,0.9595,0.9975,0.7366278098907457,0.0015306158963641,0.0196266979400838,0.024984602429177,0.508042696119843,0.0330061871386074,0.216661506471827,0.9504691971528856,5,1542.1710642356932,0.01,0.0131658346774521,0.0062891199672617,0.1670954852219575,1.681698431359587,,9.677513696915405,44.5136260467399,2.068159297540734,10896387156.734907,18160645261.22485,1.0,1.0,1.0,1,0.0011980873122372,0.0041754769311457,0.0029773896189085,0.0058992453995873,1.1716800794579243,0.2582742709042268,0.1584386841460003,0.2026111389025935,0.2157986886463938,0.6549464166324771,22.606947234315506,2896015481942.785,3.1182572587890913,4.203759498646577,41.147066045644515,-0.5335422341550501,3.253801246973061,5094.307626884543,1.179823927328787,2.440063824766054,25.45204685311713,-0.4112480175642151,0.0054659034690212,7.320741882897835e+21,-5.209225851891773,8.27680446787818,44.5136260467399,0.222360467751171,0.1348937118991574,32.52331726539378,-2.0032681299077963,2.407958087572767,9.605062612628563,-0.0681747443601356,5.751166204495828e-07,9.64785661453797e-05,-14.368692998540698,2.251059327841946,12.186829849561075,0.5595178912514785,0.0196266979400838,0.0196755539356041,0.035651555411843,0.2952346950269225,0.3217436372499511,0.0330061871386074,0.0196266979400838,0.0330061871386074,5,0.0196266979400838,0.0330061871386074,5,0.0196266979400838,0.0330061871386074,5,0.0159809121847993,0.0158446203522671,4,0.0159007807711134,0.0151814737124276,3,0.0159007807711134,0.0151814737124276,3,0.0159007807711134,0.0151814737124276,3,0.1144714242553332,10.0,83,0.1805791272863642,0.0013028104205728,0.0656051617219954,0.0055069460514163,3,0.168115538378011,0.0001507306766265,0.096350243771578,0.0030612088790729,3,0.3442231682401081,0.0015306158963641,0.000436917969728,3.5032111343848045,2.5487747044058824,0.0011980873122372838,0.03119157216890832,0.03841060994775808
6,2.0,0.009827704,2000,0.0,0.1144714242553332,2.5520253774201465e-06,2,2,2,2,0.5305,0.033,0.0337190445376123,0.0,0.0575697023698816,0.0624733234000717,0.3391449774436098,0.0559472511774005,0.057843934934576,0.3847084102702836,5,866.0742070780155,0.01,0.0129486751445475,0.0137137965479387,3.0450067173577837,0.971817620628696,,8.856125191412021,44.34936481572137,1.99168559977201,2.16324811339806e+57,6.180708895423029e+56,1.0,1.0,1.0,12,0.0737304756901203,0.4396753452022492,0.0796781592486526,0.0059476835585323,1.382793418551421,0.321682887039649,0.3241056695453431,0.2163434970576418,0.2271154625588818,0.2336700154774577,8.905640552317463,2838112.4975771317,2.1866848459140606,2.3535666938399986,25.380765269551176,-0.2930872506066572,3.748667411092421,420796.9133442487,1.3214004197860227,1.984720806892109,43.03476982096228,-0.4027744523602192,0.0076533415869374,2.641331418249621e+24,-4.872612917766873,9.70471298157936,44.34936481572137,0.0367619433952746,0.1425534567167506,15.59083326350523,-1.9480382147645283,2.4783675496701543,5.981455414655976,-0.0885227222341016,2.0681668705862695e-06,0.0009316385262591,-13.08884791280064,2.6242948236866224,13.532693937567556,0.0801071062984811,0.0450989562105082,0.0847513116198254,0.0575697023698816,0.054593093303431,0.0629914603228964,0.0559472511774005,0.0575697023698816,0.0559472511774005,5,0.0575697023698816,0.0559472511774005,5,0.0575697023698816,0.0559472511774005,5,0.0499345200298504,0.0482511557651915,4,0.0499345200298504,0.0482511557651915,4,0.0499345200298504,0.0482511557651915,4,0.0499345200298504,0.0482511557651915,4,0.1144714242553332,10.0,84,0.0993476483651403,0.0012254265027272,0.249509659029801,0.008710062656196,3,0.0643853617430943,9.407802039272215e-05,0.0768289086493725,0.0001069718939591,2,0.7267337394566803,0.0003120523783544,0.0043830133478269,0.0711958539914371,8.191294680037027,0.07373047569012033,0.5243726752857394,0.1406070132276503
10,2.0,0.009827704,2000,0.0005,0.1144714242553332,2.5520253774201465e-06,2,2,2,2,0.523,0.0465,0.1389635495339373,0.0,0.9874813818298848,0.9875845036075328,0.3665743789344256,0.9874150430072164,0.987638351794697,0.4045500073369587,4,30.532323926627324,0.01,0.0108451619813774,0.0114697193169321,3.35273440695048,0.9999328201788014,,8.62205312199079,44.70999742474648,2.622368610606334,16125.747575954849,1832.4713154494143,1.0,1.0,1.0,12,0.0703956949559347,0.4080459313477586,0.0763144449409111,0.0059187499849763,1.352933439484289,0.2315501457469218,0.3022751532145346,0.159092077010785,0.1689178863464711,0.4549786890506682,8.437179821952842,46286407.43445059,2.13264810845083,2.637686263661239,26.06752371489752,-0.2410308089754629,5.144788899709599,491.8069829243563,1.6379843382614725,1.704991248408836,10.6318726577935,-0.6545363535448206,2.6002237198657545e-05,2.2341069286459544e+54,-10.557327977542332,27.685205500183063,44.70999742474648,0.2182204921336674,0.1088386130553936,10.020983090594823,-2.217889108116001,2.303108418614174,4.837330572988882,0.0219091080342507,1.278778577028843e-06,0.0004492484755682,-13.56960517230264,2.4146477521119447,14.810227926193791,0.2861626186665361,0.9867627050300256,0.988509423962688,0.9874813818298848,0.9873139748015328,0.9881860375753416,0.9874150430072164,0.9892906349181808,0.989187868359998,5,0.9874813818298848,0.9874150430072164,4,0.9874813818298848,0.9874150430072164,4,0.9874813818298848,0.9874150430072164,4,0.9874813818298848,0.9874150430072164,4,0.9874813818298848,0.9874150430072164,4,0.9874813818298848,0.9874150430072164,4,0.1144714242553332,10.0,85,0.3536898721494038,0.0006329814152455,0.2011739527725473,0.0048320663125436,2,0.2466463204506549,0.0003663506836229,0.2736250804133043,0.0003811020736404,2,0.745632900184291,0.0003120523783544,0.002898834000414,0.1076475501218209,63.62144110943045,0.07039569495593478,0.40242041730631606,0.17493072401033444
6,10.0,0.009827704,2000,0.001,0.1144714242553332,2.5520253774201465e-06,2,1,2,1,0.901,0.9915,0.1926166019094378,0.0003120523783544,0.0337776718791987,0.0258145847590366,0.3250541323672004,0.0703351574405777,0.0386344908785908,0.8345289983248385,5,1568.7358734898803,0.01,0.0198333622778402,0.0312629585719754,0.0113129975708109,2.08229737360591,,9.81608056059464,44.6704336221059,2.6443425495952915,588.319450588468,220.61979397067552,1.0,1.0,1.0,12,0.0026300589223267,0.0422780111371569,0.0032824386412605,0.0059124975635873,1.2047210317484325,0.2903620571798395,0.1862480312178284,0.223822652965956,0.2349143380319581,0.8417853337753034,12.327625111103202,43588787549730.24,2.511842688008323,3.318255733364635,44.6704336221059,-0.3058710102738474,3.482325009872925,480567.68710634235,1.247700176988059,2.7394617244513824,20.59164992593668,-0.2649040819985425,0.0250720298450062,3.432360167888984e+21,-3.6860024029972034,9.747052992155997,35.96174929914417,-0.085138185474244,0.2189854371645678,11.364054284547825,-1.518750048342101,2.357725822146905,4.041998626778116,-0.2751295347926472,2.950443253653506e-06,0.0008528281517486,-12.733555143424004,2.5298644719343244,9.819579771951922,-0.0573422436602301,0.0218121175564827,0.0218539648414285,0.0337776718791987,0.022736222816761,0.0228320923784339,0.0703351574405777,0.0337776718791987,0.0703351574405777,5,0.0337776718791987,0.0703351574405777,5,0.0230594794101374,0.0648277108525589,4,0.0230594794101374,0.0648277108525589,4,0.0230594794101374,0.0648277108525589,4,0.0230594794101374,0.0648277108525589,4,0.0230594794101374,0.0648277108525589,4,0.1144714242553332,10.0,86,0.0993476483651403,0.0012254265027272,0.249509659029801,0.008710062656196,3,0.1612770575164098,0.000311687662515,0.2103077143385998,0.0010973217101646,2,6.069904611682179,0.0003120523783544,0.0043830133478269,0.0711958539914371,8.191294680037027,0.0026300589223267464,0.0022004500578486526,1.195236816643826
10,10.0,0.009827704,2000,0.0,0.1144714242553332,2.5520253774201465e-06,2,2,2,2,0.4965,0.1055,0.2144218732504005,0.0,0.8447149657728371,0.8498023950127002,0.5186524170542447,0.8429491264995385,0.849235996374215,0.5520282660151394,4,94.28953948654792,0.01,0.0108766421553632,0.011601089215372,4.531431614087822,0.9979095442310733,,8.388276752819987,44.468237123414845,2.626249395551696,4.6956743544173425e+23,3.3540531102981017e+22,1.0,1.0,1.0,12,0.1228354041071738,0.4385004389534684,0.12876145916512,0.0059260550579461,1.3853824650774595,0.2371138503432651,0.3259762495878094,0.1590911831915398,0.1689241083938743,0.3060031818660144,6.507702529092309,4482790.071470511,1.87298647981371,2.0808062243398453,31.416730413240295,-0.1807482219714796,5.691022187092098,99.0675810670631,1.7388898782414135,1.5144561910403531,4.711258629556294,-0.8035123774054869,3.689806185955724e-06,2.6260188878305655e+54,-12.50993662542252,32.854213500905914,44.468237123414845,0.2433200178945518,0.1107179441337803,11.560936563737444,-2.2007693554410532,2.20477906110383,6.7851616431026525,0.0151213784053133,1.0886540032034433e-06,0.0004144174800612,-13.730568484236782,2.3837593879368093,14.230994351623616,0.357395649975032,0.8350633898956971,0.8696288293695662,0.8447149657728371,0.8414208083204853,0.8633380543026216,0.8429491264995385,0.8484188110460162,0.8465833150177549,5,0.8447149657728371,0.8429491264995385,4,0.8447149657728371,0.8429491264995385,4,0.8447149657728371,0.8429491264995385,4,0.8447149657728371,0.8429491264995385,4,0.8447149657728371,0.8429491264995385,4,0.8447149657728371,0.8429491264995385,4,0.1144714242553332,10.0,87,0.3536898721494038,0.0006329814152455,0.2011739527725473,0.0048320663125436,2,0.235362495257351,0.0003626230450086,0.2675341526148039,0.0003793313638502,2,0.9485298389992564,0.0003120523783544,0.002898834000414,0.1076475501218209,63.62144110943045,0.12283540410717385,0.5960421881018796,0.20608508350448843
6,50.0,0.009827704,2000,0.0,0.1144714242553332,2.5520253774201465e-06,2,1,2,2,0.874,0.007,0.1877022217002217,0.0003120523783544,0.0343045469747942,0.0272559687145164,0.3170784884708557,0.0383740777979121,0.0279532855519836,0.4068140994680244,5,1189.1984221599307,0.01,0.0179128104654578,0.0208098927460739,0.0502851289290344,1.1186294874002598,,9.501803595251568,44.710177812214155,2.7284860178434474,1.3448189570220137e+30,6.206856724716987e+29,1.0,1.0,1.0,12,0.0016635714050349,0.1236734163097336,0.0042560698253923,0.0059196412304273,1.256320348253408,0.2860957218262019,0.2281870898670632,0.2141059179026294,0.2224711090266862,0.6841079845854531,10.831345844789295,86446032.11568609,2.382444323355662,2.9962429829820643,25.855665608899606,-0.2955567602121496,3.2011338469088004,19689.20051984012,1.1635050742056376,2.1999694680721493,18.305055052624045,-0.2915947242966364,0.0188819801155197,1.623396917516475e+41,-3.9695472447642146,10.83085415450814,44.710177812214155,-0.0504393795644513,0.1480992075589147,24.71030762407101,-1.9098729084390076,2.3746555461925056,7.3746323401423455,-0.1084608455874567,3.163594810998325e-06,0.0068514069224143,-12.663801578523026,2.6729317512644744,20.110530267169946,-0.0803693060162761,0.0236921973614615,0.0237711618072936,0.0343045469747942,0.0226909331407787,0.0227948457172599,0.0383740777979121,0.0343045469747942,0.0383740777979121,5,0.0343045469747942,0.0383740777979121,5,0.0220921238696008,0.0274620098507987,4,0.0220921238696008,0.0274620098507987,4,0.0220921238696008,0.0274620098507987,4,0.0220921238696008,0.0274620098507987,4,0.0220921238696008,0.0274620098507987,4,0.1144714242553332,10.0,88,0.0993476483651403,0.0012254265027272,0.249509659029801,0.008710062656196,3,0.1086113660953374,0.0002068532818939,0.146331131946764,0.000328022822547,2,0.8678635257633595,0.0003120523783544,0.0043830133478269,0.0711958539914371,8.191294680037027,0.0016635714050349916,0.008657547137901749,0.19215274009333044
10,50.0,0.009827704,2000,0.0005,0.1144714242553332,2.5520253774201465e-06,2,2,2,2,0.487,0.036,0.2685322504206568,0.0,0.9701035127975034,0.9700375639086768,0.4571646406131338,0.9700232379379072,0.9700149776944564,0.4938659718924867,4,42.889694132168145,0.01,0.0123447307965145,0.0131436817347581,2.69418235764664,0.9999172512432568,,8.218964339372322,44.70919583346002,2.5354838849649592,2.2250131877256807e+21,1.2787432113365982e+20,1.0,1.0,1.0,12,0.0614617642072336,0.3999923813409757,0.0674160853234878,0.0059543211162542,1.346694372731996,0.2182648367462684,0.2976529769041991,0.1513176510313162,0.1601663891133552,0.5089008481311518,6.863860935093178,1826254.5577438108,1.9262701019415511,2.3308364975173155,26.536424824882015,-0.1842195486048956,4.9210740480704835,570.1961764703648,1.5935268091330537,1.6338119245943656,12.83836504128701,-0.6558412319685841,8.03338363083599e-06,1.1899103136636286e+63,-11.73190474505546,29.746055421032057,44.70919583346002,0.2425886671172761,0.1029366925848742,4.662800566448659,-2.273641114816395,2.177817829551836,3.755197040324623,0.0487694867849718,3.639232998512556e-06,0.0005890381455343,-12.523737613213438,2.374774894554808,7.873184625862952,-0.1494396946848779,0.9690703657195427,0.9709388132089836,0.9701035127975034,0.9700036908764568,0.9700180042690056,0.9700232379379072,0.976019010653584,0.975815616540554,5,0.9701035127975034,0.9700232379379072,4,0.9701035127975034,0.9700232379379072,4,0.9701035127975034,0.9700232379379072,4,0.9701035127975034,0.9700232379379072,4,0.9701035127975034,0.9700232379379072,4,0.9701035127975034,0.9700232379379072,4,0.1144714242553332,10.0,89,0.3536898721494038,0.0006329814152455,0.2011739527725473,0.0048320663125436,2,0.4174861457670804,0.0014175855800726,0.4385124815509044,0.0012887815248261,3,0.7873808790129389,0.0003120523783544,0.002898834000414,0.1076475501218209,63.62144110943045,0.06146176420723361,0.3254687940076433,0.18884072863154508
6,2.0,0.009827704,2000,0.0005,0.1144714242553332,1.8900726699282955e-05,0,0,2,2,0.44,0.001,0.040203325446721,0.0,0.0419454078011362,0.0467204078322858,0.5524960125899689,0.0319671622973825,0.0397286121610506,0.9231959589364908,5,1658.0142631345632,0.01,0.031423169350276,0.0009277295128774,0.0216615047293923,0.762113517859673,,9.815245388115484,44.69787109814815,4.953433591320941,224.91336832685076,43.53161967616466,1.0,1.0,1.0,1,0.0009958081127568,0.0021738519872892,0.0031696601000461,0.0059575162814477,1.095054009342992,0.2266401735406746,0.0908036856530013,0.1988482398581672,0.2028811793209942,0.2970617105656115,8.842362320197772,33763995949.88639,2.179554071741367,3.4567604696610754,43.53655025189685,-0.1124499135808187,1.9014797180873804,7138552.329316359,0.6426323820591794,3.183236828162532,28.204839425087535,-0.067244610102885,0.026829606661147,5.2744606650886574e+25,-3.618249275064034,12.526826648254236,44.69787109814815,-0.0432106808653159,0.2532536797473928,4.746922206415484,-1.3733636058606116,1.901465547290425,3.2801931661753723,-0.4176075933791797,1.855954065849956e-05,0.0022735077023671,-10.894526579915738,2.247167432569692,7.695981508275506,0.0081063799302972,0.0419454078011362,0.0428427884209663,0.0553730272747548,0.0514342835144396,0.0357843906713298,0.0319671622973825,0.0419454078011362,0.0319671622973825,5,0.0419454078011362,0.0319671622973825,5,0.027474111658035,0.0030640223203485,4,0.027474111658035,0.0030640223203485,4,0.027474111658035,0.0030640223203485,4,0.027474111658035,0.0030640223203485,4,0.027474111658035,0.0030640223203485,4,0.1144714242553332,10.0,90,0.1620006012258238,0.0006952781751161,0.0375595914088771,0.0009310343130882,2,0.2776201737790179,0.001315596366676,0.3818842520318505,0.0224927989322358,3,0.9846773683487372,0.0001518233268629,0.0020895838843355,0.0726572060595782,8.624954109559246,0.000995808112756862,0.004555894125714016,0.21857578013861226
10,2.0,0.009827704,2000,0.001,0.1144714242553332,1.8900726699282955e-05,0,1,2,2,0.852,0.0,0.3612691280896757,0.0001518233268629,0.1609213893912421,0.1361158396439509,0.6741627773268315,0.5454752915322033,0.318656737690092,0.9998200128830524,4,630.4128508331022,0.01,0.0303787054919386,0.0897746940470257,0.0362861251749563,3.3897003598819904,,7.889022943605358,44.71013654000227,2.955123677012274,158017658.5087834,13740665.957285512,1.0,1.0,1.0,12,0.0013734274322638,0.0301649002545189,0.0046451956320149,0.0060186230642787,1.2443471881663628,0.1739700692849639,0.2186110455444585,0.1354546735680066,0.1385148652853305,-0.5074550756029743,9.725454195669696,21644085.541859504,2.27474659233882,2.874581012040878,39.88974008908115,-0.1683392935017237,1.884649435195613,633.8676244178806,0.6337418275807414,1.8727854797968797,14.06257921314757,-0.1095507024748761,0.0015234145184332,5.936795098266862e+30,-6.486801069787938,14.612165369447238,44.71013654000227,0.1592685975917813,0.1559338648397984,10.909097387774276,-1.8583233049566068,2.166492277190493,6.0448830935299425,-0.1426761384085031,1.8363885833886597e-05,0.0013179858343789,-10.905124548440089,2.259304008450338,6.096812530919793,0.0127536451013139,0.1229406799593224,0.1244854495812881,0.1609213893912421,0.1952826621110582,0.2152122594270146,0.5454752915322033,0.1728825101957281,0.7104038866716066,5,0.1609213893912421,0.5454752915322033,4,0.1609213893912421,0.5454752915322033,4,0.1609213893912421,0.5454752915322033,4,0.1609213893912421,0.5454752915322033,4,0.1609213893912421,0.5454752915322033,4,0.1609213893912421,0.5454752915322033,4,0.1144714242553332,10.0,91,0.5116614717170455,0.0012610411670065,0.373176792297999,0.0369349051213558,3,0.5234150829483785,0.0011890084775691,0.2339561882000532,0.0507043478192594,3,1.0026494651303142,0.0001518233268629,0.0014172507426035,0.1071252406501042,18.58795038052207,0.0013734274322638696,0.004916293692433898,0.2793623648598443
6,10.0,0.009827704,2000,0.0015,0.1144714242553332,1.8900726699282955e-05,0,0,2,2,0.461,0.0005,0.0887660248784713,0.0,0.0419735123947478,0.047519581054529,0.5977288618367708,0.0302208379500593,0.0420645989618838,0.9360792471103656,5,1929.7478507715743,0.01,0.0279578960343797,0.0014196647088264,0.0373832970287403,0.7199978325816947,,9.662807350149455,31.590557068292817,4.586447155226743,297.0184086187608,48.16514734358283,1.0,1.0,1.0,1,0.0004717554997503,0.0027238618706382,0.0031956173703885,0.0059558564565688,1.11403919338652,0.2257266862224701,0.1079923234593776,0.1945309046578492,0.1987876329832827,0.2152951508785466,10.756469030991092,521028593212.82904,2.375507343907269,3.4970192535646394,31.590557068292817,-0.167189725264712,1.9557375913495645,2917653.139935347,0.6707674068611814,3.0764392650172847,23.381072021321103,-0.0787243053782748,0.0206545828991356,1.50158019022582e+27,-3.879818052036862,12.94938469504502,26.422211100500693,-0.0216013299602609,0.2879478445812867,7.0295186261682145,-1.244975910449773,1.8761821627765616,4.344105586170448,-0.4916655561542479,1.6736435364414266e-05,0.002417114665279,-10.99792245677203,2.199585680215159,7.91970021563459,0.0552887168367989,0.0419735123947478,0.0428099497133315,0.0577752810555075,0.0568277543811867,0.0391452045544054,0.0302208379500593,0.0419735123947478,0.0302208379500593,5,0.0419735123947478,0.0302208379500593,5,0.0280766354005309,0.0020597399615792,4,0.0280766354005309,0.0020597399615792,4,0.0280766354005309,0.0020597399615792,4,0.0280766354005309,0.0020597399615792,4,0.0280766354005309,0.0020597399615792,4,0.1144714242553332,10.0,92,0.1620006012258238,0.0006952781751161,0.0375595914088771,0.0009310343130882,2,0.2492820473584719,0.0009631093058262,0.3261809350381191,0.0197992016168404,3,0.292929554219699,0.0001518233268629,0.0020895838843355,0.0726572060595782,8.624954109559246,0.0004717554997503452,0.008228569308584186,0.057331412309816934
10,10.0,0.009827704,2000,0.0015,0.1144714242553332,1.8900726699282955e-05,0,1,2,2,0.89,0.0,0.5892014519692657,0.0001518233268629,0.0454698823441186,0.0520689600961028,0.8875372390082213,0.0348122956084512,0.0863686602839167,0.9880178329100197,5,2709.14615368909,0.01,0.0357170854004315,0.003681938248272,0.0817747335163419,0.7656121769788147,,7.877440166674243,44.709958644457416,9.255522532035858,6.09875388490591e+71,6.629080309680336e+70,1.0,1.0,1.0,2,0.0007153456522377,0.0053064983174384,0.0036678863021258,0.0060218439696761,1.2045132896627024,0.1556874753529442,0.1860755763558013,0.1254179727722984,0.1282280585630006,-0.2886483621713255,11.773078511497776,1480583846.6976388,2.4658154428496477,3.193896257607147,41.17032250916069,-0.2113324080528984,1.2339935242221594,464.8364078555258,0.2102556776753901,1.946026162213042,16.27554659562515,0.1121882065349923,0.0034796899799094,8.695028311930108e+27,-5.660812075397098,11.120708203547718,44.709958644457416,0.1349977055689026,0.1910012917592439,12.083419867854698,-1.6554750878209743,2.067982005024964,6.297357413091283,-0.2475625841487128,2.3994395422267217e-05,0.0016331246924125,-10.63769027895952,2.175417949030634,6.707468282051622,-0.1096892245865428,0.0433293659556767,0.0454698823441186,0.0674076319885133,0.1500807055262758,0.0742129797170233,0.0348122956084512,0.0454698823441186,0.0348122956084512,5,0.0454698823441186,0.0348122956084512,5,0.0377465328189338,0.0031833668460445,4,0.0377465328189338,0.0031833668460445,4,0.0377390857829667,0.0031762628044072,3,0.0377390857829667,0.0031762628044072,3,0.0377390857829667,0.0031762628044072,3,0.1144714242553332,10.0,93,0.5116614717170455,0.0012610411670065,0.373176792297999,0.0369349051213558,3,0.5497061385675909,0.0010323422652733,0.1008500298754074,0.0090920105249049,3,0.6066705528396985,0.0001518233268629,0.0014172507426035,0.1071252406501042,18.58795038052207,0.0016386120153126403,0.01712068338350019,0.09570949819046526
6,50.0,0.009827704,2000,0.001,0.1144714242553332,1.8900726699282955e-05,0,1,2,2,0.9425,0.0005,0.3512368752384867,0.0001518233268629,0.0340252898485998,0.0390690048064739,0.5389783868488502,0.0276747647131026,0.1361047300508672,0.9394819917071032,5,1928.9258986998504,0.01,0.0208982032044555,0.0039504254614789,0.1306957505621445,0.8133586763329643,,9.79313116964178,44.71007896428618,3.3536449526568504,7.815524704049347e+58,1.67475529372486e+58,1.0,1.0,1.0,2,0.0009682797265208,0.0049690377111072,0.0031882358025949,0.0059373174376281,1.143251711113818,0.2539632752908944,0.1338765802650042,0.2104725378040702,0.2172041884492487,0.0760066079410188,12.314750835257916,2744878538386993.0,2.510797798745644,3.6153783088012066,44.71007896428618,-0.1991371529044714,2.4615570497066797,931849.3181431008,0.9007940967530164,3.0209435759588397,19.83710539976311,-0.1563144832716349,0.0249597820158413,1.892681220474737e+29,-3.690489468858736,12.011158663472536,44.709739491004655,-0.0390513961142312,0.2447638712260797,6.373874426693894,-1.4074613240964686,2.018721660221946,3.56788169432355,-0.376460384725831,1.0159897038382848e-05,0.0043876636930777,-11.497062249882724,2.3093264091885937,16.729675409119725,0.2688022188948571,0.0336824332274665,0.0340252898485998,0.0494992913433554,0.2381607510799432,0.1424786743595557,0.0276747647131026,0.0340252898485998,0.0276747647131026,5,0.0340252898485998,0.0276747647131026,5,0.0201111167467882,0.0001274431458701,4,0.0201111167467882,0.0001274431458701,4,0.0201111167467882,0.0001274431458701,4,0.0201111167467882,0.0001274431458701,4,0.0201111167467882,0.0001274431458701,4,0.1144714242553332,10.0,94,0.1620006012258238,0.0006952781751161,0.0375595914088771,0.0009310343130882,2,0.1872908319295747,0.0006346454128792,0.3974918544617613,0.060890075302034,3,0.3881290659088829,0.0001518233268629,0.0020895838843355,0.0726572060595782,8.624954109559246,0.0017808019085123095,0.028340504061724434,0.06283592926342443
10,50.0,0.009827704,2000,0.0005,0.1144714242553332,1.8900726699282955e-05,0,1,2,2,0.862,0.0005,0.1629931791438875,0.0001518233268629,0.1676177012012085,0.139814059338407,0.681026107535017,0.0381121877740162,0.3683623744231895,0.9938317495872014,4,695.4497619312501,0.01,0.032986232242756,0.023857141270242,0.022313813633827,0.2273756739347372,,8.10850724021639,44.43670531389118,3.61351112832261,3.5534115662211025e+80,4.441764457776378e+79,1.0,1.0,1.0,12,0.0019001780270518,0.017344382438568,0.0040982069003254,0.0059983849273773,1.2355562872054424,0.1814783543120521,0.2115213036487198,0.1401133504902134,0.1454132624306101,-0.4399824820747274,11.731877594775664,2292639706.5450683,2.462309717611719,3.157430477867024,44.43670531389118,-0.2126628176487783,1.705420688103127,252.51344234631793,0.5338118181910901,1.9289349454636295,9.812466626171227,-0.0545559899541096,0.0014801349944579,4.907407204331868e+22,-6.515621982894155,13.575860428750929,43.58866365927399,0.173549220813111,0.149273360479597,17.558011036507374,-1.9019760198309876,2.1818905351347295,7.559727613065713,-0.121662399122425,1.6177099716655087e-05,0.0011930112460453,-11.031913913535137,2.2384866044456,6.299512172134853,0.069512913897171,0.1249158046265121,0.1269086721875003,0.1676177012012085,0.450135382578882,0.6168395529166701,0.0381121877740162,0.1765960571326328,0.1208968207742229,5,0.1676177012012085,0.0381121877740162,4,0.1676177012012085,0.0381121877740162,4,0.1676177012012085,0.0381121877740162,4,0.1676177012012085,0.0381121877740162,4,0.1676177012012085,0.0381121877740162,4,0.1676177012012085,0.0381121877740162,4,0.1144714242553332,10.0,95,0.5116614717170455,0.0012610411670065,0.373176792297999,0.0369349051213558,3,0.5404818022124908,0.0012464902687243,0.1464218406995647,0.0072686742816403,3,2.152704522885411,0.0001518233268629,0.0014172507426035,0.1071252406501042,18.58795038052207,0.0019001780270518891,0.0033249316404020037,0.5714938629000343
6,2.0,0.009827704,2000,0.0005,0.2620741394208896,1.3107375774432163e-05,0,0,2,2,0.4495,0.001,0.3424661570706273,0.0,0.0294308845868964,0.0333504420525584,0.38234948867151,0.0224813757454403,0.0337581440542262,0.8773746450019967,5,1705.079545261632,0.01,0.0222289916365981,0.0011334096189912,0.0364972602127547,0.7638702016945081,,9.919293697701782,43.95222583152435,3.366499968849522,7.2078802355489e+77,2.4026267451829665e+77,1.0,1.0,1.0,1,0.0008080659387434,0.0022640197413004,0.0030720856800438,0.0059262766212663,1.104577340657353,0.2407063295391778,0.0994627646563579,0.2069018264650444,0.2132346647425578,0.2271321953039092,11.999860619954424,6790041309.352773,2.4848950347167476,3.67748343454658,38.214294388944296,-0.3604334189016374,2.5758524169980728,78878020.5769416,0.9461805150628692,3.1853166744851737,43.83495771938861,-0.288313821029266,0.0287270815827808,1.122263607691945e+22,-3.5499149919796893,10.515148632821116,43.95222583152435,-0.1419718811619277,0.212857427444506,7.305057689159183,-1.547132692111227,2.0485119450001443,3.844556236802621,0.1015394868733467,8.699437619510062e-06,0.0192606931407286,-11.652252175828709,2.3810536694490194,30.16610333095981,0.1721577010639883,0.0294308845868964,0.0297398574753496,0.0408805840954293,0.0451259324389317,0.0336671239783066,0.0224813757454403,0.0294308845868964,0.0224813757454403,5,0.0294308845868964,0.0224813757454403,5,0.0175326462371139,0.0013382412780933,4,0.0175326462371139,0.0013382412780933,4,0.0175326462371139,0.0013382412780933,4,0.0175326462371139,0.0013382412780933,4,0.0175326462371139,0.0013382412780933,4,0.2620741394208896,10.0,96,0.2877757170189351,0.00218583920772,0.0056752461467568,0.0001585319325561,2,0.1505461392159686,0.0002967717304317,0.0387188633523466,0.0003376425085996,2,0.5738142079999269,0.0016259064576765,0.0003275932667225,4.963186435249614,5.787752918070432,0.0008080659387434482,0.006857879291019677,0.11783029482621578
10,2.0,0.009827704,2000,0.0005,0.2620741394208896,1.3107375774432163e-05,0,0,2,2,0.343,0.0,0.7650105884681526,0.0,0.0152698844938271,0.0231277171959471,0.946399338240086,0.0203397348718629,0.06469291405156,0.9915847361863008,4,1181.7557129992524,0.01,0.0620930524624737,0.0005774163556848,0.0045179004930765,1.3320162886684108,,8.111798741623009,44.708323352333,5.9665208419727165,32806956.682536133,6561391.336507226,1.0,1.0,1.0,1,0.0015677794824615,0.00164298278062,0.0032107622630815,0.0059857344909388,1.1546530736265734,0.1488427950756917,0.1437999296994253,0.1250017766681777,0.12789045923623,0.0212549060112925,12.153753023573593,400916435057.98944,2.4976380129187095,3.5443723402232017,44.708323352333,-0.3775649895138975,0.6944711965260628,138.29695206677397,-0.3646045913323704,2.175420893263533,9.90254325990004,0.1803854536845466,0.0183931172425423,442745423970820.25,-3.9957787472514834,7.085661782505108,44.69745480836339,-0.1477620170090778,0.2154519124946427,7.228835166310878,-1.5350175382150015,1.8936144545722795,4.937541600003709,0.1034475087471051,2.295250413104483e-05,0.0020439753706589,-10.682083514946225,1.9719095099220283,9.19970867952735,-0.284116452718117,0.0152698844938271,0.0194050252235796,0.0347082418704346,0.0583440595008036,0.1153949477820136,0.0203397348718629,0.0386454680444949,0.0651525439014841,5,0.0152698844938271,0.0203397348718629,4,0.0152698844938271,0.0203397348718629,4,0.0152029441136144,0.0200052618431757,3,0.0149332327182595,0.0199963625198285,2,0.0149332327182595,0.0199963625198285,2,0.0149332327182595,0.0199963625198285,2,0.2620741394208896,10.0,97,0.5880867067042825,0.0045804030144588,0.3880849890614534,0.0577148317656638,3,0.5484558118029864,0.0038485056524122,0.0095891738301872,8.185394962503046e-05,3,5.247976125910098,0.0016259064576765,0.0002599377253325,6.254984556766834,9.319809610249989,0.001567779482461507,0.0016227462362302404,0.9661273262932193
6,10.0,0.009827704,2000,0.0,0.2620741394208896,1.3107375774432163e-05,0,0,2,2,0.4615,0.0,1.9420597302792,0.0,0.0325801663564545,0.0371644422200554,0.5055245614935306,0.0248920972191103,0.0450780498937083,0.9217302091266776,5,2107.1799926072017,0.01,0.0224977447073993,0.0016568279866368,0.0530305406483244,0.7640260932608438,,10.018412092577492,44.71017781118271,3.825425725161699,483.6862059916334,103.6470441410643,1.0,1.0,1.0,1,0.0002585658202997,0.0028544887174296,0.0031130545377294,0.0059316774574683,1.120748151788436,0.2530164069220669,0.1139964549674532,0.2145176548706051,0.2205610433190824,0.1513179685181554,10.473800352412525,56269399524.50392,2.348876934420379,3.6533789032080257,30.07909124894915,-0.3255807455194204,2.4701553784086663,171471637.89312983,0.904281054899698,3.459260010189663,34.530628301615735,-0.2533696105132696,0.0255293819345497,8.432897374138843e+32,-3.667925257400967,11.788608484342827,44.71017781118271,-0.1166248899099181,0.290627313847319,6.715930929730328,-1.235713541047026,2.0681792415847435,3.260353535715056,-0.0500025806446657,9.63062997130818e-06,0.0017468281540192,-11.55056191671255,2.353870350433748,9.07474606831921,0.1309445384999053,0.0325801663564545,0.0329622640582615,0.0459508962454503,0.0647352618772574,0.0456067905847574,0.0248920972191103,0.0325801663564545,0.0248920972191103,5,0.0325801663564545,0.0248920972191103,5,0.0199410232351318,0.0008519447708249,4,0.0199410232351318,0.0008519447708249,4,0.0199410232351318,0.0008519447708249,4,0.0199410232351318,0.0008519447708249,4,0.0199410232351318,0.0008519447708249,4,0.2620741394208896,10.0,98,0.2877757170189351,0.00218583920772,0.0056752461467568,0.0001585319325561,2,0.2088127305586763,0.0007367164315328,0.4377385034816537,0.0259254327829776,3,0.1283872149728615,0.0016259064576765,0.0003275932667225,4.963186435249614,5.787752918070432,0.0002585658202997345,0.011914501795840854,0.02170177358066246
10,10.0,0.009827704,2000,0.0005,0.2620741394208896,1.3107375774432163e-05,0,1,2,2,0.9035,0.0,0.3501363313546027,0.0016259064576765,0.0330467964684132,0.0405234647684155,0.9036360215007572,0.0346284087260137,0.0818785507881363,0.9872084582300054,5,3101.316928837521,0.01,0.0387326073858034,0.0020315649783562,0.0355920517401085,1.0478597754282244,,8.05737982668566,44.66506629263031,18.1665795053299,231461.93066886516,33065.990095552166,1.0,1.0,1.0,1,4.78027918945044e-06,0.0034725614905249,0.0034677812113355,0.0060037177446833,1.1935998258301612,0.1570995974460293,0.1769738045475776,0.1279449338992337,0.130533209282627,-0.238516468794771,10.867730923858296,22010975240.524376,2.385797932687332,3.2461856679380343,43.14538838719629,-0.3777944180307294,1.1167569023873392,230.47750149218507,0.110428862012131,2.006114701426483,10.46769978986253,-0.0411836713521761,0.0072989710533603,4.988166552105404e+19,-4.920021892356868,10.01609085182633,44.66506629263031,-0.0122551336182544,0.190696109975527,11.07486569572761,-1.6570741652438763,2.0739739868070446,5.936155273557734,0.1533029473389756,2.183773441308067e-05,0.0046574964908128,-10.73187114813329,2.157849000266048,14.2789357409142,-0.2365616416116997,0.0330467964684132,0.0352036776986083,0.0533199201382249,0.1452079521066408,0.0657992915317543,0.0346284087260137,0.0330467964684132,0.0346284087260137,5,0.0330467964684132,0.0346284087260137,5,0.025042215636053,0.005043177719774,4,0.025042215636053,0.005043177719774,4,0.0250342948534933,0.005034619373882,3,0.0250342948534933,0.005034619373882,3,0.0250342948534933,0.005034619373882,3,0.2620741394208896,10.0,99,0.5880867067042825,0.0045804030144588,0.3880849890614534,0.0577148317656638,3,0.5389481659308266,0.0013246334884066,0.1087620542853475,0.0108901630449203,3,0.0032139464789645,0.0016259064576765,0.0002599377253325,6.254984556766834,9.319809610249989,4.78027918945044e-06,0.009006390862733997,0.0005307652379634043
6,50.0,0.009827704,2000,0.0,0.2620741394208896,1.3107375774432163e-05,0,0,2,2,0.4565,0.0,0.3522231703618605,0.0,0.0394553466358732,0.0482245243221589,0.7788262295054938,0.0028778793660292,0.0489714124392476,0.9696882148156508,4,439.61160196332776,0.01,0.0675161948040585,0.0002442058168565,0.0015002061964092,0.0729401617628335,,10.378495117224851,43.64578584245166,592.0080303828403,167.0153636620687,32.32555425717458,1.0,1.0,1.0,1,0.0018220929956958,0.0012598017863901,0.003081894782086,0.005956815144251,0.9869987934766954,0.2035072361157588,-0.0130864619640982,0.1977875112677635,0.2021553138579907,0.8066398715228361,10.173346566658369,1825998260284.0923,2.3197712185328543,4.488637502796428,33.098840973660515,-0.2585114325585342,1.0071055368497774,3120668029.89546,0.0070804114721378,4.19166044992038,43.64578584245166,0.0049453628769166,0.0411241747234374,8.910156462108036e+20,-3.1911591376131554,12.600673077091306,31.350694985048182,-0.1469454270527618,0.3380090687077343,3.9245918736598537,-1.0846825533627944,1.7472948608064576,2.762213970637593,-0.1456224090773998,2.7015051043865147e-05,0.0047376246693977,-10.519116401206208,2.187492023348123,9.63199099124421,-0.3306156278792925,0.0394553466358732,0.0445257039245766,0.0606925224060267,0.0726802263782065,0.071356131573507,0.0028778793660292,0.0885465211834874,0.0865549163505397,5,0.0394553466358732,0.0028778793660292,4,0.0394553466358732,0.0028778793660292,4,0.031245664256355,0.0025216008981252,2,0.031245664256355,0.0025216008981252,2,0.031245664256355,0.0025216008981252,2,0.031245664256355,0.0025216008981252,2,0.2620741394208896,10.0,100,0.2877757170189351,0.00218583920772,0.0056752461467568,0.0001585319325561,2,0.4936108480781669,0.0041561246962872,0.0114489582968003,0.000171718500126,3,15.829827017649482,0.0016259064576765,0.0003275932667225,4.963186435249614,5.787752918070432,0.0018220929956958884,0.00047104027486767906,3.8682318538637412
10,50.0,0.009827704,2000,0.0005,0.2620741394208896,1.3107375774432163e-05,0,0,2,2,0.4115,0.0005,0.8136126566597354,0.0,0.0302469744549921,0.0379793057409168,0.89409826981681,0.0293216127176812,0.0662208117880863,0.9852978696248428,5,3112.311997316874,0.01,0.0381559525852086,0.0012303329556324,0.0224552381437927,0.9694064694408436,,8.338446647669809,29.793102686340927,22.10893802278809,1.4091764233654162e+121,3.3551819603938466e+120,1.0,1.0,1.0,1,0.0007456926451218,0.0025179464095939,0.0032636390547157,0.0059623363857343,1.1880659143146606,0.1674002542628266,0.1723267028311535,0.1353844272152345,0.1395931934056015,-0.191084548271372,16.12719076936287,147612435.75945368,2.7805067151193903,3.9082207310938686,16.290241905131708,-0.4147922339116896,1.0993927447906755,258.694324391453,0.0947579771782197,2.0949982445980275,11.033111929592843,-0.0319562481243279,0.0060463867910823,132677191061436.23,-5.10829440996353,9.620076910705963,29.793102686340927,0.0068111706895018,0.1758819131499335,6.007529359502369,-1.7379424571420747,2.0527056537043724,4.120252324581501,0.1942872891007882,1.372094311104808e-05,0.0010582970844382,-11.196587198156704,2.0972358601534036,6.666284133432088,-0.0218135941211414,0.0302469744549921,0.0324085806430115,0.0512823621247469,0.1138683981702956,0.055472424476282,0.0293216127176812,0.0302469744549921,0.0293216127176812,5,0.0302469744549921,0.0293216127176812,5,0.0239521291577075,0.0044789534583588,4,0.0239521291577075,0.0044789534583588,4,0.0239076509290532,0.0044528450893224,3,0.0239076509290532,0.0044528450893224,3,0.0239076509290532,0.0044528450893224,3,0.2620741394208896,10.0,101,0.5880867067042825,0.0045804030144588,0.3880849890614534,0.0577148317656638,3,0.4864629513450182,0.0012983375728152,0.1083986273898812,0.0094831458314355,3,0.7818844311458747,0.0016259064576765,0.0002599377253325,6.254984556766834,9.319809610249989,0.0007456926451218119,0.005996691445991158,0.12435067767582307
6,2.0,0.009827704,2000,0.0015,0.2620741394208896,1.4506386445202115e-05,1,2,2,2,0.4145,0.0085,0.1300765856576883,0.0009376118858893,0.0477043104862371,0.0556525453177234,0.4013392936172971,0.0449711187626005,0.1063095674948851,0.4311160206305675,5,2653.959030366924,0.01,0.0185979791954235,0.0200107548966722,1.6928474298853722,0.942705560655256,,7.560944238213337,44.705300333813035,3.283544945461823,2.5608632358281977e+33,1.2391273721749345e+32,1.0,1.0,1.0,12,0.0515968337627651,0.4172689828787445,0.0577790875579991,0.0061822537952339,1.3953770935798433,0.242650580520207,0.3331646967223893,0.1669243575417522,0.1714575210825215,-0.4770021608779411,5.800682949387588,9315.51533813377,1.7579756605148107,1.5433275496282224,22.914705129707645,-0.2648214682277281,2.83193949075296,202.72246499593632,1.0409618093436634,1.349986145732574,10.121113911076463,-0.1786794787515752,0.0097891950442377,6.669422004895816e+37,-4.626476048063486,15.191242042919049,44.705300333813035,0.0028914450465743,0.2091620971537255,4.365887733970398,-1.5646457431599503,1.923998659035801,3.2654699847391355,0.1172131288859506,1.1559402790444431e-05,0.0007243380996194,-11.368011357780816,2.119476077615637,5.796504242669158,0.1071443075819156,0.0659766269737726,0.0532766984931606,0.0477043104862371,0.2381055519883874,0.0358520317336673,0.0449711187626005,0.0477043104862371,0.0449711187626005,5,0.0477043104862371,0.0449711187626005,5,0.0351739328047266,0.0324722507518425,4,0.0351739328047266,0.0324722507518425,4,0.0351739328047266,0.0324722507518425,4,0.0351739328047266,0.0324722507518425,4,0.0351739328047266,0.0324722507518425,4,0.2620741394208896,10.0,102,0.2608729970386403,0.0007813802377185,0.1330236738957936,0.0138875537843639,2,0.1602038641143713,0.0003333226952594,0.1868143515460328,0.0003475431839572,3,0.8433305288556779,0.0009376118858893,0.0021169467126325,0.4429076463258715,54.17233841919049,0.051596833762765144,0.20770152223545427,0.2484181781983958
10,2.0,0.009827704,2000,0.001,0.2620741394208896,1.4506386445202115e-05,1,2,2,2,0.418,0.008,0.0409865004964235,0.0009376118858893,0.1047284589969453,0.109251210776008,0.5179144958471963,0.1030533098469621,0.1238947726523142,0.5526619127725179,4,698.143623393212,0.01,0.0170817322071696,0.0184854926576205,1.4880926538670585,0.9840048333945968,,7.363568711776871,44.69092551159658,2.872984481960847,inf,inf,1.0,1.0,1.0,12,0.0409560761688065,0.3789317211321027,0.0470841477186147,0.0061280715498081,1.3487182734555785,0.1986575987520603,0.2991547143890374,0.1398313094175245,0.1458239764186315,-0.3262023155417108,5.166419029967197,20742.30119856695,1.642179804424659,1.6440253529016593,21.56708277356983,-0.1781666025050752,3.7191432012484857,73.99863439320319,1.3134933195117826,1.4109042118078394,5.023321415466918,-0.3641255917375021,3.577797532683863e-05,5.22333306093768e+52,-10.238178068213728,29.414126713529924,44.69092551159658,0.1922758651578486,0.1550089712807157,8.170990087193566,-1.8642722845074045,2.1144700300244947,4.469736823498227,0.2483574780860479,1.50166824451904e-05,0.001145450322811,-11.106348811844487,2.2786282545934253,6.303060145872038,-0.0151726149687077,0.1155054808679398,0.1075196924631388,0.1047284589969453,0.1757294914530867,0.0929015166568938,0.1030533098469621,0.1212448182585378,0.1192469561668814,5,0.1047284589969453,0.1030533098469621,4,0.1047284589969453,0.1030533098469621,4,0.1047284589969453,0.1030533098469621,4,0.1047284589969453,0.1030533098469621,4,0.1047284589969453,0.1030533098469621,4,0.1047284589969453,0.1030533098469621,4,0.2620741394208896,10.0,103,0.5739159096444235,0.0017047332295529,0.4229039762445975,0.1859785094179892,3,0.470337471945462,0.0015153064539044,0.5100873459899956,0.0014100109671792,3,0.9020424261382444,0.0009376118858893,0.0016971210901127,0.5524720017633301,248.30965390450993,0.04095607616880656,0.1556685830578895,0.2630978927429175
6,10.0,0.009827704,2000,0.0005,0.2620741394208896,1.4506386445202115e-05,1,2,2,2,0.48,0.0,0.2195410218841299,0.0009376118858893,0.0560434009610911,0.0455674832254576,0.4354642654398681,0.061612017530236,0.0451928230085324,0.4884854243137804,5,2822.673715912478,0.01,0.0240485032504519,0.0280100945524067,0.3261794762299043,1.0993625738918125,,7.601461928421349,44.71017691596858,3.590378963744253,1129.848668283592,36.842891357073654,1.0,1.0,1.0,12,0.0087189275720615,0.203712200337721,0.0148738495104384,0.0061549219383769,1.3325203560114558,0.2052000297790228,0.2870721534976168,0.1503956036384157,0.1522532259032116,-0.2229502406627568,6.260741722096181,3756.6125193881217,1.8342986640509569,1.7635771834915994,11.17904062848394,-0.2750258257621104,2.2394799203415037,96.1202712172469,0.8062436604903951,1.311537404091376,7.5745000879871025,-0.0049534782369221,0.0128442572432815,5.154400782179316e+37,-4.354858474671287,15.635592257543175,44.71017691596858,-0.01456247566996,0.3015368922605331,4.036991654986826,-1.1988629079107356,1.7454430756834145,2.8699115628545533,-0.0803606456179246,2.0849656272028494e-05,0.0012862253407735,-10.778173095609384,2.009019133676191,6.279184122245477,-0.1805599853770912,0.0397441076361817,0.0409149410790999,0.0560434009610911,0.0359192023175176,0.0380472491778436,0.061612017530236,0.0560434009610911,0.061612017530236,5,0.0560434009610911,0.061612017530236,5,0.0443320242681138,0.0513943402449242,4,0.0443320242681138,0.0513943402449242,4,0.0443320242681138,0.0513943402449242,4,0.0443320242681138,0.0513943402449242,4,0.0443320242681138,0.0513943402449242,4,0.2620741394208896,10.0,104,0.2608729970386403,0.0007813802377185,0.1330236738957936,0.0138875537843639,2,0.2334939314384082,0.0005596452317082,0.2992447723855758,0.0009365172516435,3,0.670570697203342,0.0009376118858893,0.0021169467126325,0.4429076463258715,54.17233841919049,0.00871892757206158,0.038167037163829465,0.2284412996124421
10,10.0,0.009827704,2000,0.002,0.2620741394208896,1.4506386445202115e-05,1,2,2,2,0.421,0.001,0.1430353986813885,0.0009376118858893,0.077262282265975,0.0728838696548952,0.5668822939781457,0.0762754391439672,0.0657300005728421,0.6013114638424377,4,824.719650168346,0.01,0.0186247409327609,0.0203715254342304,0.9062354515852336,0.9872273625232744,,7.262940901060367,44.71017781215612,2.825801944366494,4524978601597.997,66154657918.099365,1.0,1.0,1.0,12,0.0242956244358062,0.3343076310622473,0.0304451178040566,0.0061494933682503,1.3272902738196368,0.1840416906279527,0.2831394758296329,0.1325354876636937,0.1374204774398332,-0.2233217599268656,5.041593136742731,100363.80716221537,1.6177221306947185,1.7420095475969952,27.79424572760766,-0.154105204646594,3.5265988790523126,111.2540337148462,1.2603339161365663,1.3981077824128394,7.255051334889002,-0.3294359229153072,0.0001076694006934,1.806424925691583e+63,-9.136445130294575,25.817784413784203,44.71017781215612,0.1763859226183662,0.1738643679387817,17.002751779185925,-1.749479778336199,2.1790972687495738,6.1989854385896725,0.1883128136862286,2.0342621539601683e-05,0.0022204622650585,-10.802792289729483,2.374423873688075,7.283627437700839,-0.1424047639622032,0.0694756168470691,0.0719137098516416,0.077262282265975,0.0566062232724386,0.0643083393021204,0.0762754391439672,0.0923412913561265,0.0909584932646287,5,0.077262282265975,0.0762754391439672,4,0.077262282265975,0.0762754391439672,4,0.077262282265975,0.0762754391439672,4,0.077262282265975,0.0762754391439672,4,0.077262282265975,0.0762754391439672,4,0.077262282265975,0.0762754391439672,4,0.2620741394208896,10.0,105,0.5739159096444235,0.0017047332295529,0.4229039762445975,0.1859785094179892,3,0.4923895436558271,0.0016198272076564,0.5347201114537162,0.0015667893173008,3,0.856564015284889,0.0009376118858893,0.0016971210901127,0.5524720017633301,248.30965390450993,0.024295624435806292,0.0959876192831574,0.2531120640062521
6,50.0,0.009827704,2000,0.0015,0.2620741394208896,1.4506386445202115e-05,1,1,2,2,0.8225,0.0,1.0687831820292435,0.0,0.0601919987063786,0.0471705706834905,0.4582468508685212,0.2591040385136114,0.1224255438189485,0.9689808464710008,5,2679.702401440175,0.01,0.0281239676669605,0.0609749833196226,0.0645015025876145,4.304625931721282,,8.312905430189398,44.71017781221746,4.295194870948386,102.00307814624006,4.467288093995915,1.0,1.0,1.0,12,0.0003450107990054,0.0558007272295598,0.0057098914690189,0.0060549022680243,1.253628872228247,0.2142110244267869,0.2260424432464699,0.1660034153309616,0.1685196563620866,0.1656530630440144,7.08021763108091,124265.35160578327,1.9573046460864352,2.232008474753537,23.19571508899914,-0.2724161937994491,2.1805974666213777,406.07013548120386,0.7795989065089401,1.7785898966120093,10.114604578030733,0.0113281212446773,0.0291258622830427,1.4070726098790233e+60,-3.5361287612497994,15.188362118333208,44.71017781221746,-0.0688963455772683,0.3545668271246709,5.608500418812516,-1.036858439845947,1.7708899273881964,3.2097908847176497,-0.1706878535143327,2.2448231749866045e-05,0.001206797448417,-10.70429871080384,2.0435431065537464,5.7934916027741705,-0.2136597211011315,0.0403258128241151,0.0409939005199776,0.0601919987063786,0.0523111097590289,0.0558614831842054,0.2591040385136114,0.0601919987063786,0.2591040385136114,5,0.0601919987063786,0.2591040385136114,5,0.0493986879230995,0.2591026036047011,4,0.0493986879230995,0.2591026036047011,4,0.0493986879230995,0.2591026036047011,4,0.0493986879230995,0.2591026036047011,4,0.0493986879230995,0.2591026036047011,4,0.2620741394208896,10.0,106,0.2608729970386403,0.0007813802377185,0.1330236738957936,0.0138875537843639,2,0.2955668894309099,0.0008215229081864,0.4139936995909549,0.0206040529629861,3,0.1254670602901608,0.0009376118858893,0.0021169467126325,0.4429076463258715,54.17233841919049,0.0003450107990054536,0.009008987810148836,0.03829628880358688
10,50.0,0.009827704,2000,0.002,0.2620741394208896,1.4506386445202115e-05,1,2,2,2,0.4315,0.001,0.2116872654778198,0.0009376118858893,0.0520899104056331,0.0471884682543389,0.5448172628300841,0.051382275881294,0.0422899427870306,0.5857565166174843,4,871.6535847439231,0.01,0.019418391575343,0.0213593491035018,0.8368790483767328,0.986415132626864,,7.12653384152242,44.71017781099109,2.648601330529348,40.44157705952654,0.4872479163798378,1.0,1.0,1.0,12,0.0231489556913484,0.3230634642200648,0.0293407230090814,0.0061917673177329,1.325855787950511,0.1828290098893732,0.2820581286474512,0.1323113620799205,0.1366698175021667,-0.2155273041359418,5.562860870645028,40860.64136842881,1.7161125210096044,1.8221372757237064,22.67885326126617,-0.2013257360085237,3.1246722100974886,93.79865348435548,1.13932938491793,1.3977035422183104,6.818040562534612,-0.24295738413645,0.0001224285547445,8.683819889137555e+45,-9.007982924697544,23.858555559739568,44.71017781099109,0.1854861459282188,0.2065988658425096,8.412466966673025,-1.5769762119413395,2.1544284093410813,3.785429263037982,0.1103997564031813,2.4203416106850065e-05,0.0022549276146495,-10.629016773323889,2.2686780322563425,7.3928829137244865,-0.2256401218709935,0.0436007373241777,0.0458747570332058,0.0520899104056331,0.0352288665789784,0.0402586859008194,0.051382275881294,0.0695140720014038,0.068308900843124,5,0.0520899104056331,0.051382275881294,4,0.0520899104056331,0.051382275881294,4,0.0520899104056331,0.051382275881294,4,0.0520899104056331,0.051382275881294,4,0.0520899104056331,0.051382275881294,4,0.0520899104056331,0.051382275881294,4,0.2620741394208896,10.0,107,0.5739159096444235,0.0017047332295529,0.4229039762445975,0.1859785094179892,3,0.4843003748391252,0.0014019909426188,0.5316952615005022,0.0014070603271658,3,0.8779547896472448,0.0009376118858893,0.0016971210901127,0.5524720017633301,248.30965390450993,0.02314895569134849,0.08586936959744752,0.26958338927920344
6,2.0,0.009827704,2000,0.0,0.2620741394208896,3.853466155588228e-05,2,0,2,2,0.4315,0.0,0.8685976660234478,0.0283312144048394,0.0261340525172986,0.0351095784789152,0.7126422687812806,0.0006469788465178,0.1845345117852952,0.9608373878790244,4,848.0897627157649,0.01,0.0479912309184861,0.0013372243240804,0.0161999917482715,0.0247561623322513,,9.001375111675,44.664891001896464,16.46263167533875,3066.512833557401,82.50707175490766,0.8333333333333334,1.0,1.0,1,0.0008570637048803,0.0026079360362537,0.0034649997411341,0.0060613235202433,1.0991437111858569,0.1887650035179524,0.0945314322826761,0.1695306669644412,0.1692988256276888,0.8238336950685667,7.117146336188549,21341395888.4628,1.9625068496047728,3.2077414042113506,44.664891001896464,-0.1929869743701665,1.1518815235129158,8221.146944736633,0.1413967128120588,2.3277620031285764,26.455994919806084,0.2404852262923031,0.0208438128530716,6.512877898705692e+26,-3.870698120431067,14.39590765882208,35.859626931873336,0.0321595552849522,0.6321572515641497,2.8677646296571844,-0.4586171000187289,1.4428785377905478,1.7848862811373367,-0.6102459197234794,4.984179157633801e-05,0.0043016064698516,-9.9066567375754,1.818070175224923,10.055039586530851,-0.1415213161052055,0.0261340525172986,0.0298302958551163,0.0493643870643308,0.5341040439548446,0.0188525125545232,0.0006469788465178,0.085755455891088,0.0814852106012323,5,0.0261340525172986,0.0006469788465178,4,0.0261340525172986,0.0006469788465178,4,0.0261340525172986,0.0006469788465178,4,0.0254194801211303,0.000603743716937,3,0.0254194801211303,0.000603743716937,3,0.0254194801211303,0.000603743716937,3,0.2620741394208896,10.0,108,0.3326702436314356,0.0010863223524605,0.5779027531731915,0.2140070540924989,3,0.3946202095758283,0.0024678643810892,0.2380323642824865,0.0870973632177764,3,0.8756388972397587,1.754096899426842e-05,0.0028626488319217,0.0061275308374071,98.73664486050262,0.0008570637048803099,0.00348521739381232,0.24591398700177122
10,2.0,0.009827704,2000,0.003,0.2620741394208896,3.853466155588228e-05,2,2,2,2,0.3955,0.0,0.1207391175025692,0.0,0.0308617465791459,0.0243790510552093,0.5770885424316498,0.0304195437321417,0.0197831389786516,0.6179341582350903,4,1702.1443131234212,0.01,0.0215739757382009,0.0241238442008057,0.7197258335938136,0.9856714899181032,,6.8534642202586395,44.660749880199035,2.4704106411446243,11901.594129259844,97.7945285888237,1.0,1.0,1.0,12,0.0217918028817339,0.2957999022158036,0.028114308732577,0.006322505850843,1.325677711551314,0.1746882968832034,0.2819238090927495,0.1276996540377903,0.130688425086473,-0.3737465177720458,5.226228918968356,195025.89869128895,1.6536899699982937,1.7069325941019873,37.63198183193725,-0.1817502516655574,2.8036872547131795,72.20769322461388,1.0309354275428129,1.3173760816474327,6.833699051110176,-0.2503053966498254,0.0001484976028896,5.524437787234554e+39,-8.814941742008843,21.776525880528578,44.660749880199035,0.2483045109892195,0.2293383031381215,10.842019651772835,-1.4725570592912949,2.1154946510863843,4.292225962261873,0.0630723499398984,3.5595869591796304e-05,0.0041267461622493,-10.243280949539797,2.2647589990177197,9.340208762608237,0.0350273596569652,0.020054716916991,0.022220689669491,0.0308617465791459,0.0123076429932293,0.0166222302105839,0.0304195437321417,0.0425194688456739,0.0415554432731058,5,0.0308617465791459,0.0304195437321417,4,0.0308617465791459,0.0304195437321417,4,0.0308617465791459,0.0304195437321417,4,0.0308617465791459,0.0304195437321417,4,0.0308617465791459,0.0304195437321417,4,0.0308617465791459,0.0304195437321417,4,0.2620741394208896,10.0,109,0.6360689753068335,0.002005251073685,0.4108265591966277,0.1290146417257409,3,0.5092021588406331,0.0014162218179242,0.559710042809547,0.0015187585717539,3,0.9282323606124402,1.754096899426842e-05,0.0023680304194452,0.007407408642317,364.131028420756,0.021791802881733983,0.0734991836483335,0.29649040710437996
6,10.0,0.009827704,2000,0.0005,0.2620741394208896,3.853466155588228e-05,2,2,2,2,0.5105,0.0015,0.2730172461836146,0.0,0.0466432030754891,0.031833281699443,0.4818259024294574,0.1314008000143533,0.0667956296032677,0.8863471955993494,4,2475.015627834687,0.01,0.0303237847131271,0.0493703354111661,0.1426510704439129,2.8171478661465277,,7.576773600968987,36.80360217104659,3.4172901794733117,inf,inf,1.0,1.0,1.0,12,0.0033648779504875,0.0881665980029093,0.0096229743442486,0.0062580963937611,1.293991469078631,0.1819283059327991,0.2577316033820395,0.1394270730291252,0.1392400059882287,-0.1687986041397632,5.338235528188552,49781.50647543871,1.6748951729367365,1.9001973170439947,21.72433186671572,-0.1744243234740594,1.9552100975098383,76.96646441409361,0.6704976544201415,1.2994826344462356,7.847208658555299,0.0236181920830337,0.0077809724322925,6.580958173053766e+34,-4.856073957305349,16.594613845095672,36.80360217104659,0.0872778263251529,0.5337680589294556,3.4169059072169876,-0.6277938809517918,1.553879128059713,2.0609946202552085,-0.4577794672475088,4.024099669151728e-05,0.0035302481482917,-10.120624263803652,1.8437064998709336,11.976488832201102,-0.0235005722137626,0.023712575044623,0.0251440669782168,0.0466432030754891,0.0318247516767955,0.0371613371186543,0.1314008000143533,0.0622363062982081,0.1377239210123572,5,0.0466432030754891,0.1314008000143533,4,0.0466432030754891,0.1314008000143533,4,0.0466432030754891,0.1314008000143533,4,0.0466432030754891,0.1314008000143533,4,0.0466432030754891,0.1314008000143533,4,0.0466432030754891,0.1314008000143533,4,0.2620741394208896,10.0,110,0.3326702436314356,0.0010863223524605,0.5779027531731915,0.2140070540924989,3,0.3119307855978319,0.0008907209211236,0.4501819034848147,0.0073845289618945,3,0.5325223850394603,1.754096899426842e-05,0.0028626488319217,0.0061275308374071,98.73664486050262,0.00336487795048756,0.016429229914770613,0.2048104486907438
10,10.0,0.009827704,2000,0.002,0.2620741394208896,3.853466155588228e-05,2,2,2,2,0.493,0.0,0.2335748914716469,0.0,0.0419783457527581,0.0293421109538667,0.6774148852254449,0.0572367399571853,0.0341729582448821,0.797703666872113,4,2216.4971049892883,0.01,0.0267285634478556,0.033876651186206,0.2497427386520775,1.3634825034386855,,6.6799372264662455,44.70975964070063,2.213135053394523,6.756483516335804e+52,6.227173747774936e+50,1.0,1.0,1.0,12,0.0070029694017044,0.1520063903503709,0.0133135673739295,0.0063105979722251,1.29366385785973,0.1601909934282164,0.2574783925179491,0.1207355296050888,0.1229187645950756,-0.1928337459459604,5.493177308542129,22139.821936648088,1.703506832838641,1.797829695869069,23.22340012091983,-0.2002705218530042,2.25899690471966,56.33490659245479,0.8149208672855738,1.3493923407604416,6.673125009830439,-0.0842837023459177,0.0005054242629004,2.1039592784901603e+29,-7.590112356840678,16.797943716127023,44.70975964070063,0.2489816786697073,0.3023223834035586,15.887386552169923,-1.1962613362608174,2.116690684063258,5.1281126194174504,-0.0674952203346607,4.533990079752752e-05,0.0026118537569819,-10.00132310085536,2.1940193428622536,6.319132041341277,-0.0741239229355799,0.022321408857236,0.023726578251606,0.0419783457527581,0.0212135480379646,0.0240685867394963,0.0572367399571853,0.0526154436556679,0.0656309111434848,5,0.0419783457527581,0.0572367399571853,4,0.0419783457527581,0.0572367399571853,4,0.0419783457527581,0.0572367399571853,4,0.0419783457527581,0.0572367399571853,4,0.0419783457527581,0.0572367399571853,4,0.0419783457527581,0.0572367399571853,4,0.2620741394208896,10.0,111,0.6360689753068335,0.002005251073685,0.4108265591966277,0.1290146417257409,3,0.5486768381597609,0.0014235763218398,0.5585296189179758,0.0026603408873843,3,0.7952886479995047,1.754096899426842e-05,0.0023680304194452,0.007407408642317,364.131028420756,0.007002969401704405,0.02667006911828981,0.2625778497477499
6,50.0,0.009827704,2000,0.001,0.2620741394208896,3.853466155588228e-05,2,2,2,2,0.5295,0.0,0.4241649698786005,0.0,0.0485572211237485,0.0330763322929938,0.5525303863151525,0.4280223621429153,0.1788055907168736,0.9839958884087678,4,2372.045993394428,0.01,0.0323693822508489,0.0839676754266278,0.0897147003782434,8.814803488282337,,7.689188122225433,44.71015602350175,3.981789716990814,12731.7708995179,252.1142752379782,1.0,1.0,1.0,12,0.0012481564298452,0.056310947747495,0.0074537825796344,0.0062056261497891,1.276342231098068,0.1816196643985421,0.2439983551514561,0.1402524525390842,0.1409038739676053,-0.0698871705882953,5.355379328216518,11500.9252909175,1.6781015376591994,1.8829131981277565,22.19528670740459,-0.1777283183036985,1.886075178196228,172.33925413609677,0.6344980446025287,1.3270854501413842,12.524909889755737,0.0502537649549437,0.0152011005637366,1.7694470707762483e+45,-4.186387448242071,16.66931449274969,44.71015602350175,0.0467118978636245,0.4601218714561798,4.688331741409485,-0.77626388664064,1.5837576123431347,2.9188668169116374,-0.355397788989065,3.877038478804091e-05,0.0040649322412214,-10.157853881439252,1.8929022006643403,11.910304402726432,-0.0032217935524924,0.0246283046729653,0.0260434710822675,0.0485572211237485,0.0486741376242556,0.05972027238345,0.4280223621429153,0.06360620890006,0.4287563299016769,5,0.0485572211237485,0.4280223621429153,4,0.0485572211237485,0.4280223621429153,4,0.0485572211237485,0.4280223621429153,4,0.0485572211237485,0.4280223621429153,4,0.0485572211237485,0.4280223621429153,4,0.0485572211237485,0.4280223621429153,4,0.2620741394208896,10.0,112,0.3326702436314356,0.0010863223524605,0.5779027531731915,0.2140070540924989,3,0.328193168529721,0.0009781860063202,0.4535290785907925,0.0477257584437285,3,0.3030580432788571,1.754096899426842e-05,0.0028626488319217,0.0061275308374071,98.73664486050262,0.0012481564298452387,0.011265782677464557,0.11079180786453312
10,50.0,0.009827704,2000,0.0005,0.2620741394208896,3.853466155588228e-05,2,2,2,2,0.4595,0.0005,0.200415350796626,0.0,0.0441746355443143,0.0315880925633046,0.6666908109688285,0.055286676004782,0.0342388751075689,0.766506093036358,4,2045.7975734922268,0.01,0.0262171880331024,0.0322376969467022,0.296801890321426,1.2515479827631053,,6.746515386357208,44.7101744502029,2.166864052082857,inf,inf,1.0,1.0,1.0,12,0.008735257347911,0.1717487474881943,0.015067809300749,0.0063325519528379,1.3021599374115371,0.1606898323168044,0.2640243760359952,0.1201109366079105,0.1225053459168242,-0.248335986738117,5.33990767003066,11618.839342224976,1.6752083625661944,1.7740681614285885,18.88039551413708,-0.1870017332676391,2.2920142762765363,91.2819240640449,0.829431027575039,1.3443773464301847,9.57605205780395,-0.0953913296936376,0.000253684695436,2.70020015528947e+28,-8.279418418618116,17.940374143456292,44.7101744502029,0.2715487563114697,0.3008219661857405,11.982371578615956,-1.2012366636892664,2.114244930992393,4.244947712810225,-0.0652200578331293,4.490751667694705e-05,0.0051306195228327,-10.01090536794131,2.263652222802448,8.352357960958853,-0.0676106744940115,0.024498503808844,0.0260911383367553,0.0441746355443143,0.0221743851866711,0.0252555641312535,0.055286676004782,0.0546681311020248,0.063992702559451,5,0.0441746355443143,0.055286676004782,4,0.0441746355443143,0.055286676004782,4,0.0441746355443143,0.055286676004782,4,0.0441746355443143,0.055286676004782,4,0.0441746355443143,0.055286676004782,4,0.0441746355443143,0.055286676004782,4,0.2620741394208896,10.0,113,0.6360689753068335,0.002005251073685,0.4108265591966277,0.1290146417257409,3,0.5450181569813118,0.0014139788103788,0.5666023998718402,0.0023415150089306,3,0.8426139293013892,1.754096899426842e-05,0.0023680304194452,0.007407408642317,364.131028420756,0.008735257347911068,0.03232877341475667,0.2702007043646081
6,2.0,0.009827704,2000,0.001,0.2620741394208896,2.4271463406142064e-05,1,2,2,2,0.5145,0.0015,0.0941129650736231,0.0025233794102852,0.0534379381831573,0.0427939026723233,0.4143053415880787,0.0633391360468135,0.0449692680636316,0.5130208373071719,5,2666.481186034686,0.01,0.0245488784941903,0.0296989331573661,0.2327851781944968,1.185284054742533,,7.87660290685236,44.70912784154341,3.852154672875213,2.249219443620607e+22,9.571146568598328e+20,1.0,1.0,1.0,12,0.0054617610476064,0.1645665678821583,0.0115949798161686,0.0061332187685621,1.307739802220949,0.2136827498894859,0.2683003052805795,0.1592783498960661,0.1613283057020546,-0.7983653895606729,5.8531418657293,422842.84491718566,1.766978588137556,1.8189724047795004,40.19701673758666,-0.0717597884482915,2.375526718911499,809.5584382441991,0.8652191892816468,1.5181155481079764,17.376607671405118,-0.0807191302923822,0.0150206835528432,6.281341417251216e+39,-4.198327124171473,16.172605449635892,44.70912784154341,-0.0504307976058884,0.26030446595273,4.126666232909991,-1.3459033101840017,1.775677194447627,3.1538307636854013,0.0038157103347371,2.3150071049417763e-05,0.0011281193608775,-10.67351270834742,2.082884173732974,5.0633298810317156,0.0227105596249795,0.0370213012107992,0.0379224686230134,0.0534379381831573,0.0349304974925881,0.0366381706514931,0.0633391360468135,0.0534379381831573,0.0633391360468135,5,0.0534379381831573,0.0633391360468135,5,0.0422447087010921,0.0542441000523421,4,0.0422447087010921,0.0542441000523421,4,0.0422447087010921,0.0542441000523421,4,0.0422447087010921,0.0542441000523421,4,0.0422447087010921,0.0542441000523421,4,0.2620741394208896,10.0,114,0.2609826428567459,0.0012746773747825,0.5459940320992581,0.0706121782332236,3,0.242528495812151,0.0006210575877357,0.3249733372618085,0.0013343968949068,3,0.5807141502326146,0.0015751249127822,0.0038209675098087,0.41223195662846,35.457098273756124,0.005461761047606467,0.029537411922202748,0.18490993936746905
10,2.0,0.009827704,2000,0.001,0.2620741394208896,2.4271463406142064e-05,1,2,2,2,0.4975,0.0005,0.2542422108320286,0.0025233794102852,0.0528558690667727,0.0411198185713141,0.617376466044596,0.0610286245775702,0.042962103502768,0.698841437595888,4,1113.917050809872,0.01,0.0243007425508944,0.029220943073771,0.2588929554748509,1.1546234250821392,,7.0980664950067744,44.71011112672143,2.5899305139911513,9365195.56486326,169967.25163091213,1.0,1.0,1.0,12,0.0064083060722575,0.1740471829879101,0.0125964642549304,0.0061881581826728,1.2936162785544336,0.1687737088472607,0.2574416131181212,0.1266008125762214,0.1294120190327312,-0.9186641644252788,5.920107849703011,160467.7040817931,1.7783546665852097,2.0075599403306232,27.1046325156217,-0.0706853880460177,2.4716022102872843,179.2576266695511,0.9048666084781524,1.471216291836722,11.13057765729076,-0.1102410208635214,0.0004088905534385,1.3823614339578682e+33,-7.802063033236403,20.20680112186132,44.71011112672143,0.137980202806966,0.2172063429724411,8.189130499883866,-1.52690748797657,2.104178588851097,3.9609995882270583,0.0892413070874886,3.155722044801958e-05,0.0030186514835763,-10.363708137854406,2.255825986104555,6.8052707306418165,-0.1163658486472274,0.0346582045925372,0.0358453820546323,0.0528558690667727,0.0328989515096507,0.0349587344210833,0.0610286245775702,0.0678372035866105,0.0742234405721935,5,0.0528558690667727,0.0610286245775702,4,0.0528558690667727,0.0610286245775702,4,0.0528558690667727,0.0610286245775702,4,0.0528558690667727,0.0610286245775702,4,0.0528558690667727,0.0610286245775702,4,0.0528558690667727,0.0610286245775702,4,0.2620741394208896,10.0,115,0.5998460750743644,0.0007615249016009,0.397884124690987,0.0445903179443625,3,0.5124799054926761,0.0013301308408912,0.539557125200875,0.0020270261654533,3,0.7310524475666946,0.0015751249127822,0.0026080451863479,0.6039484749065593,84.77767875651121,0.006408306072257539,0.02753019026336646,0.23277376621638776
6,10.0,0.009827704,2000,0.0005,0.2620741394208896,2.4271463406142064e-05,1,2,2,2,0.5735,0.0005,0.5881692780318829,0.0025233794102852,0.0583082065939278,0.0460192423226662,0.4249404895795702,0.0939666343523175,0.0594651976518644,0.7487627681776335,5,2777.456358913326,0.01,0.0257198712080124,0.0362308114543354,0.1107748885802902,1.6115507548829848,,8.248426405144524,44.65156422455181,2.914318915026899,inf,inf,1.0,1.0,1.0,12,0.001175407081194,0.0952999018016553,0.0072411149985166,0.0060657079173225,1.2763901455228,0.2224712554857612,0.2440358948678608,0.1695620909544472,0.1717971055303469,-0.6068450257450461,7.047987308817844,215702.9530720176,1.9527420879537447,2.12728901978123,26.86352099678225,-0.1486834049512336,2.267630936228562,1887.3653085456135,0.8187356460934907,1.8050596059537105,18.184917355690065,-0.0421356853189774,0.0065856438099087,4.4898220010127767e+23,-5.02286317940748,14.638225171339366,44.65156422455181,0.000610638444272,0.3355449815685576,4.185018086180063,-1.0919992583277327,1.7698959169026311,2.735223183211575,-0.1396288785539097,2.067389442510774e-05,0.0024079402536442,-10.786638792481511,2.022872276050842,10.43925721045007,0.0793077997325561,0.039534479150901,0.0402150412231697,0.0583082065939278,0.0413568908275365,0.0430720677757393,0.0939666343523175,0.0583082065939278,0.0939666343523175,5,0.0583082065939278,0.0939666343523175,5,0.0475649235845261,0.0883354372832268,4,0.0475649235845261,0.0883354372832268,4,0.0475649235845261,0.0883354372832268,4,0.0475649235845261,0.0883354372832268,4,0.0475649235845261,0.0883354372832268,4,0.2620741394208896,10.0,116,0.2609826428567459,0.0012746773747825,0.5459940320992581,0.0706121782332236,3,0.2661554232370017,0.0007023030740422,0.3761073191946123,0.0031234680339617,3,0.2590086895598516,0.0015751249127822,0.0038209675098087,0.41223195662846,35.457098273756124,0.0011754070811940678,0.015087369615136048,0.07790669355742888
10,10.0,0.009827704,2000,0.0005,0.2620741394208896,2.4271463406142064e-05,1,1,2,2,0.82,0.0,0.6258728841001481,0.0,0.0602616909413381,0.0427499523046903,0.8342334872846541,0.0157553684190503,0.3434138900231536,0.9801631462678104,4,3357.9034304314205,0.01,0.0451380916479569,0.0130301790502618,0.026936530830327,0.2614491590418097,,6.995360244395539,44.71017776133665,6.265801167051855,52446607503.99955,1348241838.1490886,1.0,1.0,1.0,12,0.0012110913989077,0.0138641706933773,0.0049941854255111,0.0062052768244188,1.2321123584451978,0.1452532137489308,0.2087300609895441,0.1153171809246809,0.1171015470284433,-0.5861405649212516,7.324832492063016,1680598.8108505895,1.9912702866639096,2.3462067729647456,38.013867974586304,-0.1512316721506378,1.291074858943202,51.89309568959663,0.2554750954221576,1.6007561510488393,6.108268674583459,0.3043581165149028,0.005756133170248,1.4232722736246352e+36,-5.15748935432332,11.583762243306682,44.71017776133665,0.0123936278167591,0.3162906883217279,13.22047456222418,-1.1510935884913995,2.0245620584228945,5.284660623843215,-0.0928765068417153,5.1672419969827905e-05,0.0018576900411441,-9.870586381657828,2.1721154354251224,4.032156519747938,-0.3478741733273554,0.0326610603879071,0.0353271055848256,0.0602616909413381,0.8033825230384395,0.2111037786119709,0.0157553684190503,0.0674863718122027,0.0575338189979068,5,0.0602616909413381,0.0157553684190503,4,0.0602616909413381,0.0157553684190503,4,0.0602616909413381,0.0157553684190503,4,0.0602616909413381,0.0157553684190503,4,0.0602616909413381,0.0157553684190503,4,0.0602616909413381,0.0157553684190503,4,0.2620741394208896,10.0,117,0.5998460750743644,0.0007615249016009,0.397884124690987,0.0445903179443625,3,0.6949770844392236,0.0021864385879663,0.1299168585197208,0.0053036457793436,3,0.9526826314820128,0.0015751249127822,0.0026080451863479,0.6039484749065593,84.77767875651121,0.001211091398907788,0.004455800402628653,0.27180108835066247
6,50.0,0.009827704,2000,0.0005,0.2620741394208896,2.4271463406142064e-05,1,1,2,2,0.893,0.0,0.5449202326559053,0.0,0.0361238096313004,0.0433857317730486,0.6728288845391835,0.0012472348310416,0.0608941545911555,0.964930532972764,4,1640.6294487001423,0.01,0.0360596557014962,0.0049585000565086,0.107143694128325,0.0345266693566262,,8.545202997323925,44.7012305250529,5.086960593757017,10665.81252305195,415.5511372617643,1.0,1.0,1.0,2,0.0006748266210399,0.0067670911675184,0.0039587906653144,0.0060922645464784,1.1784102573399315,0.1863604899395219,0.1641662905920213,0.15610080269235,0.1562352869129341,-0.1475220292119893,6.754254933519741,3560956.0963123064,1.9101726668121408,2.6841960792374477,23.71595413086733,-0.1019758413895767,1.4295368551596586,1140.3911630604566,0.3573505143014393,1.8178279844102256,23.743163036595497,0.2119714910091472,0.0152466801893059,1.4219488411399131e+28,-4.183393492131696,16.063712185358746,44.7012305250529,-0.0517023098177294,0.428493061616595,3.224645714513498,-0.8474807333353868,1.5472986651652825,2.3278620979033695,-0.3177454476599618,4.217085816085941e-05,0.0022713279476872,-10.073781140380628,1.9320089374316431,6.369799124321885,-0.2859345482540494,0.0335212801626746,0.0361238096313004,0.0605121055251709,0.1458973368645091,0.0355378920779158,0.0012472348310416,0.0607894767797074,0.0527714189059545,5,0.0361238096313004,0.0012472348310416,4,0.0361238096313004,0.0012472348310416,4,0.0361238096313004,0.0012472348310416,4,0.0361238096313004,0.0012472348310416,4,0.0361238096313004,0.0012472348310416,4,0.0361238096313004,0.0012472348310416,4,0.2620741394208896,10.0,118,0.2609826428567459,0.0012746773747825,0.5459940320992581,0.0706121782332236,3,0.4759029207735859,0.0021094258196208,0.244887905173793,0.011677602891256,3,3.139462210684291,0.0015751249127822,0.0038209675098087,0.41223195662846,35.457098273756124,0.0021334738811639485,0.0020091119529909787,1.0618989539073875
10,50.0,0.009827704,2000,0.001,0.2620741394208896,2.4271463406142064e-05,1,2,2,2,0.577,0.0,0.2868497192443692,0.0025233794102852,0.0784543111613816,0.058141936162307,0.7413228657789709,0.8645989623080148,0.367438187351565,0.9908529323680512,4,2024.6672564203184,0.01,0.0339216390730044,0.1173040202023835,0.0638466251178948,11.020413658715617,,7.090032019746762,44.70087172107755,2.998155867058672,282.61285380531734,7.136688227407003,1.0,1.0,1.0,12,0.0001697110900207,0.0400247933206607,0.006342428107163,0.0061727170171423,1.2633569517808116,0.1574638741304773,0.2337724255924815,0.1222433405924477,0.1237054978482792,-0.7577872277238717,7.23953715361365,54949.73160642084,1.9795572752951875,2.2863524504621915,15.563739053057546,-0.1500677474501048,1.6769995959649584,49.70581207482453,0.517006241913767,1.5500652974997156,5.898803462112728,0.1455886929442739,0.0012478159883668,5.821945245396419e+27,-6.686360465124858,14.1013778266236,44.70087172107755,0.1186008891702288,0.2609495836826322,10.682830448277556,-1.3434280562853185,2.0977493346641207,4.37218243330599,0.002049918859355,3.768114392612904e-05,0.0053413900536163,-10.186350749743236,2.219670411526019,8.714591391024898,-0.198163876538001,0.0470164975501962,0.0489549997753433,0.0784543111613816,0.1051326378902064,0.1325829618564737,0.8645989623080148,0.0875747431683237,0.9732101951105848,5,0.0784543111613816,0.8645989623080148,4,0.0784543111613816,0.8645989623080148,4,0.0784543111613816,0.8645989623080148,4,0.0784543111613816,0.8645989623080148,4,0.0784543111613816,0.8645989623080148,4,0.0784543111613816,0.8645989623080148,4,0.2620741394208896,10.0,119,0.5998460750743644,0.0007615249016009,0.397884124690987,0.0445903179443625,3,0.5943269659856786,0.0014552475642066,0.2783627364915175,0.0711042661163629,3,0.0672704275886666,0.0015751249127822,0.0026080451863479,0.6039484749065593,84.77767875651121,0.00016971109002073513,0.008169493778786546,0.020773758401214322
6,2.0,0.009827704,2000,0.001,0.2620741394208896,2.4248602000903847e-06,0,2,2,2,0.5155,0.035,0.0097274105430996,0.0045569611423245,0.0327742752574876,0.0428411650384284,0.2696983375439774,0.0312432728736445,0.0404691828668595,0.3126764583322635,5,733.5516999559657,0.01,0.009596670365545,0.0102690876061421,5.281537239096009,0.9532864610486432,,9.463730911951222,37.21317532900268,1.5639772920999726,inf,inf,1.0,1.0,1.0,12,0.1567106537011278,0.4513230741891674,0.1626245262114978,0.00591387251037,1.3883634762434789,0.3959715836635478,0.32812569829494,0.2552014623258927,0.2757071088866227,-0.7232398041908767,12.610544270979794,282950117.3653052,2.53453331089945,2.9622205524793843,34.74474509746508,-0.3558385529605107,4.43562839090647,65828.40171194224,1.489669294767771,2.092245203038967,31.203430905764623,-0.3646939018367975,0.0107318824757621,4304637204849.692,-4.534536297302225,7.0919117991837695,26.113619162216622,0.0427218922745417,0.1005839142159806,17.579298590526538,-2.2967629325511143,2.7690809994420236,5.195903103270136,0.3458313759626711,5.921238710538694e-07,0.0081272892966118,-14.339549982305336,2.807315152678308,37.21317532900268,0.5021927432252926,0.0273856003366955,0.0683636195211021,0.0327742752574876,0.0302464938083767,0.0599177819185572,0.0312432728736445,0.0327742752574876,0.0312432728736445,5,0.0327742752574876,0.0312432728736445,5,0.0216728269059056,0.0198890189933425,4,0.0216728269059056,0.0198890189933425,4,0.0216728269059056,0.0198890189933425,4,0.0216728269059056,0.0198890189933425,4,0.0216728269059056,0.0198890189933425,4,0.2620741394208896,10.0,120,0.0897228112649837,0.0004059035784067,0.0372530048334464,0.0007472478506133,2,0.0922159160346967,0.000683179620969,0.0993271864458635,0.0006542849083855,3,0.9059428064260372,0.0016506180776806,0.0004263160112806,3.871818167753786,3.1872552498959053,0.1567106537011278,0.9985070387276617,0.15694496645793793
10,2.0,0.009827704,2000,0.001,0.2620741394208896,2.4248602000903847e-06,0,1,2,2,0.8785,0.0015,0.19550999659377,0.0016506180776806,0.9411221022136886,0.9395865654410734,0.3936922857342373,0.9432652348365964,0.940274732328593,0.7175571252307432,4,47.04728808901361,0.01,0.019945329522448,0.0263380185266094,0.0331769735162265,1.0022772099580564,,8.760066351999605,44.70817579415775,2.1993146124382488,5.23763791186983e+71,1.5404817387852434e+71,1.0,1.0,1.0,12,0.0020064025319034,0.0707875615351068,0.0039132737273857,0.0059196762592892,1.257060575286808,0.2144003515508629,0.2287761188104034,0.161034969554433,0.1683018006071876,-0.5292159609373585,14.393108162619503,28901803.051396035,2.6667494921984165,3.4104204715172446,25.42032289598551,-0.347842286941045,2.6425535050034306,1180.2187345121806,0.9717456864299024,2.0012136919203796,20.95194311160825,-0.1224784036543993,0.0007458729635458,6.000750787517307e+33,-7.200955262414561,15.837166132142448,44.70817579415775,0.187495593103052,0.1396523243839946,18.88599634119419,-1.9685993423757635,2.369871852041369,6.954122552702908,0.2656141518671385,3.1594367700072218e-06,0.0013101889977273,-12.665116783591102,2.354670914235971,15.434613776910789,-0.1123808424748154,0.9388049880210528,0.938832606088479,0.9411221022136886,0.9387548059216329,0.93880415622755,0.9432652348365964,0.943073306632557,0.9443082672135727,5,0.9411221022136886,0.9432652348365964,4,0.9411221022136886,0.9432652348365964,4,0.9411221022136886,0.9432652348365964,4,0.9411221022136886,0.9432652348365964,4,0.9411221022136886,0.9432652348365964,4,0.9411221022136886,0.9432652348365964,4,0.2620741394208896,10.0,121,0.3213628842047308,0.0006221117184206,0.0277854585736375,0.0004018234209342,2,0.3281985943893547,0.0006694665517962,0.3142584508999282,0.0017455678638878,3,1.865221326320906,0.0016506180776806,0.0002777096665625,5.9436824728205195,7.3867113314139985,0.0020064025319034215,0.0041450755507919925,0.484044864156954
6,10.0,0.009827704,2000,0.0,0.2620741394208896,2.4248602000903847e-06,0,1,2,2,0.954,0.0055,0.0777101537225486,0.0016506180776806,0.0215907599940782,0.0266986667850609,0.5067215375393876,0.0187136903489464,0.1265920860955217,0.915102905586746,5,1429.3584392389323,0.01,0.0171871165125055,0.0024655323402165,0.0916415547424251,0.8667453278198193,,10.286561805031914,44.710177791346574,3.079670404727719,inf,inf,1.0,1.0,1.0,1,0.0002890581302469,0.0033180721139968,0.0030290139837499,0.0059088901443089,1.146142913336946,0.2692837595728985,0.1364023167450741,0.2213419868722311,0.2291739714234562,0.0323098478021249,17.247407164567537,9169505976.179604,2.847661822879361,4.074204074118493,37.80663817161909,-0.3355749398046223,2.7515550375848,16860600.676939193,1.0121662200742294,2.8511408975494525,43.60983325628167,-0.1001444692710454,0.0536275809240481,4.467671698934536e+32,-2.925691773772346,9.010166369042038,44.710177791346574,-0.1449323550907349,0.1497740668426018,19.91673459157883,-1.8986273414264707,2.413380047895515,6.566842365747241,0.2318323222868969,3.023305737805341e-06,0.0009728179926031,-12.709159710064522,2.670827409595155,8.76965064275038,-0.0825875059642276,0.0215907599940782,0.0217577967267177,0.0367474436343868,0.2076863072151979,0.1533762607224209,0.0187136903489464,0.0215907599940782,0.0187136903489464,5,0.0215907599940782,0.0187136903489464,5,0.0121491941689872,0.0016304041435982,4,0.0121491941689872,0.0016304041435982,4,0.0121346132913433,0.0015663153983861,3,0.0121346132913433,0.0015663153983861,3,0.0121346132913433,0.0015663153983861,3,0.2620741394208896,10.0,122,0.0897228112649837,0.0004059035784067,0.0372530048334464,0.0007472478506133,2,0.0687962799825444,0.0004287167390025,0.0719715690056355,0.0020358232121466,3,0.0803290413063751,0.0016506180776806,0.0004263160112806,3.871818167753786,3.1872552498959053,0.0002890581302469582,0.021023860457247776,0.013749051028699544
10,10.0,0.009827704,2000,0.0015,0.2620741394208896,2.4248602000903847e-06,0,1,2,2,0.867,0.0005,0.3310750944154932,0.0016506180776806,0.5837887490432679,0.5633263093472364,0.5063711221993004,0.8860106657843767,0.6920784406569647,0.9998698943047044,4,153.55426314410838,0.01,0.025994543466764,0.0920602964995451,0.0220050773591618,1.5176905468568895,,8.530256139141024,44.7101777449554,2.6411920944646994,8.50902939440818e+29,1.93387031691095e+29,1.0,1.0,1.0,12,0.0021347808921387,0.0271561528509136,0.0038074595786781,0.0059422404708169,1.241980799453288,0.1934971288002406,0.2167075240144048,0.1487136840698136,0.1540487177525246,-0.4919095496748432,13.540001569467718,66762891.39651317,2.605648383397543,3.501852239706499,21.727683265802753,-0.3213120572833043,2.1205327830064715,887.5455722280645,0.7516673698490662,1.9852979149124272,16.18552669830329,-0.012606239894229,0.0010170254463934,1.142010536054886e+40,-6.890873141192943,13.73055959468359,44.7101777449554,0.19367868566884,0.1329982047580399,22.433707970488783,-2.0174196489113334,2.2315721976262313,9.7987275399358,0.3039524373313377,6.908424950162848e-06,0.0009620983924156,-11.882768883914231,2.269236452433517,9.884621934942324,-0.4613744855221636,0.552723332608726,0.5534668463897151,0.5837887490432679,0.592478399536865,0.5977462566496523,0.8860106657843767,0.5896690255667346,0.9764722946073112,5,0.5837887490432679,0.8860106657843767,4,0.5837887490432679,0.8860106657843767,4,0.5837887490432679,0.8860106657843767,4,0.5837887490432679,0.8860106657843767,4,0.5837887490432679,0.8860106657843767,4,0.5837887490432679,0.8860106657843767,4,0.2620741394208896,10.0,123,0.3213628842047308,0.0006221117184206,0.0277854585736375,0.0004018234209342,2,0.4259225215125722,0.0008751332563231,0.2219923136117955,0.0513402289807317,3,2.7189366830825183,0.0016506180776806,0.0002777096665625,5.9436824728205195,7.3867113314139985,0.002134780892138764,0.002926164260525429,0.7295492330821639
6,50.0,0.009827704,2000,0.0005,0.2620741394208896,2.4248602000903847e-06,0,0,2,2,0.4965,0.0035,0.352311634713892,0.0,0.0271264187613114,0.0316905768383094,0.413793213083299,0.0183128144933734,0.0311500503213954,0.8570151670502374,5,1559.5731795780537,0.01,0.0186270734802969,0.0007593006038558,0.0269524421128985,0.6750914912325885,,10.661535864293414,44.34614459612899,3.4624752759315185,3331.900407619673,2221.266938413115,1.0,1.0,1.0,1,0.0012517826081602,0.0017433027868429,0.0029950853950031,0.0059069195072782,1.1113328322169964,0.3027978207074705,0.1055600447458706,0.2507263883704765,0.2638242181571885,0.1515348988760015,20.41556479169538,453090119061.95514,3.0162975899139783,4.483278410527675,21.72068449767509,-0.3425699707500234,2.754522474699585,101572337.2636442,1.0132440971638514,3.5083326349133888,41.521423976191734,-0.0816923304932741,0.031960656485074,4.9203930216884565e+26,-3.4432496174604172,8.70922008954592,44.34614459612899,-0.0905140506074439,0.2201175330325675,14.246149449849936,-1.5135936342285976,2.36342027647854,4.91157941219025,0.0738191999124921,2.939538884997734e-06,0.0024306772300791,-12.737257830752156,2.5934676382809214,16.986583711037454,-0.074216794183448,0.0271264187613114,0.0273446200679627,0.0406006916856541,0.0420853489031008,0.0330519875677121,0.0183128144933734,0.0271264187613114,0.0183128144933734,5,0.0271264187613114,0.0183128144933734,5,0.0171353062118545,0.0014867681963555,4,0.0171353062118545,0.0014867681963555,4,0.0171288509333975,0.0014345110106152,3,0.0171288509333975,0.0014345110106152,3,0.0171288509333975,0.0014345110106152,3,0.2620741394208896,10.0,124,0.0897228112649837,0.0004059035784067,0.0372530048334464,0.0007472478506133,2,0.101130672430934,0.0005040888283118,0.0650921257993932,0.0012798904845661,3,1.2025421653481312,0.0016506180776806,0.0004263160112806,3.871818167753786,3.1872552498959053,0.0012517826081602016,0.00664331271151793,0.188427470227302
10,50.0,0.009827704,2000,0.0005,0.2620741394208896,2.4248602000903847e-06,0,1,2,2,0.8875,0.002,0.8235788441985221,0.0016506180776806,0.970186999546396,0.9702296356789968,0.3849901864242749,0.969996492298166,0.9700553074893856,0.5689197079521866,4,35.31980546676048,0.01,0.0187566872644843,0.0230915532161214,0.0347990692670127,0.999803638630162,,8.797811888225317,44.67414037373084,2.0672654371144983,inf,inf,1.0,1.0,1.0,12,0.0020189553184002,0.0881520699224988,0.003898405136896,0.0059173604552962,1.25145085631651,0.2168543833476619,0.2243035632932889,0.16277951148221,0.1709360678447069,-0.4960680856262313,16.798982427111937,2066570935.3274028,2.8213183147600223,3.584346051377378,29.72143486687218,-0.3740870048776295,2.7835796569502276,835.2142786392242,1.02373774578188,1.9627183687516707,15.146602453304093,-0.1513704270769488,0.0008526038697067,1.960104742399822e+27,-7.067215514930399,14.609810370654955,44.67414037373084,0.1940928073391778,0.1224573448234213,15.354003538119532,-2.0999925151580663,2.3537183000637287,5.908926378348557,0.3232607210367844,2.9426282921824476e-06,0.0013916892962927,-12.736207399040262,2.340031573272361,18.519585137792458,-0.0827037070157929,0.9702516853505072,0.9702502221400868,0.970186999546396,0.9700861348451504,0.9700832953248404,0.969996492298166,0.9717517144991576,0.9710892166338736,5,0.970186999546396,0.969996492298166,4,0.970186999546396,0.969996492298166,4,0.970186999546396,0.969996492298166,4,0.970186999546396,0.969996492298166,4,0.970186999546396,0.969996492298166,4,0.970186999546396,0.969996492298166,4,0.2620741394208896,10.0,125,0.3213628842047308,0.0006221117184206,0.0277854585736375,0.0004018234209342,2,0.3033418032516304,0.0006153682578412,0.3107657308286901,0.001152628376931,3,1.805121499073596,0.0016506180776806,0.0002777096665625,5.9436824728205195,7.3867113314139985,0.0020189553184002665,0.004480800559349541,0.4505791524658598
6,2.0,0.009827704,2000,0.0,0.2620741394208896,9.420524637686558e-06,0,0,2,2,0.4545,0.0015,0.0,0.0,0.0320004813857605,0.0393617196079546,0.7350633634294371,0.0032400728364836,0.1109491589380058,0.9007096746748814,4,130.87136323935985,0.01,0.0849170723476828,4.643272751518363e-05,0.0001748397936228,0.1012507529941532,,11.462886676166333,44.71017781221497,49.05193922054835,9.859307912072531e+46,8.450835353205028e+46,1.0,1.0,1.0,1,0.001944538778699,0.0010334488907383,0.0029779876694373,0.0059124619148442,0.8913369114609412,0.2217999967450785,-0.1150327956423307,0.232997560078679,0.2420649647367267,1.3199384379829624,17.416102194401535,40263793920692.17,2.857395191760778,6.068180523127652,35.54978618444808,-0.2816883921257636,1.1117677328391355,4656969869.2080555,0.1059513006652141,5.197116760568128,42.041892172722235,0.0112440767312169,0.0705404924836401,3.340184161195951e+41,-2.651568372576258,9.307848794015747,44.71017781221497,-0.2070440231846898,0.24617003608341,9.613045003962387,-1.4017327782298588,2.0534269595387125,4.870771707834666,0.030488027624772,9.550442928480231e-06,0.0035537272340784,-11.558923024601578,2.4589819032210456,8.757315162978857,-0.0055700907295861,0.0320004813857605,0.0368614530020497,0.0492232244360538,0.0268345137200303,0.3027728902575037,0.0032400728364836,0.083880666045295,0.0874926670917121,5,0.0320004813857605,0.0032400728364836,4,0.0273892578865582,0.0025809750035358,3,0.0157892037736961,0.0025211898692128,1,0.0157892037736961,0.0025211898692128,1,0.0157892037736961,0.0025211898692128,1,0.0157892037736961,0.0025211898692128,1,0.2620741394208896,10.0,126,0.2070060145039501,0.0013672424087911,0.0237568706234666,0.0013932550058805,2,0.5790610372823697,0.0067279107452624,0.015836858866778,0.0003018981371982,3,119.1239161607565,0.00135950192075,0.0006473690004742,2.1000417377943315,6.4693305959669605,0.0019445387786990122,6.346391746500163e-05,30.640068504617044
10,2.0,0.009827704,2000,0.0005,0.2620741394208896,9.420524637686558e-06,0,1,2,2,0.8895,0.0005,0.3205625911043354,0.00135950192075,0.0560366294975836,0.0658246562952027,0.8403030718761242,0.0056115403913379,0.0835616359795678,0.985900143975866,4,1437.379902931924,0.01,0.0281213397912454,0.0057750468084229,0.1484995697944741,0.1001405766487071,,8.263357790628,44.71017781221697,4.85383255320724,1242.1869813497035,221.81910381244705,1.0,1.0,1.0,2,0.0011351438470607,0.0071112412332604,0.0035674896920321,0.0059760973861997,1.2103845249152412,0.1775548955747378,0.1909380983105112,0.1407090759017719,0.1452206035758758,0.0111687291042133,13.09791570602639,53162274.80235172,2.572453111138139,3.3746539133633044,23.263493847701916,-0.4220859295898764,1.530035608458532,245.39039010055896,0.4252910086358289,2.0642913423029277,8.351797658367284,-0.1263886172397688,0.0039688607328602,2.306398197000046e+37,-5.529276194519382,11.783788491490007,44.71017781221697,0.0806678905618361,0.1485972540613871,16.425647725380188,-1.906515625594736,2.1389750225887085,8.807572958340657,0.265261529115969,1.4539856428512232e-05,0.0025285888720268,-11.138616960150276,2.151883532413496,11.095183671220305,-0.2016850866774776,0.0540692651613003,0.0560366294975836,0.0873680742267241,0.1739279561701498,0.0711454113772157,0.0056115403913379,0.0655598629663687,0.0449847657094802,5,0.0560366294975836,0.0056115403913379,4,0.0560366294975836,0.0056115403913379,4,0.0560366294975836,0.0056115403913379,4,0.0560366294975836,0.0056115403913379,4,0.0560366294975836,0.0056115403913379,4,0.0560366294975836,0.0056115403913379,4,0.2620741394208896,10.0,127,0.4562600517159625,0.0016600526821229,0.0185863868796213,0.0009093846576528,2,0.5890766768491802,0.0015581729567557,0.1039042034261941,0.0027919062441783,3,5.609482247940326,0.00135950192075,0.0004794212185066,2.83571495851746,13.02056191382825,0.0024086076941675695,0.001585250603472142,1.5193860761775113
6,10.0,0.009827704,2000,0.0,0.2620741394208896,9.420524637686558e-06,0,1,2,2,0.928,0.001,0.6798725008432687,0.00135950192075,0.0391751076107411,0.0306938662212359,0.4964301046128187,0.038781656625858,0.1769329140658955,0.9587942658412038,5,1801.301718496064,0.01,0.0303074138504564,0.0112683268899743,0.0053910757897711,0.989956607425496,,9.712345237527868,44.71016779618725,2.9023046400039063,1184480.292247677,296120.07306191925,1.0,1.0,1.0,12,0.0027166889904111,0.0090207725852635,0.0032152389523274,0.0059319279427385,1.1582152674067576,0.2574741445782033,0.1468802577350669,0.2099620484127736,0.2173747293975818,0.2173220468729216,10.22964887646482,92008242.24229512,2.325290256448275,3.1620196075351115,25.42880336479421,-0.3723035355539389,2.971733590383628,4285681.726783667,1.0891454829936205,2.9785894407822644,31.52801630076607,-0.3104682337316742,0.0178470528672985,2.878142332775622e+39,-4.025916889861369,11.684437269714747,44.71016779618725,-0.0473095906514433,0.2232978469768592,8.49953533620695,-1.4992487620237112,2.133868282459288,3.989070674975835,0.0750378657286102,8.243276815783886e-06,0.0129370304100855,-11.706112621274942,2.3935573885168924,22.3455597552404,0.0557717333248182,0.0263799359145727,0.0265265551383939,0.0391751076107411,0.2120340251220257,0.2799830604498028,0.038781656625858,0.0391751076107411,0.038781656625858,5,0.0391751076107411,0.038781656625858,5,0.0299321187148112,0.0078216255857235,4,0.0299321187148112,0.0078216255857235,4,0.0299321187148112,0.0078216255857235,4,0.0299321187148112,0.0078216255857235,4,0.0299321187148112,0.0078216255857235,4,0.2620741394208896,10.0,128,0.2070060145039501,0.0013672424087911,0.0237568706234666,0.0013932550058805,2,0.3333049577919076,0.0008316295669082,0.0886541726932313,0.000506218949069,2,11.626887959922016,0.00135950192075,0.0006473690004742,2.1000417377943315,6.4693305959669605,0.0027166889904111165,0.0011233570053765197,2.418366536558477
10,10.0,0.009827704,2000,0.0005,0.2620741394208896,9.420524637686558e-06,0,1,2,2,0.8995,0.0,1.0334174932943418,0.00135950192075,0.0680218979260722,0.0763632916114993,0.8047799499478984,0.0524153285459048,0.2700238348521943,0.9849973926114574,5,1239.0650137370017,0.01,0.025673359097115,0.0072381579968372,0.1890430881431498,0.7705655111662872,,8.215337160705865,44.71017781221605,3.863233549710442,1.4520517352464217e+78,2.6889846949007807e+77,1.0,1.0,1.0,2,0.0021463962569812,0.0081086754259049,0.0035247585474203,0.0059622791689236,1.2110693575713476,0.1811990231709957,0.1915037359047837,0.1426197187177651,0.1480712542719016,0.00705304964855,13.224742551290314,1627221356.7577212,2.582089510733734,3.3322373434783747,42.24589776271402,-0.4303505980653643,1.6718558252093518,293.9936994353502,0.5139342820028057,1.9854481605795864,9.61895589547802,-0.1760540560266411,0.0044831299555859,1.4580027104083712e+38,-5.407433825697672,12.142195849578064,44.71017781221605,0.0682521515778736,0.1465202652777156,9.51513361581329,-1.920591530550943,2.0887915444710496,5.880711159398684,0.2783732497041478,1.1916236507540771e-05,0.0044361961324154,-11.337608675413197,2.123771435482164,18.749903159665784,-0.1106574359017024,0.0668049376555887,0.0680218979260722,0.0942630392528371,0.4960524065140417,0.2616037694966363,0.0524153285459048,0.0680218979260722,0.0524153285459048,5,0.0680218979260722,0.0524153285459048,5,0.0573711546183203,0.0091303287093531,4,0.0573711546183203,0.0091303287093531,4,0.0573711546183203,0.0091303287093531,4,0.0573711546183203,0.0091303287093531,4,0.0573711546183203,0.0091303287093531,4,0.2620741394208896,10.0,129,0.4562600517159625,0.0016600526821229,0.0185863868796213,0.0009093846576528,2,0.5561521104807664,0.0013815619376414,0.1180010135902741,0.0032504310050648,3,5.788644186198448,0.00135950192075,0.0004794212185066,2.83571495851746,13.02056191382825,0.0024375206215033547,0.001513828692517058,1.6101693894112055
6,50.0,0.009827704,2000,0.0,0.2620741394208896,9.420524637686558e-06,0,0,2,2,0.434,0.0015,0.0252692737837138,0.0,0.0442638422553897,0.0495324592934613,0.5460916590910444,0.0324327142371022,0.0396995117133217,0.9267240415172304,5,1733.6478877144557,0.01,0.0304796618350319,0.0009074003546774,0.0225949781467635,0.732713487680866,,9.840861295568065,44.71014049046235,5.046604899449595,inf,inf,1.0,1.0,1.0,1,0.0009846676067162,0.0021697669245528,0.003154434531269,0.0059513144810573,1.1005810802475078,0.2321381389810957,0.0958382950973528,0.2017754821488018,0.2066270315429874,0.4791035250413527,10.34331046667632,80243708169.3423,2.3363399790268917,3.711235322792659,33.38520353401396,-0.3201847090258481,1.8688111774627063,314554.10993669793,0.6253024947248016,3.1556546335162383,20.05854245235251,-0.1460598411268741,0.0326167527503082,5.457512248212126e+38,-3.4229292345584525,12.853984723935488,44.71014049046235,-0.0899155883835318,0.2836431820438832,4.319920868775433,-1.2600382320086372,1.8943213516530255,2.8200335502686404,-0.0417508931546056,1.6311076662625416e-05,0.0015236659820962,-11.02366613108669,2.270021250080721,6.0755468591555575,-0.2418275361073022,0.0442638422553897,0.0452112915641465,0.0591222440608477,0.0505527169193651,0.0361131039834977,0.0324327142371022,0.0442638422553897,0.0324327142371022,5,0.0442638422553897,0.0324327142371022,5,0.0295790933302342,0.0032768564147965,4,0.0295790933302342,0.0032768564147965,4,0.0295790933302342,0.0032768564147965,4,0.0295790933302342,0.0032768564147965,4,0.0295790933302342,0.0032768564147965,4,0.2620741394208896,10.0,130,0.2070060145039501,0.0013672424087911,0.0237568706234666,0.0013932550058805,2,0.2680425182086257,0.0012160045045977,0.3435661784766786,0.0199775551916099,3,0.9515926499819312,0.00135950192075,0.0006473690004742,2.1000417377943315,6.4693305959669605,0.0009846676067162318,0.0047899757469056035,0.20556839089474344
10,50.0,0.009827704,2000,0.001,0.2620741394208896,9.420524637686558e-06,0,0,2,2,0.4215,0.0,3.2441279382089943,0.0,0.0340204826221777,0.0415577862668336,0.9156204044957182,0.0357192137443018,0.0954096739147709,0.9879343659663558,5,3054.141487233606,0.01,0.0426034215589204,0.0016992621369693,0.0259728481826129,1.0499325991635602,,7.951885657018692,38.26324994733274,306.30291669913214,158114034.06120962,20014434.691292357,1.0,1.0,1.0,1,0.0003867292443937,0.0030744027105833,0.003461131954977,0.0060156759106557,1.1865957621641996,0.1547951695342572,0.171088503425443,0.126476878869329,0.1294001559844689,0.1693680032889711,12.001537135664613,8645825.375446279,2.4850347362233003,3.377556397046033,19.089652518490936,-0.3958410762054268,1.0065025604701412,762.3680711394607,0.0064815100290399,1.9853054265096,21.328473966648748,0.0795376712140025,0.0086184662289477,4.292733302422313e+22,-4.753848141814848,9.446934145541702,38.26324994733274,0.0185399098831934,0.2128419565394807,8.690879449307948,-1.5472053767596627,2.0182214928687667,5.024149660478939,0.1030994552049406,2.533986224965441e-05,0.0029513313470844,-10.58313181916915,2.112247334665973,9.508403742336014,-0.4684526956177955,0.0340204826221777,0.0365347316302219,0.0541181445481013,0.1855811139112976,0.0649286940887133,0.0357192137443018,0.0340204826221777,0.0357192137443018,5,0.0340204826221777,0.0357192137443018,5,0.0249425443592679,0.0050494894300768,4,0.0249425443592679,0.0050494894300768,4,0.0249263909329311,0.0050386108132852,3,0.0249263909329311,0.0050386108132852,3,0.0249263909329311,0.0050386108132852,3,0.2620741394208896,10.0,131,0.4562600517159625,0.0016600526821229,0.0185863868796213,0.0009093846576528,2,0.5565031193419084,0.0015939864119423,0.0870979945983369,0.0104249638735135,3,0.3287592370127119,0.00135950192075,0.0004794212185066,2.83571495851746,13.02056191382825,0.0003867292443937185,0.0069291740881774165,0.05581173736904048
6,2.0,0.009827704,2000,0.001,0.2620741394208896,7.513764020612118e-06,1,2,2,2,0.536,0.011,0.3620173067502095,0.002434691295015,0.0458412967323716,0.0442697260606736,0.3676136678530675,0.044291773260134,0.0379967635231016,0.4007006177546566,5,1470.5278148044088,0.01,0.0167465715190159,0.0179472843921428,0.6694753394393625,0.9661980881281804,,8.48170526611056,44.33888257745564,2.676571567062582,2.509058413160251e+136,4.068743372692299e+135,1.0,1.0,1.0,12,0.0141156170941635,0.3521218040942884,0.0200844522807246,0.0059688351865611,1.341547032146755,0.2696330812022944,0.2938234496403927,0.1914842942182031,0.1972821132859112,-0.3326870511594976,7.707542673658787,6285416.120490139,2.042199417403618,2.0846434396913747,43.89244386447245,-0.4839658566559501,3.161448132840769,10661.284570271308,1.1510301925115654,1.7959827039509504,27.903117975631687,-0.1551714446831794,0.0133372117440159,8.03067664385773e+23,-4.31719727503273,11.555287475752662,44.33888257745564,-0.004920140509089,0.1785525314016127,13.508381596461408,-1.7228724274918428,2.278433694243849,5.7251023570293835,0.1684247332276248,5.001183549644779e-06,0.0008871398669911,-12.205835963612593,2.4274272228455693,8.872336624622434,0.1676927502422055,0.0432720415676656,0.0436958398819834,0.0458412967323716,0.0339160337708906,0.0357824835382803,0.044291773260134,0.0458412967323716,0.044291773260134,5,0.0458412967323716,0.044291773260134,5,0.0302447120127201,0.0288420390625943,4,0.0302447120127201,0.0288420390625943,4,0.0302447120127201,0.0288420390625943,4,0.0302447120127201,0.0288420390625943,4,0.0302447120127201,0.0288420390625943,4,0.2620741394208896,10.0,132,0.2589507774041437,0.000996141626661,0.0410942758474961,0.0007269102512729,2,0.1180215870572956,0.000197873789692,0.1408453706035601,0.000232055450331,2,0.5931972590815876,0.002434691295015,0.0005290096389662,4.602357151322493,17.51149846412066,0.01411561709416351,0.09856579515773418,0.14321009708869475
10,2.0,0.009827704,2000,0.001,0.2620741394208896,7.513764020612118e-06,1,2,2,2,0.5245,0.001,0.1962444776327882,0.002434691295015,0.9614776287112586,0.960479382960682,0.4276423226167386,0.9618272632781296,0.9611418154233918,0.4739964246353279,4,50.60140214984881,0.01,0.0183152463853993,0.0201516857134343,0.4110072622155824,1.000363642955832,,7.774878126836584,44.71017781221814,2.50656889403083,5935479.237263615,283994.2218786419,1.0,1.0,1.0,12,0.0083783163772947,0.2765892161040397,0.0144011010342409,0.0060227846569461,1.2995685121267997,0.1879789894315047,0.2620322956233155,0.1383762566023278,0.1432400850718747,-0.2306262067881201,7.9304910042237475,472060.4504670037,2.0707149510343412,2.442988086487268,25.204581361912883,-0.424648727302982,3.049024765320372,429.96485414413553,1.1148217904133972,1.6857023809972471,13.46411558302624,-0.1438432023548881,0.0002603178665107,2.485239504429751e+63,-8.25360711016804,20.6882348458989,44.71017781221814,0.1875247562699022,0.1410832179174615,11.694219170376927,-1.958405364706127,2.2431126694222647,5.512228685243074,0.276079544637246,1.2755048132698272e-05,0.0007297969161885,-11.269583432743886,2.342816723917918,4.79223904136468,-0.2258779265379167,0.959882972472228,0.9600775476985592,0.9614776287112586,0.9607157904804204,0.9608823925116254,0.9618272632781296,0.9614776287112586,0.9618272632781296,4,0.9614776287112586,0.9618272632781296,4,0.9614776287112586,0.9618272632781296,4,0.9614776287112586,0.9618272632781296,4,0.9614776287112586,0.9618272632781296,4,0.9614776287112586,0.9618272632781296,4,0.9614776287112586,0.9618272632781296,4,0.2620741394208896,10.0,133,0.5397985214312985,0.0013006301025389,0.0270170519973753,0.0003088969889463,2,0.4137020075986552,0.0010547972170606,0.4575827154629165,0.0011103634715563,3,0.6617052809333869,0.002434691295015,0.0004162973531131,5.848442890178518,61.64088441836767,0.008378316377294748,0.04195250604028774,0.19970955654589267
6,10.0,0.009827704,2000,0.0,0.2620741394208896,7.513764020612118e-06,1,1,2,2,0.945,0.0,0.8636497254765952,0.0,0.0387547643146989,0.0437523262553325,0.5891940494555037,0.0294179519033045,0.0815441892342792,0.9483202099708502,5,2118.156682702014,0.01,0.0247298525713372,0.0036700280758281,0.1130310278893854,0.759079623460563,,9.51388427188499,44.71002146858387,3.6561990773780457,1211343448653999.0,158001319389652.03,1.0,1.0,1.0,2,0.0008756144516637,0.0050942724094756,0.0033301902392019,0.0059698868611393,1.1374690380926633,0.2236361556942352,0.1288056522133205,0.1872410704548351,0.1931393740171798,0.5410856282446788,9.607516782584725,25960734881.36551,2.262545790276541,3.3657870104190666,38.27922244599157,-0.3652169959596805,2.2224287161812155,39340992.45628181,0.7986006141823109,2.919842828766906,44.24167640578881,0.0252562729762841,0.0243305196465676,4.375525005862061e+30,-3.716023764150602,13.477775314720676,44.71002146858387,-0.0488231279658623,0.2734330892696809,5.131048766047499,-1.2966983332311852,1.87794799759182,3.3627623071573343,-0.0225935474172953,1.8764194906508673e-05,0.0020059479600166,-10.883560030294031,2.210177326066219,7.133857449472452,-0.414090749874685,0.0381754769201001,0.0387547643146989,0.0543267375311985,0.1367494731267312,0.0784651426728018,0.0294179519033045,0.0387547643146989,0.0294179519033045,5,0.0387547643146989,0.0294179519033045,5,0.0250173398388735,0.0002252747103353,4,0.0250173398388735,0.0002252747103353,4,0.0250173398388735,0.0002252747103353,4,0.0250173398388735,0.0002252747103353,4,0.0250173398388735,0.0002252747103353,4,0.2620741394208896,10.0,134,0.2589507774041437,0.000996141626661,0.0410942758474961,0.0007269102512729,2,0.2211448147038661,0.0006443474025444,0.3603466287889779,0.0385047614629956,3,0.4239451759996052,0.002434691295015,0.0005290096389662,4.602357151322493,17.51149846412066,0.0017640821702736053,0.022769624253431552,0.07747524292183895
10,10.0,0.009827704,2000,0.0005,0.2620741394208896,7.513764020612118e-06,1,2,2,2,0.563,0.0005,0.4254201380184831,0.002434691295015,0.1205407633794232,0.1003056768279565,0.6278177963697198,0.2216567688906521,0.1422027304241443,0.94497248651834,4,729.115099672179,0.01,0.027547507865723,0.0466494873948786,0.0869766327252367,1.8388532034839409,,7.544355321354206,39.35565186193634,2.367886958943149,497044608258995.75,20454510627942.21,1.0,1.0,1.0,12,0.0005123501500158,0.0718844404168524,0.0065992702942234,0.0060869201442076,1.2620158588637946,0.1700757874621209,0.2327103304931503,0.130286302094208,0.1336093883027352,-0.0198887066247036,7.7413762582375165,1495916.9215257417,2.0465794829369064,2.4071623520225978,25.2090219321668,-0.4209422404742805,2.11326710564751,124.79394529533772,0.7482351412682957,1.6392468779545302,8.141810869430548,0.0757114880707067,0.0010972446515018,7.856650238702166e+33,-6.8149531038649895,16.137038580451044,34.442268093800706,0.1512608511567687,0.1842526403609765,13.206336661270996,-1.691447417697993,2.1161771935911355,7.0606006304572615,0.1664886940484027,2.5632841087196355e-05,0.092300042312217,-10.571636173665524,2.22282263994312,39.35565186193634,-0.5520628685726805,0.0895399949563632,0.0908362721480831,0.1205407633794232,0.1004382619429529,0.1045131604388278,0.2216567688906521,0.136812405812562,0.2261394729296489,5,0.1205407633794232,0.2216567688906521,4,0.1205407633794232,0.2216567688906521,4,0.1205407633794232,0.2216567688906521,4,0.1205407633794232,0.2216567688906521,4,0.1205407633794232,0.2216567688906521,4,0.1205407633794232,0.2216567688906521,4,0.2620741394208896,10.0,135,0.5397985214312985,0.0013006301025389,0.0270170519973753,0.0003088969889463,2,0.5161502460338164,0.0012089320959969,0.4145993401637795,0.0063511880112869,3,0.1644765198340053,0.002434691295015,0.0004162973531131,5.848442890178518,61.64088441836767,0.0005123501500158183,0.009979711850470686,0.051339172682791805
6,50.0,0.009827704,2000,0.0025,0.2620741394208896,7.513764020612118e-06,1,2,2,2,0.5865,0.003,15.254664576859366,0.002434691295015,0.0482323781252811,0.0381148688404044,0.3623428466152039,0.0638935685347704,0.0432478696911331,0.5812041402766451,5,2100.4315566524056,0.01,0.022646113037867,0.0288636106659496,0.0959112527899716,1.324702845230027,,8.618246389449908,44.7093497463697,2.9698771298255817,inf,inf,1.0,1.0,1.0,12,0.0001801909274957,0.1094027543554015,0.0061705764923993,0.0059903855649036,1.2707307177516316,0.2400739610763566,0.2395921033179903,0.181889184001967,0.1857951565805684,-0.0520811554375152,7.686172547190951,20477989.448239535,2.0394229414341143,2.3572162502152256,33.049691696061686,-0.4268254013822767,2.608087664609398,1854.021868000949,0.9586172572300752,1.9530807978573703,15.121947760004936,-0.0441724149923683,0.0111284658243015,1.206295521859954e+36,-4.498248964678032,13.359246724458888,44.7093497463697,0.0092967855301521,0.2174483030779182,6.601309279656855,-1.5257941437035067,1.9890442051648656,4.043064935483096,0.0938472372091115,1.1797631754400094e-05,0.0020650584084731,-11.347611745415003,2.242516587278295,10.118989759506851,-0.2011857008082981,0.0328734342303145,0.0332387941656176,0.0482323781252811,0.0325751572071746,0.0332748833314544,0.0638935685347704,0.0482323781252811,0.0638935685347704,5,0.0482323781252811,0.0638935685347704,5,0.0363703049617109,0.0551302884773853,4,0.0363703049617109,0.0551302884773853,4,0.0363703049617109,0.0551302884773853,4,0.0363703049617109,0.0551302884773853,4,0.0363703049617109,0.0551302884773853,4,0.2620741394208896,10.0,136,0.2589507774041437,0.000996141626661,0.0410942758474961,0.0007269102512729,2,0.2118041118760912,0.0005148534004358,0.3051019008361925,0.0016464513652653,3,0.0475930110492767,0.002434691295015,0.0005290096389662,4.602357151322493,17.51149846412066,0.00018019092749576096,0.013696882306329554,0.013155616253816518
10,50.0,0.009827704,2000,0.0015,0.2620741394208896,7.513764020612118e-06,1,2,2,2,0.5185,0.0,0.3732397239892563,0.002434691295015,0.9275521336691914,0.9262593505866316,0.4161328470468184,0.927937190877359,0.9266922353090838,0.4647905996263721,4,63.3292949804002,0.01,0.0188873273729472,0.020983914468741,0.3055164597990433,1.0004151326854744,,7.785879520009692,36.008596111773834,2.476620605100313,183.16894626262427,9.441698260960017,1.0,1.0,1.0,12,0.0056169171693506,0.2467661216839363,0.0116291976520038,0.0060122804826531,1.2923470650637214,0.1870892737258421,0.2564599954971603,0.1391881796058723,0.1433470734928574,-0.1892466092894279,8.12795968373046,400081.5016840559,2.095309930652867,2.4230385609127683,21.707479338715103,-0.4382954437842828,2.9692044465272818,84.27490800898383,1.088294053810747,1.6395161896024304,4.863505220171822,-0.1317151324682067,0.0002110787266816,9.216810549103271e+40,-8.463279381841978,20.960332103790485,36.008596111773834,0.1950936869013697,0.1397693526208208,15.813497789090178,-1.9677616962423397,2.253762508546146,6.882553886092136,0.2789263968570792,1.2380288466197394e-05,0.002004863322272,-11.299404989994038,2.3451733859360684,9.610796922765354,-0.2129348003015396,0.9255326263093822,0.9256932917813212,0.9275521336691914,0.9259801979917818,0.9261593170581108,0.927937190877359,0.9401412048848056,0.9399091931075478,5,0.9275521336691914,0.927937190877359,4,0.9275521336691914,0.927937190877359,4,0.9275521336691914,0.927937190877359,4,0.9275521336691914,0.927937190877359,4,0.9275521336691914,0.927937190877359,4,0.9275521336691914,0.927937190877359,4,0.2620741394208896,10.0,137,0.5397985214312985,0.0013006301025389,0.0270170519973753,0.0003088969889463,2,0.4121036835115242,0.0010372891449259,0.4547017170624288,0.0011426739080111,3,0.5910683035160493,0.002434691295015,0.0004162973531131,5.848442890178518,61.64088441836767,0.005616917169350674,0.030929288499615525,0.181605120642219
6,2.0,0.009827704,2000,0.0,0.2620741394208896,3.104665611843591e-05,2,1,2,2,0.8015,0.0005,0.1120331335339903,0.0063088840515035,0.0503317401286818,0.0342919657955638,0.5984774295033838,0.03393253013984,0.5181608961030917,0.978232754327767,4,1976.6392631894005,0.01,0.0414878074676664,0.0187666218251652,0.0315537030881634,0.674177567735303,,7.654594907144219,44.71017781102618,3.615886008187644,204124741.80927575,4267416.205071966,0.8333333333333334,1.0,1.0,12,0.0010759338719908,0.0173960655515529,0.005111639547723,0.0061875734197139,1.2264520760344442,0.169026656977486,0.2041255101938916,0.1365589639373461,0.1365419260299779,0.5427100528556569,5.913214740167198,44812.39878170406,1.7771896327980998,2.023865970513486,22.065002441095416,0.0193245581468873,1.5394131595402394,426.1105517857525,0.4314012785681206,1.3856827953222433,22.375697004173745,0.1798316494378246,0.0113422098767373,8.158688088936117e+34,-4.47922412517627,16.196363841761414,44.71017781102618,0.0239770141504134,0.4377614419871293,2.8716818946534115,-0.826081169980435,1.4270467335635282,2.3634789313137543,-0.3595163762439714,4.9443100248354107e-05,0.0007574299979883,-9.914688039492145,1.7255179917491088,3.3325307757752216,-0.2696763589630409,0.025280998993201,0.0272631582648085,0.0503317401286818,0.7653472317024314,0.7552029264670035,0.03393253013984,0.0697926497459086,0.0862797639396684,5,0.0503317401286818,0.03393253013984,4,0.0503317401286818,0.03393253013984,4,0.0503317401286818,0.03393253013984,4,0.0503317401286818,0.03393253013984,4,0.0503317401286818,0.03393253013984,4,0.0503317401286818,0.03393253013984,4,0.2620741394208896,10.0,138,0.2628843906004423,0.0006661752118062,0.3650462625528841,0.0018654651061094,3,0.4117455714131622,0.0015322994106525,0.3031133187839643,0.0231137070630298,3,0.6484632284667388,0.0063088840515035,0.0097612091868605,0.6463219802722713,185.25273299735636,0.0010759338719908973,0.004086470672009974,0.2632917151126128
10,2.0,0.009827704,2000,0.001,0.2620741394208896,3.104665611843591e-05,2,2,2,2,0.4305,0.0,0.1548891566055942,0.0,0.0383242104908602,0.0270844800657421,0.6910859797559877,0.044841887271379,0.027112782512531,0.7740013544544242,4,3212.097223650343,0.01,0.0258788265580426,0.0310142074237608,0.3822428692397052,1.1700668245226655,,6.3841675466215655,44.70932302499611,2.298587094818315,1381.5054938716887,6.404754259952196,0.9,1.0,1.0,12,0.0121366647479446,0.1993924319547728,0.0185590604444282,0.0064223956964836,1.309426309572396,0.1579793071564544,0.2695891096688761,0.1178831982754741,0.1198046877279783,0.0733634918960773,5.245954159403177,4813.718836375429,1.6574571432065754,1.5630517828518975,20.188066989631565,0.1016235079111704,2.2997968562291096,26.950714743303138,0.8328207956557167,1.1904673621986388,4.451756014897784,-0.1278740595844917,0.000456258533509,4.115956613066916e+26,-7.692450949660973,16.911027005459633,44.70932302499611,0.2129715284790873,0.399783887272875,10.091678560308916,-0.9168311596967804,2.1074162718063287,3.1250987874999647,-0.2003859827385918,5.13763804440496e-05,0.0145172332104198,-9.876332015551696,2.210070732776302,14.157340758505324,-0.2279055714419736,0.0205758248245505,0.0223534048818157,0.0383242104908602,0.0165698676587285,0.0199265926074856,0.044841887271379,0.0482599123262096,0.0534736234041472,5,0.0383242104908602,0.044841887271379,4,0.0383242104908602,0.044841887271379,4,0.0383242104908602,0.044841887271379,4,0.0383242104908602,0.044841887271379,4,0.0383242104908602,0.044841887271379,4,0.0383242104908602,0.044841887271379,4,0.2620741394208896,10.0,139,0.5303639749406324,0.0011749792145859,0.5068305583296355,0.0025201454896961,3,0.5481060614887348,0.0014197954078361,0.5812097025500879,0.0020749790327723,3,0.9121899773123192,0.0063088840515035,0.0080322012342042,0.7854489532256624,1098.5677679477074,0.01213666474794467,0.03853699679046795,0.31493540645976464
6,10.0,0.009827704,2000,0.0015,0.2620741394208896,3.104665611843591e-05,2,2,2,2,0.438,0.0005,0.2461459007829135,0.0,0.056988608477843,0.0466132180981617,0.4715292861542434,0.0648690359956489,0.04732929891321,0.5586281606456018,5,2814.3542058023854,0.01,0.0258163930171795,0.0307482799036204,0.3434291266567709,1.1382807499303966,,7.389756847680383,35.4582450814178,3.422510096741395,3082876046098.656,48676990201.55773,1.0,1.0,1.0,12,0.0103203151948057,0.1926101248489594,0.0165802639743116,0.0062599487795059,1.339704643432667,0.1884221476780009,0.2924491743190309,0.13784429969906,0.1393094363117472,-0.1030999585751115,5.43095019191682,4314.330021939843,1.6921141079402835,1.6759661837170774,18.79109544785301,0.0740980585963151,2.139602300605107,20.1574780506342,0.7606199709244766,1.0857095824101866,4.032812044648618,-0.0737113045445204,0.006951106327325,2.2143501832947632e+41,-4.968854448286049,17.005954518497393,35.4582450814178,0.0516272560398752,0.4572909616909072,3.565210011149707,-0.7824354130205392,1.6495298322008938,2.168919491889223,-0.3374855164630044,2.823040698358495e-05,0.0008624978996218,-10.475110899097697,1.9067802191664125,4.547373981876181,0.0498701682079578,0.0407629161219635,0.0420881296946786,0.056988608477843,0.0372509611685676,0.0398678995754135,0.0648690359956489,0.056988608477843,0.0648690359956489,5,0.056988608477843,0.0648690359956489,5,0.0439649781214202,0.0538417504564963,4,0.0439649781214202,0.0538417504564963,4,0.0439649781214202,0.0538417504564963,4,0.0439649781214202,0.0538417504564963,4,0.0439649781214202,0.0538417504564963,4,0.2620741394208896,10.0,140,0.2628843906004423,0.0006661752118062,0.3650462625528841,0.0018654651061094,3,0.2597708547974691,0.0006608646268349,0.338060732461669,0.0012162577351078,3,0.7333525918580773,0.0063088840515035,0.0097612091868605,0.6463219802722713,185.25273299735636,0.010320315194805724,0.03745618386575884,0.2755303431816022
10,10.0,0.009827704,2000,0.001,0.2620741394208896,3.104665611843591e-05,2,2,2,2,0.361,0.0005,0.1133543711151869,0.0,0.0215692697546575,0.0192986782384024,0.6326367917034464,0.0201103337916728,0.0109684042016663,0.659555516860235,4,2625.8670768131888,0.01,0.0198743239119136,0.0219120329462834,1.130155160998737,0.9323604378089988,,6.655075995528866,44.31417537055469,2.5374286340429246,113.0143899091766,0.4664234003680421,1.0,1.0,1.0,12,0.0350692930464168,0.3437770801948149,0.0414271709521922,0.0063578779057754,1.3370090868213005,0.1713362630496149,0.2904350945225147,0.1240663723335183,0.1271522371414081,-0.0983156157696153,4.783937623483676,4868.828860623977,1.565263977993862,1.4838570194699372,19.45784154403967,0.1691780051171017,3.2030186095248676,23.59485054232471,1.1640936806397613,1.1775627658801653,3.0061344430949504,-0.4105961851042679,0.0001307434184549,9.988202212728897e+47,-8.942273793151065,22.69038157619315,44.31417537055469,0.2138082207521822,0.3177607691995355,13.81161118970426,-1.146456477434857,2.14835493064068,4.261967181313789,-0.0896832083838567,3.45127229987184e-05,0.0039194770750363,-10.274182519338993,2.323142678149546,8.037901030834707,-0.0455576536425099,0.0173063093971978,0.0190204555633519,0.0215692697546575,0.0024525244420712,0.0103423543712548,0.0201103337916728,0.0314247201192245,0.0295709136271527,5,0.0215692697546575,0.0201103337916728,4,0.0215692697546575,0.0201103337916728,4,0.0215692697546575,0.0201103337916728,4,0.0215692697546575,0.0201103337916728,4,0.0215692697546575,0.0201103337916728,4,0.0215692697546575,0.0201103337916728,4,0.2620741394208896,10.0,141,0.5303639749406324,0.0011749792145859,0.5068305583296355,0.0025201454896961,3,0.5168588620582996,0.0016099210832751,0.5656379767524395,0.0015784437872175,3,0.9661752470119876,0.0063088840515035,0.0080322012342042,0.7854489532256624,1098.5677679477074,0.035069293046416816,0.11373932115629651,0.3083304233742159
6,50.0,0.009827704,2000,0.0025,0.2620741394208896,3.104665611843591e-05,2,2,2,2,0.385,0.002,0.1525528234319967,0.0,0.052024086267741,0.0456369720804756,0.4373674839426236,0.050948601457383,0.0389051720690859,0.4771922129801446,5,3091.345044926298,0.01,0.0229528413206661,0.025509649467842,0.7985389306721826,0.9793271754005825,,7.244045040463866,44.710177795328406,2.990056144608423,122811.04551867946,1725.6821384357768,1.0,1.0,1.0,12,0.0261084318050832,0.3126924475158281,0.0324476346557988,0.0063392028507155,1.3728633176151857,0.195850045899571,0.316898571659364,0.1403529308632902,0.1412583815831805,-0.275456584278807,5.273079174693577,4263.792700730299,1.6626144755491243,1.5379078764232554,21.61042399288196,0.0999315207586422,2.35012797973655,36.9852663326464,0.8544697861355669,1.0750733420883032,5.800072964976174,-0.1617367653720035,0.0029372392890613,2.4374040251976595e+47,-5.830285156110559,17.432879955847657,44.710177795328406,0.0997770580855738,0.4337219974050473,4.4363861280039005,-0.83535150910183,1.6659248916699845,2.626591989660101,-0.3024003865835493,2.495604342176899e-05,0.0011370900435513,-10.598394543784206,1.9320289834776032,5.674358121093854,0.1130288918124175,0.0414050331119902,0.0434817968616957,0.052024086267741,0.0303856330075115,0.0353812817423633,0.050948601457383,0.052024086267741,0.050948601457383,5,0.052024086267741,0.050948601457383,5,0.0399567488427195,0.0394314414307534,4,0.0399567488427195,0.0394314414307534,4,0.0399567488427195,0.0394314414307534,4,0.0399567488427195,0.0394314414307534,4,0.0399567488427195,0.0394314414307534,4,0.2620741394208896,10.0,142,0.2628843906004423,0.0006661752118062,0.3650462625528841,0.0018654651061094,3,0.2317332875401257,0.0005695823530148,0.2791180029752054,0.0006933190239046,3,0.8431834937706506,0.0063088840515035,0.0097612091868605,0.6463219802722713,185.25273299735636,0.026108431805083272,0.08417925763001595,0.31015279226902737
10,50.0,0.009827704,2000,0.001,0.2620741394208896,3.104665611843591e-05,2,2,2,2,0.3,0.002,0.0785011783652094,0.0,0.0248438899953892,0.0873161478332268,0.6162658164108199,0.0226506915694188,0.0240991622985754,0.6400455937226058,4,2727.4818979324664,0.01,0.0183887454594263,0.0201451715076767,1.915563534704156,0.9117208123857644,,6.620279100233453,44.710177812217765,2.4885912356799396,1.7508653994960516e+34,5.638857969391471e+31,1.0,1.0,1.0,12,0.0647245771110143,0.3920317611288701,0.0711765841532021,0.0064520070421878,1.361463071998344,0.1744117552625078,0.3085599097365508,0.1238680914590761,0.1271122120470344,-0.244796514171903,4.444649836481643,137119.50016026394,1.4917010889182891,1.3709504413920277,42.53914390420166,0.2367692147784101,3.514622573711239,27.483772443574793,1.2569321435973493,1.1278272922440282,3.39479537686103,-0.5110190596665495,4.038223313388199e-05,2.1230721046127324e+58,-10.11712064363989,25.17737776407882,44.710177812217765,0.2393512549222087,0.2713000377610939,12.276486315853507,-1.3045299201315108,2.1173615020944117,4.552809221343472,-0.0163401101778119,3.2496598366818146e-05,0.001617269673763,-10.334375139742775,2.26194288669049,4.500890116196405,-0.0201792491570233,0.20549403776396,0.0316105157403311,0.0248438899953892,0.033940923986831,0.0157058713394765,0.0226506915694188,0.0337206466912648,0.0312130364256027,5,0.0248438899953892,0.0226506915694188,4,0.0248438899953892,0.0226506915694188,4,0.0248438899953892,0.0226506915694188,4,0.0248438899953892,0.0226506915694188,4,0.0248438899953892,0.0226506915694188,4,0.0248438899953892,0.0226506915694188,4,0.2620741394208896,10.0,143,0.5303639749406324,0.0011749792145859,0.5068305583296355,0.0025201454896961,3,0.5142265155389499,0.0017037621491776,0.5612347713994983,0.0015811101055312,3,1.0614619752548502,0.0063088840515035,0.0080322012342042,0.7854489532256624,1098.5677679477074,0.06472457711101434,0.19024373866831312,0.3402192238445261
6,2.0,0.009827704,2000,0.0,0.6,4.126819464586703e-05,1,1,2,2,0.9055,0.001,0.1071088750340495,0.0,0.027602759806661,0.0336822914422056,0.6805336492087037,0.0021250439196269,0.0651986270044562,0.9644539841526648,4,1176.141449511164,0.01,0.042316501665873,0.0034087325649362,0.0640470660150374,0.0769866467886358,,8.401149335417756,44.71016977970086,7.51463002911074,9.034213188430122e+107,1.4891560200708991e+106,0.8333333333333334,1.0,1.0,2,0.0010159861163254,0.0051235780031493,0.0039228715397678,0.0061395641194747,1.1448733579235777,0.1750041018687629,0.1352940264555248,0.1503081974240075,0.1511407532463843,0.7574011468619626,6.953958096052293,12532831055.350609,1.9393110076906508,2.845215915294487,44.69934865531022,-0.0316899679907197,1.2876357635370956,19001.323237376175,0.25280779540402,1.899757050936333,35.59871074532709,-0.0999309648692819,0.0183787588842252,9.533429689149713e+37,-3.996559689675926,15.28619573650814,44.71016977970086,-0.0266648645921352,0.6716186356537422,3.0518188327399205,-0.3980646060193786,1.3833865404777446,1.857282288545686,-0.0815108535808586,6.097699323063773e-05,0.0012409934432798,-9.705013925087222,1.725486708460344,4.04783073565828,-0.2262576310245152,0.0246807124321737,0.027602759806661,0.048763402087782,0.1657378164742066,0.0277330206195351,0.0021250439196269,0.0733595907077401,0.0664844380898444,5,0.027602759806661,0.0021250439196269,4,0.027602759806661,0.0021250439196269,4,0.027602759806661,0.0021250439196269,4,0.027602759806661,0.0021250439196269,4,0.027602759806661,0.0021250439196269,4,0.027602759806661,0.0021250439196269,4,0.6,10.0,144,0.4281858423851054,0.0021048300469024,0.2022910358026672,0.0168425449327935,3,0.3405152695325162,0.0017448181380188,0.2598108928344688,0.0445413526317345,3,0.4064179087095036,0.0012275270319073,0.0014680206704243,0.8361783022799862,110.17572136598942,0.001200706463381506,0.010088860263072827,0.11901309286404958
10,2.0,0.009827704,2000,0.0,0.6,4.126819464586703e-05,1,2,2,2,0.5395,0.0,0.2861525267627202,0.0012275270319073,0.0476048586053125,0.0323632463364433,0.8453869564407047,0.1549205253802061,0.2953636884084865,0.9878662333442172,4,4186.019903068409,0.01,0.0420349548243041,0.0457691880141446,0.0601169426227329,3.2543007146526337,,6.436348467715672,26.423487876305664,3.8321228341268,9355721136889.977,77320009395.78493,1.0,1.0,1.0,12,0.0006953694286041,0.0295563526077973,0.0070981260454462,0.006402756616842,1.2648944209954502,0.1375320287247481,0.2349886570326894,0.1071164309229038,0.1081051954023588,0.1320896375339149,5.339719049035644,3022.201371314653,1.6751730390478736,1.839655057930382,10.71960233854427,0.0945683630256907,1.3938200114200694,15.003598901400972,0.332048187373705,1.2724494408651892,3.726322150983456,-0.2114700501609028,0.0052716436619028,4.707616159363416e+16,-5.245413074752398,11.825402799185028,26.423487876305664,0.0711391451030813,0.5070881412175255,16.82038202585705,-0.6790704419455855,1.9964572075517943,4.67870513580547,0.08427168763908,7.101299572915282e-05,0.0138335196293821,-9.552647659233678,2.1351568020253744,16.812061512748667,-0.2542065296371708,0.0236148561330447,0.0258700242709726,0.0476048586053125,0.2048394735555289,0.5263310662897245,0.1549205253802061,0.057702966445712,0.208853654314292,5,0.0476048586053125,0.1549205253802061,4,0.0476048586053125,0.1549205253802061,4,0.0476048586053125,0.1549205253802061,4,0.0476048586053125,0.1549205253802061,4,0.0476048586053125,0.1549205253802061,4,0.0476048586053125,0.1549205253802061,4,0.6,10.0,145,0.7133199009554173,0.0024125342765601,0.105206914618443,0.0050476241739102,3,0.6826807333715058,0.002038621728432,0.2326351927778378,0.0236003876765419,3,0.257656108609608,0.0012275270319073,0.001222776800837,1.0038847899854575,297.32483220391475,0.0006953694286041647,0.008412016181493433,0.08266382441512515
6,10.0,0.009827704,2000,0.0,0.6,4.126819464586703e-05,1,2,2,2,0.493,0.0,0.104398197636625,0.0012275270319073,0.0481893953371414,0.0329710603542217,0.5057876767001552,0.1249591835090717,0.0645006018446224,0.8781275273177773,4,2537.6276807973645,0.01,0.0295402544024678,0.0471368239963072,0.1363530432172491,2.593084694979785,,7.675542054187888,44.69699205626489,3.5515383276269534,229.8103293336104,3.050579592924032,0.8333333333333334,1.0,1.0,12,0.0029230838906334,0.0887901270850256,0.0091458629954082,0.0062227791047748,1.287484660113248,0.1828315542312693,0.2526904390096291,0.1397740829409599,0.1406255064935842,-0.025418241834628,5.864001543827144,9374.633349246596,1.7688322278563389,1.9934781239356352,13.813107746606743,0.0402883671446481,1.9815328059065336,44.83362759740241,0.6838706896084675,1.303285727520335,5.425489688218595,-0.4764169791862075,0.0079801683545215,1.0485762556878678e+34,-4.8307957706851266,17.156756332526413,44.69699205626489,0.0248666900256379,0.57502011412017,3.6111411316555455,-0.5533502577180538,1.5474557139340397,2.038556333614344,0.0274803560251519,3.771242893706681e-05,0.0023701505533818,-10.185520837814533,1.8837516352513832,7.170374275041573,0.0478313467766461,0.02468279569145,0.0260409900340735,0.0481893953371414,0.0319421875041058,0.0366004345206898,0.1249591835090717,0.0631981188796096,0.1314327330411618,5,0.0481893953371414,0.1249591835090717,4,0.0481893953371414,0.1249591835090717,4,0.0481893953371414,0.1249591835090717,4,0.0481893953371414,0.1249591835090717,4,0.0481893953371414,0.1249591835090717,4,0.0481893953371414,0.1249591835090717,4,0.6,10.0,146,0.4281858423851054,0.0021048300469024,0.2022910358026672,0.0168425449327935,3,0.3105534715373875,0.0008736327502106,0.4357057727302962,0.0061953236952934,3,0.4924478019367096,0.0012275270319073,0.0014680206704243,0.8361783022799862,110.17572136598942,0.0029230838906334124,0.015927954881413662,0.1835190966069574
10,10.0,0.009827704,2000,0.001,0.6,4.126819464586703e-05,1,2,2,2,0.527,0.0,0.2500356686987603,0.0012275270319073,0.0521354567677025,0.0363613792388432,0.7546012923429445,0.2056010982020614,0.098416341656123,0.978236276551218,4,3210.124081092677,0.01,0.0323365379969304,0.0634117952378863,0.1260226309392952,3.943594454694209,,6.530542127412156,42.652541854481626,2.426076039415683,7738084.207679698,59707.43987407175,1.0,1.0,1.0,12,0.0030057103059142,0.0742526467765424,0.0093471565210393,0.0063414462151251,1.2766847748890022,0.1481601123543439,0.2442666984100167,0.1138761864807326,0.1152955454872381,0.0427739047797302,5.608441882532787,55107.13863860456,1.7242729416589344,1.8081311987317628,32.86691776217852,0.069062059676275,1.8479611612060247,329.84267980698405,0.6140829563352327,1.3453750280736574,24.51444636259742,-0.409640215217618,0.0009942342009592,3.559988469641842e+27,-6.9135377644133005,14.102006897437862,42.652541854481626,0.1779444410674928,0.42167145952662,12.602609793251618,-0.8635288000869314,2.094986531236279,3.7517900864811025,0.1683558204609582,5.5767752366038336e-05,0.002100199776176,-9.794314770221137,2.175775232930371,4.455565011608275,-0.1383891522108558,0.0276458473574836,0.0293028335913434,0.0521354567677025,0.0408047484707368,0.0488431782955709,0.2056010982020614,0.0613490110305975,0.2061448614341561,5,0.0521354567677025,0.2056010982020614,4,0.0521354567677025,0.2056010982020614,4,0.0521354567677025,0.2056010982020614,4,0.0521354567677025,0.2056010982020614,4,0.0521354567677025,0.2056010982020614,4,0.0521354567677025,0.2056010982020614,4,0.6,10.0,147,0.7133199009554173,0.0024125342765601,0.105206914618443,0.0050476241739102,3,0.6015712745012217,0.0015532336793948,0.4531935623844133,0.0129713102286752,3,0.6187374817366335,0.0012275270319073,0.001222776800837,1.0038847899854575,297.32483220391475,0.0030057103059142436,0.014796427150876666,0.2031375733658892
6,50.0,0.009827704,2000,0.0015,0.6,4.126819464586703e-05,1,1,2,2,0.791,0.0005,0.6862772489659936,0.0,0.0464403909294096,0.0310871651655277,0.5610155446516872,0.1529305574126669,0.2060157408221646,0.9910910428440431,4,2040.008780090682,0.01,0.0375835237161151,0.0456973230584515,0.046492117990907,3.2930506042708476,,7.825572439345029,42.720701798452566,3.198150603274836,448815.4469371944,6632.740595130951,1.0,1.0,1.0,12,0.0004395736721071,0.0271525477408448,0.0057643558559561,0.0062039295280633,1.2391640450868049,0.1741262934230463,0.214436995082744,0.1394613144607918,0.13916491475692,0.2488190550809282,5.628196552823315,8286779.734531293,1.72778906274027,2.142762351925228,40.82468309449671,0.0566358390415882,1.7068308583327765,91.46448449338575,0.5346383518101622,1.414200872189876,9.261525758505377,-0.3335276627237877,0.0066531092060179,3.743696916017534e+26,-5.012670983804576,16.03127673087287,42.720701798452566,0.0379574855391229,0.5842745530342267,3.2508405497082467,-0.5373842815694649,1.4419913573309544,2.048425528855333,0.0184180422916215,4.841502693316248e-05,0.0011288183650387,-9.93570031860304,1.7661656606287286,4.438995485202333,-0.0904321406904996,0.0226077477181672,0.0242133568490062,0.0464403909294096,0.1629083404334574,0.3022083246203695,0.1529305574126669,0.0668478974248297,0.2177367180723035,5,0.0464403909294096,0.1529305574126669,4,0.0464403909294096,0.1529305574126669,4,0.0464403909294096,0.1529305574126669,4,0.0464403909294096,0.1529305574126669,4,0.0464403909294096,0.1529305574126669,4,0.0464403909294096,0.1529305574126669,4,0.6,10.0,148,0.4281858423851054,0.0021048300469024,0.2022910358026672,0.0168425449327935,3,0.3872270778591284,0.0013082089790754,0.3627331919228713,0.0519317245443094,3,0.1911957216327675,0.0012275270319073,0.0014680206704243,0.8361783022799862,110.17572136598942,0.00043957367210714117,0.005767632280482122,0.0762138865188536
10,50.0,0.009827704,2000,0.001,0.6,4.126819464586703e-05,1,2,2,2,0.4975,0.0005,0.0997290818739282,0.0012275270319073,0.0530588741235186,0.0372192024177278,0.7712916461306002,0.1972549169471422,0.0959114174364049,0.9769268566534354,4,3050.359747477468,0.01,0.0322309909921916,0.0615901139782822,0.1296299695370561,3.717661186853339,,6.562931526192534,44.71017781221748,2.30890991259693,1463.576565337264,12.45597076882778,1.0,1.0,1.0,12,0.0031575552397512,0.0760177550966053,0.0094971117271613,0.00633955648741,1.28049109840249,0.1509584976557721,0.2472436749757166,0.1151675694697698,0.1171044390502555,0.0164451902582088,5.436088476604926,14452.74374349239,1.693059772205915,1.8623761356610635,19.642558182407928,0.0838103706408174,1.8582277568756864,69.22343690278605,0.6196232146206081,1.3198988766433533,9.722612484667996,-0.4217444110184595,0.0013888852830693,1.8446173230619605e+43,-6.579253808203516,14.962731864991136,44.71017781221748,0.1453671561256714,0.4065171231980097,10.891557996597347,-0.9001292273931021,2.0783172957461495,3.461588107903414,0.1873167318695411,5.423162439312522e-05,0.0051786419797637,-9.822246343786626,2.233530512712413,7.693707728065655,-0.1223050747533242,0.0284580638197594,0.0301406693099055,0.0530588741235186,0.0412663849105925,0.04921295045148,0.1972549169471422,0.0623403450928771,0.1979624052081563,5,0.0530588741235186,0.1972549169471422,4,0.0530588741235186,0.1972549169471422,4,0.0530588741235186,0.1972549169471422,4,0.0530588741235186,0.1972549169471422,4,0.0530588741235186,0.1972549169471422,4,0.0530588741235186,0.1972549169471422,4,0.6,10.0,149,0.7133199009554173,0.0024125342765601,0.105206914618443,0.0050476241739102,3,0.6007538214744258,0.0015562694002308,0.459443757082255,0.0123762884699125,3,0.6335929055005477,0.0012275270319073,0.001222776800837,1.0038847899854575,297.32483220391475,0.0031575552397512304,0.015730680787287243,0.2007259115131883
6,2.0,0.009827704,2000,0.0,0.6,4.473552115112195e-05,1,1,2,2,0.7545,0.0,0.8349346473906775,0.0,0.0387744777556629,0.0248660140746992,0.5719891812050689,0.1922761397240001,0.2074227838534837,0.9884581834651034,4,1851.5354244563491,0.01,0.0381996697563813,0.0488470702027542,0.0508630733552074,4.958832480881537,,7.47123406502274,44.710177755217735,6.263660259024193,192700567.5081378,1728256.2108353165,1.0,0.8333333333333334,1.0,12,0.0001559224092978,0.0287310694373222,0.0060881003111797,0.0062440227204775,1.2426851866546174,0.1576655162060841,0.2172745114679601,0.1255748913770161,0.1258791696872743,-0.0861738723299934,5.3729691454670965,9371.915840438016,1.6813806692152318,2.0250365603935983,17.24462404801195,0.0106380825974227,1.6776346096913954,71.5670735603819,0.5173848308716634,1.1713145749013163,10.728284641819984,0.0874739051850933,0.0118675711727568,1.0981104488503628e+42,-4.4339457102737105,16.491915983532632,44.710177755217735,0.0380044721708942,0.8035906348544208,3.780114609203528,-0.2186653000982893,1.3696451502532536,1.9385510274352993,-0.2133109613199299,5.382434551070525e-05,0.0029870881611594,-9.82978467436594,1.6930170262624111,8.320762913489794,-0.109247596484535,0.0171603195536703,0.0186632449147643,0.0387744777556629,0.1448145876291008,0.2851776242073502,0.1922761397240001,0.0658783139536269,0.2436315988020759,5,0.0387744777556629,0.1922761397240001,4,0.0387744777556629,0.1922761397240001,4,0.0387744777556629,0.1922761397240001,4,0.0387744777556629,0.1922761397240001,4,0.0387744777556629,0.1922761397240001,4,0.0387744777556629,0.1922761397240001,4,0.6,10.0,150,0.386127630945745,0.0012911162404457,0.3915260165975845,0.0549017982072581,3,0.3942642239361293,0.0013534518424913,0.3665031801256629,0.0564421539230253,3,0.061481197570719,0.0007063625909899,0.0020791348477198,0.3397387099564825,235.9489609921172,0.00015592240929784666,0.006066685547737628,0.025701416048503258
10,2.0,0.009827704,2000,0.0005,0.6,4.473552115112195e-05,1,2,2,2,0.39,0.0,0.0800113500849191,0.0007063625909899,0.046087313447569,0.0332870690817076,0.7199236427129027,0.0570440342313297,0.0352227010708187,0.8091230052239636,4,3466.7007488436666,0.01,0.0277056299473712,0.034051130878442,0.3843975068927238,1.2377383267572222,,6.306526097447272,32.12771022524902,2.6352915581411067,2.4868791314233894e+17,923803540647618.8,1.0,1.0,1.0,12,0.0133295062066275,0.1884028553333687,0.0198962166582095,0.006566710451582,1.3174149931253298,0.1554771800507968,0.2756714780047904,0.1154283843918014,0.11722649872134,-0.5996639523191869,5.104019945046885,18641.328286464395,1.6300284537634753,1.5745376829362994,26.875483881829584,0.04629595241448,2.090504229026016,23.44875978492384,0.7374052947858954,1.1628456864345251,4.341261484193694,-0.1010976823656263,0.002009901267804,1.2279135293766097e+37,-6.20966967861312,16.364290082893955,32.12771022524902,0.1468130006379984,0.4537327228996134,13.86697495246696,-0.790246970382291,2.0601854118925886,4.085036478099321,0.1356292229831925,6.27485307395608e-05,0.006775140418601,-9.676375394735496,2.1709865893810836,9.21062780795587,-0.1558587796958579,0.0257914715733571,0.0279824222241966,0.046087313447569,0.0220430803405583,0.0265809886405679,0.0570440342313297,0.0561868453269594,0.0653616621781854,5,0.046087313447569,0.0570440342313297,4,0.046087313447569,0.0570440342313297,4,0.046087313447569,0.0570440342313297,4,0.046087313447569,0.0570440342313297,4,0.046087313447569,0.0570440342313297,4,0.046087313447569,0.0570440342313297,4,0.6,10.0,151,0.6476508878348486,0.001902079497614,0.2919129271280249,0.0316992350794414,3,0.5666827156387538,0.0014219367984278,0.5903743798496321,0.0023070109900452,3,0.9683595529343696,0.0007063625909899,0.0017729472857085,0.3984115019571166,788.2831825047007,0.0133295062066275,0.04008611082579991,0.3325218119700569
6,10.0,0.009827704,2000,0.0,0.6,4.473552115112195e-05,1,2,2,2,0.41,0.0,0.1996176038686355,0.0007063625909899,0.0412431253096248,0.0285763119358224,0.535921961958364,0.0549787382628354,0.0324206612456545,0.6407965785384966,4,2509.648086770176,0.01,0.027471531335391,0.0336931992901383,0.3418730000756922,1.333040060618422,,7.073581433210242,44.708126816848456,3.4624324076548736,2.982575997727978e+24,2.4480787943047698e+22,1.0,1.0,1.0,12,0.0111636684458089,0.1795888119500647,0.0175481853839526,0.0063845169381437,1.338099737513201,0.1742733762696586,0.2912505011649734,0.1283195165503957,0.1291700897079548,-0.6608290510593223,5.353561735615529,28371.80776400879,1.677762084372902,1.712912622092966,27.799421290457637,0.0146890686133505,1.9927449553787624,74.94853770388691,0.6895130628354313,1.0060732296481931,12.769149056001362,-0.0692482116051275,0.0063836700912041,3.1016711336694555e+40,-5.054012097612908,16.79145224866049,44.708126816848456,0.0742540270440011,0.6437634084512709,3.8144211709122584,-0.4404239985589363,1.5249383257194045,2.027873760503065,-0.0461668672231985,3.915387269045564e-05,0.0024806199900558,-10.148011221123213,1.841609567328141,8.262230698095365,0.0723652332150173,0.021331517737762,0.0231542927600805,0.0412431253096248,0.0192281980112077,0.0230550474629204,0.0549787382628354,0.0583320815656631,0.069501944351257,5,0.0412431253096248,0.0549787382628354,4,0.0412431253096248,0.0549787382628354,4,0.0412431253096248,0.0549787382628354,4,0.0412431253096248,0.0549787382628354,4,0.0412431253096248,0.0549787382628354,4,0.0412431253096248,0.0549787382628354,4,0.6,10.0,152,0.386127630945745,0.0012911162404457,0.3915260165975845,0.0549017982072581,3,0.2814993873723598,0.0007399803388382,0.3721753575693141,0.0015106190267911,3,0.7756486411783228,0.0007063625909899,0.0020791348477198,0.3397387099564825,235.9489609921172,0.011163668445808949,0.036405419342013336,0.30664853331123754
10,10.0,0.009827704,2000,0.0,0.6,4.473552115112195e-05,1,2,2,2,0.4835,0.0,0.0501576492913438,0.0007063625909899,0.0510998450553036,0.0355994144945869,0.7979460668133213,0.1721784769577408,0.0852301458097081,0.9723056415241776,4,3932.192029309383,0.01,0.0327308378869668,0.0594607050451132,0.1503026460514031,3.369452035938617,,6.2182570498377165,44.710177812217374,4.323561776293936,1.0195669410502811e+40,4.267756136669239e+37,1.0,1.0,1.0,12,0.0042761066968987,0.083680077394047,0.0107066281916417,0.006430521494743,1.285729376404018,0.1430365864291441,0.2513261654151507,0.1093305546527474,0.1105823711785701,-0.4104335585517742,5.441175019896938,8562.12813309,1.693995033848592,1.6579367871508066,22.042116542792883,0.0053850916561486,1.7947715905189918,15.19471583132843,0.5848777662218452,1.191260221708027,3.381216343469415,0.0293525495768833,0.003187299248296,3.7779998843862696e+42,-5.748581351407692,12.447610428141102,44.710177812217374,0.1559658550034488,0.6174562517111142,15.030648304930809,-0.4821470604211966,2.084592600989569,3.3734332898903543,-0.013757394769213,6.352766878803716e-05,0.0040774096866219,-9.664035018022451,2.182068946630398,6.05419123826864,-0.1607225554497826,0.0269454791989278,0.0287529192295293,0.0510998450553036,0.0377208917192221,0.0457910687521613,0.1721784769577408,0.0605349202161303,0.1737593529793868,5,0.0510998450553036,0.1721784769577408,4,0.0510998450553036,0.1721784769577408,4,0.0510998450553036,0.1721784769577408,4,0.0510998450553036,0.1721784769577408,4,0.0510998450553036,0.1721784769577408,4,0.0510998450553036,0.1721784769577408,4,0.6,10.0,153,0.6476508878348486,0.001902079497614,0.2919129271280249,0.0316992350794414,3,0.6089343634283816,0.0015651923272632,0.475686277230691,0.0100890987596896,3,0.7341008996621095,0.0007063625909899,0.0017729472857085,0.3984115019571166,788.2831825047007,0.004276106696898772,0.017656816050213985,0.2421788098566587
6,50.0,0.009827704,2000,0.0015,0.6,4.473552115112195e-05,1,2,2,2,0.383,0.0,0.1733750340154192,0.0007063625909899,0.038499609799138,0.0271438355083487,0.471470861844659,0.0443449366777475,0.0266510642748806,0.54293387448487,4,2707.5806765317616,0.01,0.0257473908934663,0.0301038175952781,0.449935300956613,1.1518282109638518,,6.959886227791048,39.16783433246206,3.443132915896691,275263073.6903676,2262436.22211261,1.0,1.0,1.0,12,0.0146981668041543,0.2230179900906261,0.0210701595516966,0.0063719927475422,1.3453620310657075,0.1695734271346959,0.2966631449131675,0.1241483158636097,0.1250729637809137,-0.7266301397248781,5.332815073796269,1642.7032691133402,1.6738792551868056,1.6028583797589495,13.374550462223713,0.0181200788463058,2.131335693728483,17.21647842038995,0.7567488694424096,0.9612955662580344,4.039073642632859,-0.1424167376916436,0.0068830873134838,2.1033890015486027e+29,-4.978687990264433,17.142284497259013,39.16783433246206,0.0683402986468305,0.6176577812794488,3.9856040537209663,-0.4818207268766977,1.50137000407653,2.1499205962417443,-0.0193189532297426,3.53503021021747e-05,0.0008878582009262,-10.250203619627808,1.7518337070315058,4.778289527436245,0.1344082508460768,0.0204769701982994,0.0224549265276086,0.038499609799138,0.0159171104993821,0.0196911456475122,0.0443449366777475,0.0543362933431667,0.0586486352140567,5,0.038499609799138,0.0443449366777475,4,0.038499609799138,0.0443449366777475,4,0.038499609799138,0.0443449366777475,4,0.038499609799138,0.0443449366777475,4,0.038499609799138,0.0443449366777475,4,0.038499609799138,0.0443449366777475,4,0.6,10.0,154,0.386127630945745,0.0012911162404457,0.3915260165975845,0.0549017982072581,3,0.267060091610075,0.0006908651910336,0.3389883259333111,0.0011036516545366,3,0.8013934091744542,0.0007063625909899,0.0020791348477198,0.3397387099564825,235.9489609921172,0.014698166804154398,0.04428644661140345,0.331888600887878
10,50.0,0.009827704,2000,0.0,0.6,4.473552115112195e-05,1,2,2,2,0.442,0.0,0.1356068755667542,0.0007063625909899,0.0526224949951507,0.0378763747197445,0.7565871244350436,0.0793061422990204,0.047614876425554,0.877006528778491,4,3481.6437203628766,0.01,0.0294733020772721,0.0392086330319042,0.272453063954661,1.5070768177436034,,6.250703959588456,44.710177785192215,3.4275285440306877,1.479200500752574e+38,5.33237383111959e+35,1.0,1.0,1.0,12,0.009099971636834,0.14371791247283,0.015612197044192,0.006512225407358,1.307743076461351,0.1488570902279786,0.2683028090174065,0.1117519965896093,0.1131142419048725,-0.553453845070477,5.328492440515951,51181.45088653209,1.6730683539889213,1.681709264366101,35.59543217861769,0.0177526651313489,1.9474303868192355,13.25823020949048,0.6665107532300566,1.1732089188311774,2.908415944484633,-0.0397767708227529,0.0013647488461094,3.012787091677327e+32,-6.596784862798688,14.716297796498742,44.710177785192215,0.1895589334451742,0.5483999984917782,13.00378004763242,-0.6007503340441998,2.059088917772465,3.4596934971605022,0.0436720869613975,6.242816350522198e-05,0.0029401033567595,-9.68149404618664,2.1659427550559536,4.708680281501739,-0.1538584841764455,0.0294717744388187,0.0315348547252642,0.0526224949951507,0.0292694109234587,0.0342690760541827,0.0793061422990204,0.062429799955886,0.085976708849809,5,0.0526224949951507,0.0793061422990204,4,0.0526224949951507,0.0793061422990204,4,0.0526224949951507,0.0793061422990204,4,0.0526224949951507,0.0793061422990204,4,0.0526224949951507,0.0793061422990204,4,0.0526224949951507,0.0793061422990204,4,0.6,10.0,155,0.6476508878348486,0.001902079497614,0.2919129271280249,0.0316992350794414,3,0.5795402937996315,0.0014337310514777,0.5659978187994296,0.0031613366002711,3,0.9088893024654524,0.0007063625909899,0.0017729472857085,0.3984115019571166,788.2831825047007,0.009099971636834084,0.029313763732332476,0.310433410050208
6,2.0,0.009827704,2000,0.0005,0.6,3.592084552239505e-05,1,1,2,2,0.7925,0.0,0.7851171419677896,0.0,0.0547542243257557,0.0378279560622213,0.5505835728090624,0.3085016041543881,0.212837638247476,0.9926734698089954,4,2171.0366477353623,0.01,0.0358323402745295,0.0645848752905927,0.0526771814357886,5.634297772514925,,7.731346490391228,44.190573191641064,3.8729958545026713,211217.44551710572,5089.577000412186,0.8333333333333334,0.8333333333333334,1.0,12,0.0002395525187236,0.0316104621689055,0.0059332166955512,0.0061727692142748,1.2572679155966189,0.1799603342428767,0.2289410457967,0.1414394372309784,0.1417138324519455,-0.0055471553321818,6.080720743877034,163180.11662026818,1.8051232323531896,2.076475866770063,22.99427062220282,-0.2952267296627558,1.6772473370904757,480.6175128408954,0.517153959795552,1.358938875327505,20.740972544382014,-0.2437400297155647,0.0170703682719161,6.1315155722027186e+32,-4.070411168189635,15.76468558051983,44.190573191641064,-0.0712015519599471,0.4185993550681721,3.6230162275273945,-0.870841009659021,1.5196118056003007,2.648867727503257,0.236912732953408,3.924162194955956e-05,0.0014171258534685,-10.145772590034706,1.839358997764635,5.606121526217793,-0.0480711953663673,0.0285193270532576,0.0302103168076506,0.0547542243257557,0.1297785477273237,0.2002327628607162,0.3085016041543881,0.0709676153379017,0.3927200324158496,5,0.0547542243257557,0.3085016041543881,4,0.0547542243257557,0.3085016041543881,4,0.0547542243257557,0.3085016041543881,4,0.0547542243257557,0.3085016041543881,4,0.0547542243257557,0.3085016041543881,4,0.0547542243257557,0.3085016041543881,4,0.6,10.0,156,0.4571426487140378,0.0027251122328156,0.4194668200557823,0.0387113663482407,3,0.3569465501498247,0.0011422223953066,0.3563233574158703,0.0772987434248527,3,0.093754364047159,0.001910319334287,0.0008670748177,2.203177044576527,74.65656967337064,0.00023955251872361753,0.006812766897473263,0.03516229489848881
10,2.0,0.009827704,2000,0.0,0.6,3.592084552239505e-05,1,1,2,2,0.812,0.0,0.707245785514906,0.0,0.0458177610756122,0.0309692417349484,0.8793802719611398,0.0239658004065284,0.2842107398239815,0.9833346713954064,4,3958.5554147767793,0.01,0.0502280960683287,0.0108232052748284,0.025694131160189,0.5230679073771882,,6.645229945183463,44.710177425941225,9.841864087321849,inf,inf,0.9,0.8,1.0,12,0.0011040370185781,0.0122568883475872,0.0051837608146945,0.0062877978332726,1.235296437011337,0.1351007382393669,0.2113109712460504,0.1081508533330567,0.1087279263307753,0.1557591780654418,5.914393243346002,38684.367492028905,1.7773889128527562,2.0655234945147503,24.970212067709525,-0.2833649006772645,1.16860679101204,114.63245046052538,0.1558122623587266,1.5334831092727217,13.68202987334764,0.0196375789213259,0.0063504828272565,1.448495726426958e+27,-5.059224433179672,10.984791496927402,44.710177425941225,-0.0121674420985559,0.4658028248923149,13.902700968751368,-0.7639928569467761,1.9375288673696789,4.977927168932694,0.1306650122454569,6.57661233175473e-05,0.0090332277330287,-9.629405695408638,2.0882747071945253,11.38640826186662,-0.2896108822622261,0.0221556740473915,0.0249342900818414,0.0458177610756122,0.6842881739052131,0.1443782451602029,0.0239658004065284,0.0567753197671381,0.0604616554563901,5,0.0458177610756122,0.0239658004065284,4,0.0458177610756122,0.0239658004065284,4,0.0458177610756122,0.0239658004065284,4,0.0458177610756122,0.0239658004065284,4,0.0458177610756122,0.0239658004065284,4,0.0458037775365389,0.0239626959493178,3,0.6,10.0,157,0.7339952573579056,0.0029735318520512,0.2464210443507408,0.0149584299704082,3,0.7318744365065837,0.002635411060035,0.1375849209657053,0.0062792935651774,3,0.8458600914060461,0.001910319334287,0.000726767442299,2.6285152899032895,176.2407658169279,0.0011040370185781733,0.004484159051563428,0.24620826466742843
6,10.0,0.009827704,2000,0.0,0.6,3.592084552239505e-05,1,1,2,2,0.7975,0.0,0.2781690809029866,0.0,0.0528623785466582,0.0362988835570878,0.5105395479142343,0.8436035138265181,0.3407915930522505,0.9968883629092592,4,2386.4396570361446,0.01,0.0335308882413821,0.1145969976733791,0.0582686111573061,15.958485732569216,,7.970155737865012,44.71017413310272,3.5681677213753127,7.766709837597892e+94,1.629379686209348e+93,1.0,1.0,1.0,12,0.0001395438905103,0.0381911539254719,0.006015073205649,0.0061546170961594,1.2505851068887923,0.1899561449038681,0.2236115273073952,0.1493102363152736,0.1502095671820231,0.0304395202435517,6.256312446175395,356408.1084034764,1.833590945438236,2.223946863028876,31.50233011517709,-0.288450638421067,1.8418589468683424,2686.3960506357635,0.6107753588251992,1.5491130968318991,23.4277142275937,-0.2742531850982804,0.0103473040584814,4.7559641735041325e+32,-4.571029270642308,16.310199096967622,44.71017413310272,-0.038126571806015,0.4970894386116369,2.9389473806501796,-0.6989853121107563,1.5299200047577906,1.9867316247556628,0.1229866187510595,3.776718368469491e-05,0.0115122170566607,-10.18406998889438,1.8177977547866175,23.250695468521993,-0.0275733572333732,0.0273105757108658,0.0287236964137394,0.0528623785466582,0.0777321705544771,0.1010390947757562,0.8436035138265181,0.0672802661157978,0.930912302908814,5,0.0528623785466582,0.8436035138265181,4,0.0528623785466582,0.8436035138265181,4,0.0528623785466582,0.8436035138265181,4,0.0528623785466582,0.8436035138265181,4,0.0528623785466582,0.8436035138265181,4,0.0528623785466582,0.8436035138265181,4,0.6,10.0,158,0.4571426487140378,0.0027251122328156,0.4194668200557823,0.0387113663482407,3,0.3502954749280744,0.0010713348246592,0.3912910618676385,0.1467212304909999,3,0.0515634377584571,0.001910319334287,0.0008670748177,2.203177044576527,74.65656967337064,0.0001395438905103675,0.007828675298694248,0.017824713018004736
10,10.0,0.009827704,2000,0.001,0.6,3.592084552239505e-05,1,2,2,2,0.526,0.0,0.2814895851909286,0.001910319334287,0.0637503216063487,0.0462036921481456,0.7239179771361023,0.1823916138495533,0.0952182885523943,0.9666541126584076,4,2301.570713200367,0.01,0.0311628507267863,0.0554501429746307,0.1309525706575252,2.8610304897879826,,6.752190859842032,44.71017748732447,2.208599455584562,47.87040877727622,0.571928420278091,1.0,1.0,1.0,12,0.0030127543914019,0.0801691795317058,0.0093080737023438,0.0062953193109418,1.2805458945561972,0.1551490695783516,0.2472864671367562,0.1186750857673893,0.1203019472427051,-0.1611964949911118,6.07703433081853,27789.209032340925,1.804516802440952,1.9773944553791267,17.450301160107685,-0.3097129901380773,1.8626434887704464,35.58301747991562,0.6219967092546512,1.3737415934352115,5.2577967081766985,-0.3174327350914757,0.0008106530128767,8.060821247055227e+42,-7.117670446356637,15.483756370348566,44.71017748732447,0.12431022244443,0.3191035101406623,6.978544650012842,-1.142239745631012,2.0763122712483604,3.0304803982776916,0.3041036411567275,4.85715656631011e-05,0.1086214612217041,-9.932472266937753,2.217171771878021,36.78076907446734,-0.1360835063184191,0.0365449486552981,0.03831580618279,0.0637503216063487,0.0480964583010283,0.0551667935066013,0.1823916138495533,0.0737953499123209,0.1839367171157948,5,0.0637503216063487,0.1823916138495533,4,0.0637503216063487,0.1823916138495533,4,0.0637503216063487,0.1823916138495533,4,0.0637503216063487,0.1823916138495533,4,0.0637503216063487,0.1823916138495533,4,0.0637503216063487,0.1823916138495533,4,0.6,10.0,159,0.7339952573579056,0.0029735318520512,0.2464210443507408,0.0149584299704082,3,0.5819693410545695,0.0014346534920098,0.4553315373965563,0.0086746986301231,3,0.6091803717004882,0.001910319334287,0.000726767442299,2.6285152899032895,176.2407658169279,0.003012754391401972,0.015260791193727117,0.19741796825320249
6,50.0,0.009827704,2000,0.0,0.6,3.592084552239505e-05,1,1,2,2,0.8085,0.0005,0.1110610429069775,0.0,0.0502768349679838,0.0342898904354941,0.5321770413453342,0.9232809764868996,0.355085182288829,0.9963302300922644,4,2521.358270803467,0.01,0.0325831746490265,0.1229743925748538,0.0608301374012395,18.36394389334256,,7.963064782460995,43.356579013273695,4.097297650457977,90.148359409855,2.010744076056245,1.0,1.0,1.0,12,9.83200327621201e-05,0.0417985711684368,0.0060522539385674,0.0061505739713295,1.2451916448306497,0.1856093901984764,0.2192894496613026,0.1466049187043647,0.1474662833834012,0.0604823472864616,6.007877161096419,4930653.089831645,1.7930714683634026,2.2289132587881433,33.03551992326639,-0.2696288933680292,1.970194232849929,2125.9929370513573,0.6781321332449884,1.5196071981289252,28.767280192788093,-0.3239034244569557,0.018814048837531,3.002887494251365e+31,-3.9731514096277794,16.2791839355817,43.356579013273695,-0.0749257360124472,0.4600136884294265,3.154561170179824,-0.7764990324864656,1.5890663542924173,2.1186050291117593,0.1671883669318355,3.821193830006471e-05,0.0114447054239631,-10.17236257023214,1.8927299855139093,20.184640642842425,-0.0326672087440975,0.0256676858284597,0.0269251505100387,0.0502768349679838,0.0633689098383805,0.0786056605412072,0.9232809764868996,0.0635634026999636,0.980060204369388,5,0.0502768349679838,0.9232809764868996,4,0.0502768349679838,0.9232809764868996,4,0.0502768349679838,0.9232809764868996,4,0.0502768349679838,0.9232809764868996,4,0.0502768349679838,0.9232809764868996,4,0.0502768349679838,0.9232809764868996,4,0.6,10.0,160,0.4571426487140378,0.0027251122328156,0.4194668200557823,0.0387113663482407,3,0.3467959307288762,0.0010621843084259,0.4280846916105538,0.1556810550958395,3,0.035372080666452,0.001910319334287,0.0008670748177,2.203177044576527,74.65656967337064,9.83200327621201e-05,0.008132535957115371,0.012089713870382253
10,50.0,0.009827704,2000,0.0,0.6,3.592084552239505e-05,1,2,2,2,0.5385,0.0,0.3000837263565413,0.001910319334287,0.0558342783702332,0.0391936297859779,0.7919089298618277,0.7373817243082446,0.2953065299419103,0.9927571333077772,4,3244.858943284013,0.01,0.0348378749289216,0.1159213067205979,0.0884528246523111,13.20661331769558,,6.594719491697285,44.69466342626092,2.4604133986344836,9.186324785820297e+152,9.450951425741044e+150,1.0,1.0,1.0,12,0.0015186984224992,0.0507631261151612,0.0078255179470924,0.0063068195245931,1.2686575658567658,0.1422156113812506,0.2379593066568122,0.1099040968448178,0.1114191766290434,-0.0891945584373458,5.749185758779239,28906.343590265355,1.7490582376131891,1.8788701417790303,21.573072016397187,-0.2964367639068401,1.7083621672251863,17.00957849694964,0.5355351145896429,1.3176377713756109,3.3179531972094174,-0.2653300962092654,0.0021514446830538,4.839435231934889e+23,-6.141615716890515,13.376969356051108,44.69466342626092,0.0709229754479557,0.3992551233137784,31.90316730706642,-0.918154659624256,2.070479095142322,8.172068090518549,0.1967317790427948,5.449598184258196e-05,0.0043705717449743,-9.81738358667214,2.203754481957027,6.836326759636785,-0.1891359461798357,0.0299677566602686,0.0317788543274319,0.0558342783702332,0.0645002190827581,0.0840376464347282,0.7373817243082446,0.0646488561594005,0.762931567504204,5,0.0558342783702332,0.7373817243082446,4,0.0558342783702332,0.7373817243082446,4,0.0558342783702332,0.7373817243082446,4,0.0558342783702332,0.7373817243082446,4,0.0558342783702332,0.7373817243082446,4,0.0558342783702332,0.7373817243082446,4,0.6,10.0,161,0.7339952573579056,0.0029735318520512,0.2464210443507408,0.0149584299704082,3,0.6215290345131468,0.0016345041433275,0.3565724636531151,0.0641781984959384,3,0.4281846625603249,0.001910319334287,0.000726767442299,2.6285152899032895,176.2407658169279,0.0015186984224992428,0.01086835618111101,0.1397357978696641
6,2.0,0.009827704,2000,0.0015,0.6,1.3185252797811354e-05,2,2,2,2,0.2985,0.009,0.0872286172161769,0.0,0.0454694604219602,0.1211920705964884,0.4418615871299342,0.0422825361513828,0.045635200519857,0.46155192290182,5,3045.9304973591225,0.01,0.0195676802627934,0.021089704756531,2.2082117439785054,0.9299106644107396,,6.825870725098816,44.710170906774266,3.413072405274173,inf,inf,1.0,1.0,1.0,12,0.0778298766774279,0.4496430825079249,0.0842250001616205,0.0063951234841925,1.43063071946774,0.2138194264964605,0.3581154095971673,0.1449888857185297,0.1478795637967563,0.0336718723158408,5.196203237173296,1376.715238929234,1.647928212203017,1.186531204110453,24.615417196702065,-0.6860024232275769,2.6332475615578304,20.633810756599747,0.9682178987140836,0.9829824190334824,3.67591884107406,-0.4221650007985483,0.010164384595824,2.7290900410011225e+42,-4.588865375217656,15.662129783673496,44.710170906774266,0.0183250369352486,0.2369273928145863,4.818742733313038,-1.4400015442167686,1.8557433487837935,3.427146717048641,0.5007028159684559,1.3930175585208222e-05,0.0089317878219281,-11.181453165427287,2.054272504088092,28.622316447469885,-0.0267532178273169,0.2637161592179791,0.0543905921495257,0.0454694604219602,0.0606576596199182,0.0339654057882699,0.0422825361513828,0.0454694604219602,0.0422825361513828,5,0.0454694604219602,0.0422825361513828,5,0.0337704530454635,0.0306330197289617,4,0.0337704530454635,0.0306330197289617,4,0.0337704530454635,0.0306330197289617,4,0.0337704530454635,0.0306330197289617,4,0.0337704530454635,0.0306330197289617,4,0.6,10.0,162,0.2818105318773346,0.0010830168093914,0.1233945939858019,0.0124563644397702,2,0.168776684365579,0.0003491693090142,0.1974922510355097,0.0003702705181811,3,0.9569634643781774,0.0014582208490307,0.0043434694467369,0.3357272030832982,93.16502067683172,0.07782987667742798,0.230084430058404,0.33826659482204796
10,2.0,0.009827704,2000,0.0,0.6,1.3185252797811354e-05,2,2,2,2,0.518,0.0,0.2904932325835018,0.0,0.0514709022371742,0.0356444537872711,0.7593606052413996,0.3792687161177815,0.1629433221704316,0.9910481286893416,4,3352.6141274122306,0.01,0.0336637983776801,0.0846917540047428,0.1049789727455851,7.368604388750333,,6.590626238020912,44.5952614192228,2.4779765114074053,3550.7607808805274,34.641568593956364,0.9,0.9,1.0,12,0.0021912627650775,0.0608784157440964,0.008512159288121,0.0063208965230435,1.2748591640289355,0.1534694010817462,0.2428357129241317,0.1178916370880174,0.1195414296275381,1.0192558767374966,5.638177596053019,59125.64633335187,1.7295608920278476,1.8536666871455152,23.623492425709063,-0.483148328278411,1.7642150602289592,81.93740814049242,0.5677058663829887,1.4067618022852368,9.004131558720731,-0.0102851395038094,0.0018585789144765,2.223505381151111e+30,-6.287943107747449,14.63831453602432,44.5952614192228,0.1356772895139385,0.3815528312682085,8.75066740681854,-0.9635059548357914,2.0564955208746785,3.226877900933821,0.2201222061875751,5.409173754556532e-05,0.0089286955936835,-9.824829109365869,2.191641776300421,12.08125516474987,-0.6440753553360189,0.0268903773870217,0.0285720817376175,0.0514709022371742,0.0486789603864859,0.0608822900070274,0.3792687161177815,0.0606867584948074,0.3804304558918766,5,0.0514709022371742,0.3792687161177815,4,0.0514709022371742,0.3792687161177815,4,0.0514709022371742,0.3792687161177815,4,0.0514709022371742,0.3792687161177815,4,0.0514709022371742,0.3792687161177815,4,0.0514709022371742,0.3792687161177815,4,0.6,10.0,163,0.6086389686202062,0.0016446726100665,0.3348293561556755,0.1389741440688704,3,0.611155551879744,0.0015857722052204,0.4016143971157146,0.0281510738480248,3,0.5306290601806531,0.0014582208490307,0.0033563817116591,0.4344621602380047,449.7254478350526,0.002191262765077589,0.012905917779372644,0.16978744189582978
6,10.0,0.009827704,2000,0.001,0.6,1.3185252797811354e-05,2,2,2,2,0.495,0.0005,0.3421875735205667,0.0,0.0578414122893268,0.0463707542766431,0.4346130488041356,0.0733419961927929,0.0510393186314236,0.5813455137775512,5,2871.8455494977834,0.01,0.0257973979474873,0.0323119069984907,0.217258965717129,1.267984187971259,,7.626417858753277,33.98789436480418,3.4934911728664892,3.961418230427754e+153,9.70143240104756e+151,1.0,1.0,1.0,12,0.0052926937054239,0.1472549688368592,0.0114574184244419,0.0061647247190179,1.3102987400383557,0.1995000172823723,0.270255157045368,0.1495006617757419,0.1505608979537786,0.6203470854065355,6.151063597172504,267680.507999656,1.8166250094952496,1.862029306831289,33.46716016081734,-0.5277360968176065,2.1736116073407445,77.98831554331201,0.776390119261466,1.3323958920597263,6.9480099748976665,-0.1674824994534043,0.0108747224708591,1.270655509054221e+31,-4.521314222254023,15.795171325200144,33.98789436480418,0.0138939900864962,0.3722021735587943,4.550984122282916,-0.9883180950307094,1.6672651107355068,2.9667754507889543,0.2863926487696219,2.5975962757217052e-05,0.0029732501202816,-10.558338956902936,1.8893499253786084,13.466831614561254,-0.3588920184634456,0.0401347303127571,0.0411361202278454,0.0578414122893268,0.0388403078590703,0.0409356518424076,0.0733419961927929,0.0578414122893268,0.0733419961927929,5,0.0578414122893268,0.0733419961927929,5,0.0458767599416767,0.0642981626414321,4,0.0458767599416767,0.0642981626414321,4,0.0458767599416767,0.0642981626414321,4,0.0458767599416767,0.0642981626414321,4,0.0458767599416767,0.0642981626414321,4,0.6,10.0,164,0.2818105318773346,0.0010830168093914,0.1233945939858019,0.0124563644397702,2,0.2626194558086826,0.0006760926507735,0.35359072156318,0.0016486683908094,3,0.5944302783081878,0.0014582208490307,0.0043434694467369,0.3357272030832982,93.16502067683172,0.0052926937054239434,0.025761585604883855,0.20544906616386843
10,10.0,0.009827704,2000,0.001,0.6,1.3185252797811354e-05,2,2,2,2,0.414,0.0,0.1670164712771808,0.0,0.0322600540494245,0.0245757225992718,0.6511035224393111,0.0323643996444355,0.0205500409943302,0.6946878206852927,4,1913.3239740594183,0.01,0.0222502177687345,0.0250671564703668,0.6159006145307914,1.0032345139549694,,6.705103349142241,44.710177812192846,2.490035379708079,inf,inf,1.0,1.0,1.0,12,0.018550224974119,0.2767645246993132,0.0248621275205719,0.0063119025464529,1.3233980415537347,0.1674700787182602,0.2802027027350737,0.1230071057423453,0.1255803322372049,0.6730891976488629,5.404826040975676,33854.393623917946,1.6872922657398663,1.700064664390709,25.146349622203967,-0.5019381630978026,2.6629054007098536,61.89367547950431,0.9794177826220924,1.2674483728478594,6.660469426494363,-0.3362509012234103,0.0003001588585219,6.506381726910904e+46,-8.111198695052297,20.19717172252222,44.710177812192846,0.1886077159188209,0.2848320445782035,14.033358462655723,-1.2558555896986223,2.173792075112295,4.287645934507446,0.3427328558524367,3.5542767149307884e-05,0.0051462716441369,-10.244773878130616,2.307939123942462,8.273736874921827,-0.4296637102720783,0.0197272756210099,0.021739838127381,0.0322600540494245,0.012760783836542,0.0165249395020131,0.0323643996444355,0.0438308950889854,0.0433252207766138,5,0.0322600540494245,0.0323643996444355,4,0.0322600540494245,0.0323643996444355,4,0.0322600540494245,0.0323643996444355,4,0.0322600540494245,0.0323643996444355,4,0.0322600540494245,0.0323643996444355,4,0.0322600540494245,0.0323643996444355,4,0.6,10.0,165,0.6086389686202062,0.0016446726100665,0.3348293561556755,0.1389741440688704,3,0.5094713255915133,0.0013549250260729,0.5588292952990371,0.0015186916731071,3,0.9181984027433416,0.0014582208490307,0.0033563817116591,0.4344621602380047,449.7254478350526,0.018550224974119015,0.06280700738979497,0.29535279175127677
6,50.0,0.009827704,2000,0.002,0.6,1.3185252797811354e-05,2,2,2,2,0.462,0.0005,0.2729414623093565,0.0,0.0548282734100205,0.0445100614578996,0.470541062004134,0.0635288003263845,0.0458481851712847,0.5592172105886561,5,2864.58662149588,0.01,0.0255898176989809,0.0306324175604901,0.3107191175100601,1.1586868667429864,,7.332860416779754,44.12678649307224,3.499026478565501,6.680648838246806e+19,1.3361297676493612e+18,1.0,1.0,1.0,12,0.0088871446866846,0.1841992620236098,0.0151094229556632,0.0062222782689785,1.3325451794566003,0.1929605295344809,0.2870907822666395,0.1414542189506464,0.1433558886915713,0.5366165473236412,5.411528003600122,7712.1006869061075,1.688531493571075,1.652145079778193,18.139177327796205,-0.5172466831651927,2.2020936795186317,20.72665069510541,0.7894085803195562,1.1446986057579616,3.654721498757042,-0.2063175879954189,0.010492313546579,5.412965303553656e+27,-4.5571123330760575,15.945456719230531,44.12678649307224,0.0160080748468641,0.387678629188638,3.176259533307678,-0.9475785578553824,1.6409033123041374,2.263145206952933,0.2661661603181897,2.6666121691846397e-05,0.0005163124293373,-10.532116648723092,1.8905447355913825,3.354373910156635,-0.3725354408301918,0.0387608839380983,0.03994102702558,0.0548282734100205,0.035847903257872,0.0381678519295978,0.0635288003263845,0.0548282734100205,0.0635288003263845,5,0.0548282734100205,0.0635288003263845,5,0.0422574536957051,0.0530123247443366,4,0.0422574536957051,0.0530123247443366,4,0.0422574536957051,0.0530123247443366,4,0.0422574536957051,0.0530123247443366,4,0.0422574536957051,0.0530123247443366,4,0.6,10.0,166,0.2818105318773346,0.0010830168093914,0.1233945939858019,0.0124563644397702,2,0.2554958329944413,0.0006519039513564,0.3355576887302287,0.0012682768096501,3,0.6989383455990392,0.0014582208490307,0.0043434694467369,0.3357272030832982,93.16502067683172,0.008887144686684667,0.03456203610320733,0.25713602810165304
10,50.0,0.009827704,2000,0.0005,0.6,1.3185252797811354e-05,2,2,2,2,0.4095,0.0005,0.1776253331483729,0.0,0.0250714942069885,0.0198885926576694,0.5964828169680855,0.0243997820540561,0.0155582119793934,0.6306501308695825,4,1893.6626629790312,0.01,0.0205637667362927,0.02283501325321,0.736221719081425,0.9732081324157712,,6.802664093961276,36.57698481678144,2.520370138056175,5.205354693646709e+55,3.7341138404926173e+53,1.0,1.0,1.0,12,0.0211549899669736,0.3039684549792358,0.0274053272299246,0.0062503372629509,1.321956849790401,0.174067910615579,0.2791131007987625,0.1267141721853433,0.1306022958195472,0.6619966385672985,4.974068485440935,2695.539423732147,1.6042381139717763,1.5774311113387691,13.88151528206695,-0.4883086034545952,3.120732745396877,35.81138165793601,1.1380678285413093,1.279105016614433,3.928789530141803,-0.4572186770804786,0.0001444729396492,5.063173905387016e+40,-8.842418336812095,22.286167124301556,36.57698481678144,0.2037390298223931,0.2569041505444436,15.302733614448726,-1.359052218731946,2.149469449448888,4.862831913267715,0.3946213774675587,3.0224036136409644e-05,0.0076425172522764,-10.40687305158614,2.2831985259282632,14.504759988376938,-0.3633229893061644,0.0163803840127779,0.0182138997532419,0.0250714942069885,0.0093235376579983,0.0129513162261257,0.0243997820540561,0.0359854935890182,0.0348557779184236,5,0.0250714942069885,0.0243997820540561,4,0.0250714942069885,0.0243997820540561,4,0.0250714942069885,0.0243997820540561,4,0.0250714942069885,0.0243997820540561,4,0.0250714942069885,0.0243997820540561,4,0.0250714942069885,0.0243997820540561,4,0.6,10.0,167,0.6086389686202062,0.0016446726100665,0.3348293561556755,0.1389741440688704,3,0.5116461705716692,0.0015764809159859,0.5590015214060247,0.0016212135181702,3,0.8919804665737951,0.0014582208490307,0.0033563817116591,0.4344621602380047,449.7254478350526,0.02115498996697366,0.07327090362962874,0.2887229298263924
6,2.0,0.009827704,2000,0.001,0.6,2.0531589320912015e-06,0,1,2,2,0.914,0.001,0.5496157928737497,0.0009355779017703,0.0443120670002883,0.0339316008437737,0.4334435630532941,0.0715818355069847,0.1385868963871133,0.9804627325453036,5,1687.7136302260828,0.01,0.0285712654273391,0.0173723780130101,0.008367548751136,1.615402763913474,,9.542973724691844,44.30761710395827,2.984627536958791,204124355.02704844,55670278.64374048,1.0,1.0,1.0,12,0.0026092005137109,0.0120158510800476,0.0033245991328702,0.0059337996465812,1.186046859668946,0.2460017535698949,0.1706258104770864,0.196784337319816,0.2033714528901756,0.2572182833182238,10.53467484304836,113596692494.22308,2.3546721823325987,3.131891832157018,44.30761710395827,-0.1459757514806019,2.579610222962131,11538592.790940303,0.9476383111490746,2.7022595106229095,35.05020445996954,-0.1927251629383974,0.0174474489105706,8.945251329665388e+27,-4.04856183525776,12.083449138590732,40.71434685841963,0.0046628638921055,0.2196116017172821,6.229044966995704,-1.515894739607112,2.121188945239551,3.3220840484332874,0.4738234743758842,7.60868471527069e-06,0.0013806816276083,-11.78622023739251,2.409357017379074,7.991185244007077,-0.5436764919117256,0.0286268041835766,0.0288559313474562,0.0443120670002883,0.1542263456065774,0.1899525080477778,0.0715818355069847,0.0443120670002883,0.0715818355069847,5,0.0443120670002883,0.0715818355069847,5,0.0349218654625106,0.0319966389520909,4,0.0349218654625106,0.0319966389520909,4,0.0349218654625106,0.0319966389520909,4,0.0349218654625106,0.0319966389520909,4,0.0349218654625106,0.0319966389520909,4,0.6,10.0,168,0.1863704870216063,0.0027759273134301,0.1008297946857236,0.0107683809685114,3,0.2747884972744527,0.0006935849775441,0.0954355492275644,0.0010769017270425,2,7.146514476508119,0.0009355779017703,0.0013652277278511,0.6852907267294638,9.503418769947148,0.002609200513710948,0.0015730194000138577,1.6587211280979508
10,2.0,0.009827704,2000,0.0005,0.6,2.0531589320912015e-06,0,1,2,2,0.842,0.0,0.9562845059995708,0.0009355779017703,0.9430391831201962,0.940999613599208,0.5088451983121556,0.9462771766265308,0.9424051918066562,0.7783668328543354,4,56.23964506430086,0.01,0.0224488115467356,0.0306870517180557,0.0596374399648865,1.0034335726068362,,8.21117761318242,44.685633407391855,2.230154813351005,158113890.24762917,20014416.487041667,1.0,1.0,1.0,12,0.0010310406474108,0.0815409945600875,0.0049289292874329,0.0059599699348438,1.259806175337358,0.1911578884575106,0.2309578800331425,0.1441073191825886,0.1501302332570607,-0.0674187833195954,11.885602527836564,15798712.384492625,2.4753277960215856,3.0788798093723604,28.545137884620143,-0.1876773090281366,2.4031917526063187,1108.6277005058876,0.8767977507435402,1.894969228365726,15.733950040502704,-0.2374459898059409,0.0006171286521654,4.559402903425241e+28,-7.390433043370872,16.481809824421866,44.685633407391855,0.2061797049592361,0.146357631425077,16.484740175393778,-1.9217021221741803,2.2371483111838315,7.261563096430873,0.6306584553893954,8.559231851873225e-06,0.0008403358745942,-11.66850010876792,2.28321479076149,6.580286964638028,-0.6252722719617647,0.9399433565988576,0.9400163010785708,0.9430391831201962,0.9403998122343536,0.9405385865590836,0.9462771766265308,0.9489517699320266,0.949491880105974,5,0.9430391831201962,0.9462771766265308,4,0.9430391831201962,0.9462771766265308,4,0.9430391831201962,0.9462771766265308,4,0.9430391831201962,0.9462771766265308,4,0.9430391831201962,0.9462771766265308,4,0.9430391831201962,0.9462771766265308,4,0.6,10.0,169,0.4415315226640814,0.0009760161559715,0.3275163444454159,0.0299732316825643,3,0.3989642973728764,0.0008221654099069,0.3644942107582985,0.0021275146005957,3,0.5188847628377733,0.0009355779017703,0.0008548494504067,1.0944358697606122,31.250679576517506,0.0010310406474108936,0.007245423391349366,0.14230233234429046
6,10.0,0.009827704,2000,0.001,0.6,2.0531589320912015e-06,0,1,2,2,0.9005,0.001,0.1992025677313607,0.0009355779017703,0.0444001390215776,0.0351891411789824,0.3708280018832275,0.1199765629387544,0.0625332499169289,0.928881513053415,5,1794.9035794316453,0.01,0.0230272221299809,0.0420638403055519,0.0261608884548325,2.7021663801648934,,9.226481614522324,44.50574849193475,3.435249450384899,1.2124576443524547e+111,1.966147531382359e+110,1.0,1.0,1.0,12,0.0020907450761806,0.0476666669666409,0.0038544318603359,0.0059451769365166,1.2158581331930574,0.2517077037030741,0.1954501099558517,0.1966775149312144,0.2029931031817373,0.1311396981987118,9.321749360955312,147295060.08753476,2.232350310757437,2.7301190147432775,41.07120986859096,-0.1226534046214121,2.968599337072984,17191.629599879878,1.0880902378954878,2.4644456643401913,16.098857773957082,-0.268314023230893,0.0294957178890636,1.655480494100628e+43,-3.5235101824754853,12.104136417774503,44.50574849193475,-0.0387229751817374,0.2397281147355985,10.4046716375779,-1.4282498530740475,2.1015656819695345,4.918770426105154,0.4365432102261348,8.504910460380025e-06,0.0029366974371252,-11.674866860051935,2.3558159346909027,12.60175561965122,-0.6033001676332604,0.0305129615001497,0.0306543230152198,0.0444001390215776,0.0335837230703924,0.03403946374164,0.1199765629387544,0.0444001390215776,0.1199765629387544,5,0.0444001390215776,0.1199765629387544,5,0.0314321937013604,0.1160518918254994,4,0.0314321937013604,0.1160518918254994,4,0.0314321937013604,0.1160518918254994,4,0.0314321937013604,0.1160518918254994,4,0.0314321937013604,0.1160518918254994,4,0.6,10.0,170,0.1863704870216063,0.0027759273134301,0.1008297946857236,0.0107683809685114,3,0.2418801472191661,0.0006784135892539,0.4070178220108522,0.0101310759733539,3,2.025361654808577,0.0009355779017703,0.0013652277278511,0.6852907267294638,9.503418769947148,0.0020907450761806605,0.004402103358296048,0.4749422959914188
10,10.0,0.009827704,2000,0.0015,0.6,2.0531589320912015e-06,0,2,2,2,0.5625,0.0025,0.675102936942962,0.0037734032726043,0.9857045834812324,0.9854022372349,0.3313025307024367,0.9858145725457792,0.9857059452265536,0.3743863100965192,4,37.52578470401558,0.01,0.0167349713284571,0.0181899347286199,0.3503465200947974,1.0001115842072663,,8.136165184730789,44.71017779396371,2.436700975721787,inf,inf,1.0,1.0,1.0,12,0.0057481543915841,0.2860741916824503,0.011709641511147,0.0059614871195629,1.3001397567568138,0.2012875977457948,0.2624717638867705,0.1469974362066169,0.1531152703898498,-0.280477163713355,8.986241208085854,21706270.84580164,2.195694652941378,2.802191386732402,27.594181702081215,-0.1064176900178075,3.241813722890602,516.9718642152085,1.176132964195314,1.7809482903637996,12.297151668299437,-0.4207242072030145,0.0001696300356809,5.8017752246370945e+44,-8.681890753110878,21.155171669215235,44.71017779396371,0.2216797135878554,0.1412177016313789,7.400210554407653,-1.957452596119289,2.212603865385937,4.441663973087148,0.65381200629014,6.493044437025347e-06,0.0019386785819839,-11.94477904062562,2.3067970963373305,14.19074174411944,-0.4991128043149211,0.9852232124830268,0.9852789157404408,0.9857045834812324,0.985637173514749,0.9856660896191328,0.9858145725457792,0.9905222397543252,0.9904252686439762,5,0.9857045834812324,0.9858145725457792,4,0.9857045834812324,0.9858145725457792,4,0.9857045834812324,0.9858145725457792,4,0.9857045834812324,0.9858145725457792,4,0.9857045834812324,0.9858145725457792,4,0.9857045834812324,0.9858145725457792,4,0.6,10.0,171,0.4415315226640814,0.0009760161559715,0.3275163444454159,0.0299732316825643,3,0.3687060765953834,0.0009335819714932,0.4078228821614399,0.0009574610141363,3,0.5477545953227333,0.0009355779017703,0.0008548494504067,1.0944358697606122,31.250679576517506,0.005748154391584159,0.03636133323959862,0.1580842581790769
6,50.0,0.009827704,2000,0.0,0.6,2.0531589320912015e-06,0,1,2,2,0.855,0.002,0.0930599599654357,0.0009355779017703,0.0418027056312086,0.0325254033403849,0.3687535756482037,0.0816945954986051,0.0472086823437602,0.817628026663747,5,1969.9163917056296,0.01,0.0227721453922307,0.0341125861272708,0.0440476095289416,1.954289662954601,,9.086469524346317,44.69105030396205,2.788394408889189,3.152028902400513e+39,5.40347811840088e+38,1.0,1.0,1.0,12,0.0015158475885479,0.0645280050049575,0.0044370417298233,0.0059528893183712,1.245765915229445,0.2531216704324842,0.2197505337184353,0.1941686459008887,0.1993428926739872,0.0076830436811613,7.865202879056797,1442338.9162911973,2.0624483313532407,2.486143348575703,25.62855823344367,-0.0663503224261885,2.7998825965927328,893988.5584544062,1.0295774865137703,2.263532804515102,31.419837206265512,-0.2662795867809163,0.0098010234198143,7.174595867827296e+36,-4.625268468164804,12.897072736242205,44.69105030396205,0.0490847903655324,0.225299878235072,14.569722246300657,-1.490322972000933,2.111263142477915,6.392373408685608,0.4639390176088334,8.295614819565797e-06,0.001649789490199,-11.699783517771904,2.3907553273896203,8.245832424676768,-0.5840612272594115,0.0277855177134728,0.0279879866764733,0.0418027056312086,0.0296954545428792,0.0302359969897963,0.0816945954986051,0.0418027056312086,0.0816945954986051,5,0.0418027056312086,0.0816945954986051,5,0.0308160715957273,0.0764245728194054,4,0.0308160715957273,0.0764245728194054,4,0.0308160715957273,0.0764245728194054,4,0.0308160715957273,0.0764245728194054,4,0.0308160715957273,0.0764245728194054,4,0.6,10.0,172,0.1863704870216063,0.0027759273134301,0.1008297946857236,0.0107683809685114,3,0.2006684895019198,0.0004246865918841,0.2437849175559361,0.0012614000635251,2,0.8628060378663858,0.0009355779017703,0.0013652277278511,0.6852907267294638,9.503418769947148,0.0015158475885479195,0.007180580336937468,0.2111037712022078
10,50.0,0.009827704,2000,0.0005,0.6,2.0531589320912015e-06,0,2,2,2,0.5225,0.0235,0.0735613386932606,0.0037734032726043,0.9825349295877448,0.982113734096925,0.3555670324990285,0.9825230799977892,0.982629601944932,0.3984450583001663,4,36.85423257607743,0.01,0.0138727215459001,0.0147558949956349,1.2834955699580275,0.9999879397774076,,8.34170191472486,44.66480820833564,2.5361878111381344,3705527.386652904,336866.12605935486,1.0,1.0,1.0,12,0.0259438693255993,0.3785880842194079,0.0318919716930685,0.0059481023674692,1.3350050697098137,0.2205622870277273,0.2889350893804432,0.1555257246113581,0.1631715933567589,-0.4352511434567898,7.626008671115121,82400289348.37195,2.0315645984810304,2.5283855140390825,44.66480820833564,-0.0530269925844224,4.087289149578357,182.86066639715483,1.4078819506918476,1.715029014516115,6.376603283886942,-0.5720235842809931,6.0894340653587726e-05,2.53661546574774e+39,-9.70637031607906,24.617178086032716,39.461638123264855,0.2321205111134904,0.1089154729859834,13.621771739028675,-2.217183174783783,2.3182162570372005,6.186699671874071,0.7360648713587251,3.7172920131115514e-06,0.0003542791511007,-12.502515108230634,2.3840899907716064,6.749654765592964,-0.2489905592621133,0.9814760252411968,0.9823302474618336,0.9825349295877448,0.983354900796778,0.9820108250402289,0.9825230799977892,0.9865242782996666,0.9864176838930176,5,0.9825349295877448,0.9825230799977892,4,0.9825349295877448,0.9825230799977892,4,0.9825349295877448,0.9825230799977892,4,0.9825349295877448,0.9825230799977892,4,0.9825349295877448,0.9825230799977892,4,0.9825349295877448,0.9825230799977892,4,0.6,10.0,173,0.4415315226640814,0.0009760161559715,0.3275163444454159,0.0299732316825643,3,0.3752275305215682,0.0011171916109449,0.4032687664083861,0.0010436466882832,3,0.7033114085733924,0.0009355779017703,0.0008548494504067,1.0944358697606122,31.250679576517506,0.025943869325599313,0.14141992835525852,0.18345271156145812
6,2.0,0.009827704,2000,0.0005,0.6,1.5571549070262609e-06,0,1,2,1,0.939,0.9975,0.0294543825735759,0.0017807867488581,0.0373175330329739,0.0300083261657014,0.3770502716007764,0.9463668480710092,0.3369036872974231,0.9996744739782972,5,1475.8612702221894,0.01,0.0238325874174255,0.126291118294192,0.0071231936800959,25.359844854556595,,9.92657954700902,44.71007990269789,2.909297333790361,inf,inf,0.8333333333333334,1.0,1.0,12,0.002707609539662,0.0212595663712305,0.0032122551171281,0.0059198646567902,1.1759503840566452,0.2828981921436501,0.1620766581583712,0.224212181034632,0.2344641691320172,-0.0262112357256807,11.40582969447986,524646358.9631028,2.434124601400699,3.354246765502165,27.166287343989502,-0.3653411538033293,3.5070124189639778,131758905125.25175,1.2547645123448072,3.2159573182836207,44.70771637436965,-0.1724807789836246,0.0216860558933048,3.2259445072560656e+34,-3.831085810544299,11.145767734138616,44.71007990269789,0.0204539069618712,0.2444989908640688,7.083263857193398,-1.4085440974210497,2.2480569688373473,3.2512175371858087,0.3993308381857164,4.993695990955667e-06,0.0239508486902481,-12.20733424281834,2.5009773723314264,32.34622471189221,-0.4659442142223565,0.0263295982105196,0.0263778472536108,0.0373175330329739,0.0320060697228214,0.0323381440984387,0.9463668480710092,0.0373175330329739,0.9463668480710092,5,0.0373175330329739,0.9463668480710092,5,0.0247131653857697,0.8979425101114934,4,0.0247131653857697,0.8979425101114934,4,0.0247131653857697,0.8979425101114934,4,0.0247131653857697,0.8979425101114934,4,0.0247131653857697,0.8979425101114934,4,0.6,10.0,174,0.1166658127924213,0.00056370138782,0.0310644055797542,0.0007608842850574,2,0.2490114788778261,0.0005123570866515,0.222581892213991,0.0251724867390921,2,9.652316196276113,0.0017807867488581,0.0002343400724744,7.599155919234011,4.111608380925129,0.002707609539662064,0.0014872150676989784,1.820590443486618
10,2.0,0.009827704,2000,0.0005,0.6,1.5571549070262609e-06,0,0,2,2,0.37,0.0,0.183230558506904,0.0,0.0303309265059899,0.0373133329740683,0.9120398726834672,0.0367069926616226,0.1038620593570215,0.9875143517889394,5,2719.035719189834,0.01,0.0444831469963355,0.00093474397839,0.0135560179141541,1.2102166629948992,,8.207940752065493,44.709595212434415,56.67870614355685,inf,inf,0.9,1.0,1.0,1,0.0011085372258633,0.0021443135024843,0.0032528507283477,0.0059713783808597,1.1809233455433354,0.1615425689934634,0.1662966287101832,0.1325289027960955,0.1355816688578706,-0.0761860142841027,12.899445417183532,1008506701.0652736,2.5571843195274853,3.5226100559901763,31.351736302606,-0.3828139022323262,0.9636038205666791,306.3750480454142,-0.0370750433606556,2.101365487898231,15.056616332503026,0.350795107521779,0.009800765040729,1.4919485718546606e+18,-4.625294830972043,9.08502285137426,44.709595212434415,0.1125130374906893,0.2000296619097197,9.962699752867174,-1.6092896138822754,2.026162652489436,6.029361600998816,0.5421400837522405,1.6389239048318482e-05,0.0008227142623963,-11.01888559408875,2.0902773602977622,5.747162458018168,-1.1260537141985565,0.0303309265059899,0.032746385399624,0.048862687016591,0.2091271611349731,0.0657520242744686,0.0367069926616226,0.0303309265059899,0.0367069926616226,5,0.0303309265059899,0.0367069926616226,5,0.0213651857311479,0.0064544541047848,4,0.0213651857311479,0.0064544541047848,4,0.0212541308460671,0.0064330648107993,3,0.0212541308460671,0.0064330648107993,3,0.0212541308460671,0.0064330648107993,3,0.6,10.0,175,0.3675597850304534,0.0008029175773437,0.0224923819676597,0.000407692841686,2,0.5119598514405508,0.0018337534535722,0.1224562505461484,0.0176906637034392,3,1.6830175924902313,0.0017807867488581,0.0001569896741932,11.343336802302336,9.325457369944097,0.0011085372258633581,0.0038492033762120314,0.2879913367825891
6,10.0,0.009827704,2000,0.0015,0.6,1.5571549070262609e-06,0,1,2,2,0.88,0.006,0.1563552386043175,0.0017807867488581,0.0441418987782745,0.0375480967563369,0.2676103465320731,0.0463186275118439,0.0372990713121616,0.3322130346649021,5,1215.570962230176,0.01,0.017744099978504,0.0203786195149404,0.0592853745218467,1.0493120775004054,,9.40378593417526,43.46180145552024,2.821190355700524,4.891623218997224e+66,1.276075622347102e+66,1.0,1.0,1.0,12,0.0014446683487537,0.1423450823748439,0.0044830402262152,0.005927708574969,1.2457406424065705,0.2893361336000036,0.2197302465369326,0.2175678000998423,0.2267150603037945,-0.2920030752669966,10.456583201441497,13157706.290224751,2.3472317514919254,2.7960200385331366,38.95618647979561,-0.4072043539924649,3.401567488619999,53592.34604322582,1.2242363514469567,2.5215403668495333,15.806439403636109,-0.207873992194976,0.0222301864619741,4.118529853716893e+23,-3.806304163188121,10.738308596049082,43.46180145552024,0.018922239669223,0.1987973589290313,12.044079242030154,-1.6154692699131452,2.25303888402053,4.764747097896127,0.4902905378072865,4.568478350072416e-06,0.0012618404403296,-12.296330373476518,2.452957316486639,9.950775182899957,-0.4387845636964811,0.0342094633484573,0.0342929281422789,0.0441418987782745,0.0327380054939178,0.0328405809307231,0.0463186275118439,0.0441418987782745,0.0463186275118439,5,0.0441418987782745,0.0463186275118439,5,0.0275196810793755,0.0308842832614472,4,0.0275196810793755,0.0308842832614472,4,0.0275196810793755,0.0308842832614472,4,0.0275196810793755,0.0308842832614472,4,0.0275196810793755,0.0308842832614472,4,0.6,10.0,176,0.1166658127924213,0.00056370138782,0.0310644055797542,0.0007608842850574,2,0.1416473012133217,0.000251274118682,0.1775918329423118,0.000361335098087,2,0.6661182980955497,0.0017807867488581,0.0002343400724744,7.599155919234011,4.111608380925129,0.001444668348753752,0.010058520444854608,0.14362632721920507
10,10.0,0.009827704,2000,0.0,0.6,1.5571549070262609e-06,0,1,2,1,0.9025,0.9985,0.1873261440130022,0.0017807867488581,0.9438557910823324,0.943689461088271,0.3539171835229855,0.9447431069348994,0.94376334111163,0.8214663803019525,5,42.768109701436146,0.01,0.0199615039880797,0.028988822076522,0.0197900353319159,1.0009400968463091,,8.931786492331746,44.71017767753073,2.105796483171081,1.9326598519923297e+131,7.157999451823443e+130,1.0,1.0,1.0,12,0.0023871192743953,0.0519165992438353,0.0035279328813501,0.0059150521557455,1.235320870051151,0.2180407892910248,0.2113307501407787,0.1661702384814789,0.1740200060020633,-0.3317740337612866,16.995209594423642,181184716.85298064,2.8329315157830437,3.613642428273246,25.64872969778749,-0.4494775922276649,2.7613496172962337,953.682046128124,1.015719551985539,2.138898660459255,14.255604592570036,-0.1475740150347307,0.0010650955815321,9.407267869938296e+29,-6.844690735930352,13.450464508305704,44.71017767753073,0.2410012992218272,0.1220426841388214,19.611017663646734,-2.1033844254487737,2.295338668718814,7.816652588420116,0.693823017660265,2.8875670021654662e-06,0.0005534052580399,-12.755096278172427,2.2829344306852044,10.562245149165673,-0.2705088209648747,0.9436066543188358,0.9436059378636448,0.9438557910823324,0.9432736084057002,0.9432733079942904,0.9447431069348994,0.9438557910823324,0.9447431069348994,5,0.9438557910823324,0.9447431069348994,5,0.9425546792196527,0.9443301199371548,4,0.9425546792196527,0.9443301199371548,4,0.9425546792196527,0.9443301199371548,4,0.9425546792196527,0.9443301199371548,4,0.9425546792196527,0.9443301199371548,4,0.6,10.0,177,0.3675597850304534,0.0008029175773437,0.0224923819676597,0.000407692841686,2,0.3196992075272768,0.0006786333130994,0.2987163780721534,0.0024947306056165,3,3.6467456876127775,0.0017807867488581,0.0001569896741932,11.343336802302336,9.325457369944097,0.002387119274395367,0.002656183619643928,0.8987026562250128
6,50.0,0.009827704,2000,0.0,0.6,1.5571549070262609e-06,0,0,2,2,0.4425,0.0005,0.4315603317382889,0.0,0.050230663785121,0.0521187561463214,0.5253755976508849,0.045506471788942,0.0414390589606751,0.7823672392796525,5,876.2024597384283,0.01,0.0442533798096894,0.0001264378905022,0.0018491026665057,0.9059500384787208,,10.635660721106577,44.61563146056712,85.65194484411269,1.951512298922633e+24,7.806049195690533e+23,1.0,1.0,1.0,1,0.0018496795001759,0.0011652008574237,0.0030148803575996,0.0059240313050922,1.002483824673866,0.2231850788549195,0.0024807450797545,0.2124806407434394,0.2176136265395545,0.7234496009194438,12.788890546282298,662833089407196.6,2.548576867987966,4.628517325714182,44.61563146056712,-0.289487227927826,1.8296554278483663,3003320842.380702,0.6041276583311503,4.055966160904407,43.92853466809204,0.023655530340178,0.0657563103535179,1.0958878989690484e+22,-2.7217996375711175,11.196022001556743,32.74687226332223,-0.0787165009677493,0.2547916698789279,13.817592241795731,-1.3673090486014068,1.9972342451432463,6.869903986021241,0.4288347382978039,1.1651159394359905e-05,0.0037138991010721,-11.360104864075058,2.3435949072543667,13.202939701962755,-0.8587428266943684,0.050230663785121,0.0506273414882702,0.055498263165573,0.0414261531982756,0.0373845518948077,0.045506471788942,0.050230663785121,0.045506471788942,5,0.050230663785121,0.045506471788942,5,0.033096973051914,0.0136759091860255,4,0.033096973051914,0.0136759091860255,4,0.0330920661250846,0.0128557863844944,3,0.0330920661250846,0.0128557863844944,3,0.0330920661250846,0.0128557863844944,3,0.6,10.0,178,0.1166658127924213,0.00056370138782,0.0310644055797542,0.0007608842850574,2,0.3786985391617807,0.0022578915536681,0.3112884150690622,0.0173092705564252,3,17.589547660526524,0.0017807867488581,0.0002343400724744,7.599155919234011,4.111608380925129,0.00184967950017593,0.0004309926848835714,4.291672608493584
10,50.0,0.009827704,2000,0.002,0.6,1.5571549070262609e-06,0,1,2,2,0.891,0.002,0.1980849087874851,0.0017807867488581,0.7141809595093271,0.7017985003012849,0.4861383975971058,0.8916023924262882,0.7713226082835597,0.9946709617876622,4,106.8344596009878,0.01,0.0240154679778419,0.0695460952649952,0.0199801625442084,1.2484264394823088,,8.692256315134957,44.71017781221709,2.366844642584125,144.4400859420361,39.03786106541516,1.0,1.0,1.0,12,0.0022663313840267,0.0306357626160149,0.0036635208362946,0.0059298522203213,1.2377321288897398,0.2104733891619386,0.2132807767707859,0.1594974814329206,0.1678321759370985,-0.3578802400468553,12.451279489769483,115095558.82143496,2.521823387892824,3.252759550041073,37.89324897971168,-0.4037012726394701,2.383954181995812,1042.9842396999422,0.8687605300569284,2.056221206253786,17.575252100453206,-0.0820373025211124,0.0016650397301241,1.518831120233797e+45,-6.397906293898009,14.1069266202454,44.71017781221709,0.198115085932005,0.134891524686706,30.599788415473895,-2.003284344378826,2.306256574318855,11.34175148960492,0.6471347278667934,5.146615156299446e-06,0.0010439907073842,-12.17717131057688,2.3385572875454113,10.028970826949475,-0.511203584854282,0.6954412057060597,0.6957733356884677,0.7141809595093271,0.7104198809228912,0.7119455515014996,0.8916023924262882,0.718546110773392,0.9040616904334716,5,0.7141809595093271,0.8916023924262882,4,0.7141809595093271,0.8916023924262882,4,0.7141809595093271,0.8916023924262882,4,0.7141809595093271,0.8916023924262882,4,0.7141809595093271,0.8916023924262882,4,0.7141809595093271,0.8916023924262882,4,0.6,10.0,179,0.3675597850304534,0.0008029175773437,0.0224923819676597,0.000407692841686,2,0.3997879138388902,0.0008664221360058,0.2697779844439623,0.0295846453219013,3,3.2706319398649564,0.0017807867488581,0.0001569896741932,11.343336802302336,9.325457369944097,0.002266331384026734,0.0028126731227702726,0.8057571161324879
6,2.0,0.009827704,2000,0.0005,0.6,1.200219705713929e-06,2,2,2,2,0.25,0.0175,0.044691623825636,0.0,0.0472660252274567,0.0579869818768343,0.413097260606236,0.0423076668953889,0.0453732909553712,0.4461506839889402,5,2753.2335726076244,0.01,0.0161744795658974,0.0176998611661842,4.170867419610757,0.8950967781147903,,6.912018251063805,44.71017680744679,2.2839086841479195,4.256842094566594e+75,1.5573812541097288e+74,1.0,1.0,1.0,12,0.2143334590140169,0.5240728851432249,0.2209892040870529,0.006655745073036,1.4946523690605824,0.2567304636327874,0.4018936507471105,0.1628560623491212,0.1694532096685553,-0.1194332587007124,5.070410414925922,468.3218503469906,1.6234217640163735,1.1051253250595108,15.454784594306911,0.0674015327929478,2.9690507080673245,21.207467460338748,1.0882422748096805,1.041066642978996,3.334859510675815,-0.2728180871207515,0.0034236797726299,5.197341888987776e+32,-5.677039349425059,12.965839470401349,44.71017680744679,0.1131359354599336,0.1830829868764834,7.353291220424918,-1.6978157487324244,2.105257168134925,4.102524186026416,0.5638219135090293,7.397985510474238e-06,0.0014070437173905,-11.814302823129296,2.286937131921676,11.09744422264792,-0.7952571504125413,0.0322735716319638,0.0944213487710823,0.0472660252274567,0.0411187786537004,0.0526934273170244,0.0423076668953889,0.0472660252274567,0.0423076668953889,5,0.0472660252274567,0.0423076668953889,5,0.035925937625383,0.0308049417822971,4,0.035925937625383,0.0308049417822971,4,0.035925937625383,0.0308049417822971,4,0.035925937625383,0.0308049417822971,4,0.035925937625383,0.0308049417822971,4,0.6,10.0,180,0.1083958989562258,0.0002434398412822,0.1432068091600174,0.0003380454000133,2,0.1058664426066025,0.0001815847400575,0.1343033075010703,0.0002181002119506,2,1.4335747618938075,0.007097396885755,0.0131941245728415,0.5379210152649412,65.97503170703375,0.2143334590140169,0.4583761897989613,0.4675929155657522
10,2.0,0.009827704,2000,0.0,0.6,1.200219705713929e-06,2,2,2,2,0.2895,0.0595,0.0131785651875716,0.0,0.0790570722059138,0.0904165625446001,0.5901625790226742,0.0744076770643854,0.0825617652426256,0.6234684511199473,4,1717.0325772687877,0.01,0.0133411031034487,0.0145528266779306,4.142610145061646,0.941189383671856,,7.342192691687394,44.337648904617154,2.85078308751588,902641.4669489244,6503.180597614729,1.0,1.0,1.0,12,0.1647134792643627,0.46332718772168,0.1708345845149181,0.0061211052505553,1.4161889270914645,0.19646047150773,0.3479694094586519,0.1311978192300565,0.1375014346840653,0.2627620738305603,4.519535292749533,12214.119939296388,1.5084091772200932,1.3293590220817235,30.708535954155636,0.1425496983778295,5.013133017213935,92.10853950936352,1.6120610723825426,1.1681818863265596,6.95797750716957,-0.691536666619556,1.056466225530684e-06,3.337387852147904e+51,-13.76058096866378,39.2284314998596,44.337648904617154,0.2434571975374567,0.1679950332191538,9.75111445260619,-1.7838208641876103,2.037055092463059,5.107412525511017,0.6249193971884217,5.8019631013084085e-06,0.0007913359019395,-12.05731423193568,2.3619454907241395,8.586632130368766,-0.6671160295977845,0.0610721254653293,0.1311204899625571,0.0790570722059138,0.0720786891099195,0.1011989295535719,0.0744076770643854,0.0874153851622987,0.0826357518872112,5,0.0790570722059138,0.0744076770643854,4,0.0790570722059138,0.0744076770643854,4,0.0790570722059138,0.0744076770643854,4,0.0790570722059138,0.0744076770643854,4,0.0790570722059138,0.0744076770643854,4,0.0790570722059138,0.0744076770643854,4,0.6,10.0,181,0.3981143229257343,0.0006632811674277,0.4211729241928671,0.000906068836975,3,0.431046121083612,0.0017163499635202,0.4628544032770209,0.0014370494650674,3,1.3231357809069018,0.007097396885755,0.0094950817782046,0.7474813857892889,988.8743977528362,0.16471347926436278,0.4683743194158228,0.3516706028413358
6,10.0,0.009827704,2000,0.0015,0.6,1.200219705713929e-06,2,2,2,2,0.397,0.0325,0.1041822867680027,0.0,0.045340811527701,0.0520888664044152,0.3356386084842354,0.0420723454262358,0.0438958066348418,0.3847423477358918,5,2486.6691249923797,0.01,0.0153412619161061,0.0165409025738509,3.73204261305106,0.9279133744779056,,7.584244462020595,36.41483272657786,2.493309593625992,inf,inf,1.0,1.0,1.0,12,0.1370777810648574,0.4778023063946477,0.1432647926097349,0.0061870115448775,1.4330327938146998,0.2782563006106301,0.3597930333118176,0.1825116634256877,0.1908852586289466,0.1241026835470888,6.1423215326474825,1490.5819176025354,1.815202770477062,1.484980549789753,10.859228756684518,-0.0789868026486808,3.2299721431617807,1065.3458000609896,1.1724735127892574,1.419021537202289,18.24936105711259,-0.2595119513184897,0.0049599677721087,2.4452001359478003e+27,-5.306356035825132,13.230388411317987,36.41483272657786,0.0828561512955654,0.2142921878230409,6.849261122853525,-1.5404148315625994,2.105451502513747,3.7916590028070902,0.4890111249617284,6.412407906858639e-06,0.0009493864491566,-11.95727570907404,2.28092324916488,9.249455176517351,-0.7346719015527847,0.0303266000737123,0.0805991876118323,0.045340811527701,0.0409968939462636,0.048618180532026,0.0420723454262358,0.045340811527701,0.0420723454262358,5,0.045340811527701,0.0420723454262358,5,0.0323348562090854,0.0289470722075173,4,0.0323348562090854,0.0289470722075173,4,0.0323348562090854,0.0289470722075173,4,0.0323348562090854,0.0289470722075173,4,0.0323348562090854,0.0289470722075173,4,0.6,10.0,182,0.1083958989562258,0.0002434398412822,0.1432068091600174,0.0003380454000133,2,0.1196531398415838,0.0002495013093738,0.1403232780076046,0.0002321620062035,3,1.0734511836103429,0.007097396885755,0.0131941245728415,0.5379210152649412,65.97503170703375,0.1370777810648574,0.5044306748479673,0.27174751239339656
10,10.0,0.009827704,2000,0.0,0.6,1.200219705713929e-06,2,2,2,2,0.229,0.056,0.060434354934656,0.0,0.0872781669175956,0.1024300041385745,0.6031830616808346,0.0808912609885146,0.0940975600603021,0.6337564968073781,5,2120.935808806125,0.01,0.0127053446983657,0.0140607041711722,4.357831677785088,0.9268212640727068,,7.3922622095019666,44.71017781221648,3.159435458754649,5.227446417024496e+49,2.5878447609032156e+47,1.0,1.0,1.0,12,0.2176522932032264,0.4873453316287835,0.2238228573385798,0.0061705641353533,1.4442770585463212,0.1974881818614426,0.3676088908655619,0.1278956203859325,0.1355849337112834,0.1159877845016361,4.152888367129285,882.911683960531,1.4238040842317876,1.1264452761562278,18.555106706226734,0.2433361179845596,5.392719279000577,24.85303722956017,1.6850497621541185,1.064067754020003,2.3937758984567115,-0.8277943712883451,8.346967287191706e-07,2.1176182699933402e+86,-13.996197377207055,44.22008228127679,44.71017781221648,0.2213035322512888,0.1561477165209117,8.302512195046686,-1.8569528189852609,1.9246865478220496,5.176661813157827,0.6994007396905902,4.420302740382325e-06,0.0020400579376566,-12.329302370921058,2.3856148259103587,17.04431582685023,-0.5464853524354681,0.0680272937471755,0.1519845517509525,0.0872781669175956,0.0780690681075255,0.1233323510848663,0.0808912609885146,0.0872781669175956,0.0808912609885146,5,0.0872781669175956,0.0808912609885146,5,0.0818174802470375,0.0754685774271,4,0.0818174802470375,0.0754685774271,4,0.0818174802470375,0.0754685774271,4,0.0818174802470375,0.0754685774271,4,0.0818174802470375,0.0754685774271,4,0.6,10.0,183,0.3981143229257343,0.0006632811674277,0.4211729241928671,0.000906068836975,3,0.4020097519388239,0.0017580901177186,0.4342519417453583,0.0013859883125807,3,1.6365084341657008,0.007097396885755,0.0094950817782046,0.7474813857892889,988.8743977528362,0.21765229320322646,0.4732978554273105,0.45986325673654715
6,50.0,0.009827704,2000,0.0005,0.6,1.200219705713929e-06,2,2,2,2,0.295,0.0235,0.0541495686355305,0.0,0.0435352055912996,0.0524285725002301,0.3807042129972836,0.0394995132077237,0.0420231263292395,0.4196653175426146,5,2683.133548742073,0.01,0.0159128578438132,0.0173105981653194,4.032542014657132,0.9073004863819356,,7.107876549603415,43.92722922795341,2.1990876160535344,10.232757470886414,0.4686759146970877,1.0,1.0,1.0,12,0.1802430715245277,0.5024767747539247,0.1866583165570559,0.0064152450325281,1.468346049999471,0.2571417738511119,0.3841366312951098,0.1652053782746674,0.172689632356442,-0.0102503368304742,5.390905149319739,1842.9510211518889,1.6847133020501874,1.249118833507748,20.4116826766259,0.010563929107086,3.0832935484549764,33.72715482977952,1.1259983595691856,1.1256061122878849,4.074142623243791,-0.2858707778409427,0.0020353093519182,2.461507002684447e+23,-6.1971074559561625,13.62798226174622,43.92722922795341,0.1458007829681229,0.1652954139233812,7.220652333962795,-1.8000210185002152,2.0541087010961916,4.451424467843722,0.6276179026193868,7.185550640358688e-06,0.0007304390072388,-11.843438403880755,2.2173326918766967,7.663344541458346,-0.8070811982835802,0.0293349066044839,0.0844156053049067,0.0435352055912996,0.0383722444699086,0.0481976213100862,0.0394995132077237,0.0435352055912996,0.0394995132077237,5,0.0435352055912996,0.0394995132077237,5,0.0318516392938261,0.0276731734902146,4,0.0318516392938261,0.0276731734902146,4,0.0318516392938261,0.0276731734902146,4,0.0318516392938261,0.0276731734902146,4,0.0318516392938261,0.0276731734902146,4,0.6,10.0,184,0.1083958989562258,0.0002434398412822,0.1432068091600174,0.0003380454000133,2,0.1047840804644239,0.0001757829587776,0.1311774142830739,0.0002088064414835,2,1.2602476515013097,0.007097396885755,0.0131941245728415,0.5379210152649412,65.97503170703375,0.1802430715245277,0.46370230632107456,0.388704280887757
10,50.0,0.009827704,2000,0.0,0.6,1.200219705713929e-06,2,2,2,2,0.262,0.067,0.074516724308019,0.0,0.0764569933323193,0.0905271872234341,0.644229382931862,0.0710207846770823,0.0823369943196133,0.6738116879128295,5,2200.2171290791857,0.01,0.0129087049835132,0.0141573091448631,4.39244658754324,0.928898477192157,,7.416065559028121,44.71017780910417,2.705482773114824,4302717239947414.5,21665242900037.336,1.0,1.0,1.0,12,0.1956170089332357,0.4797910929832846,0.2017376777758056,0.0061206688425699,1.435261010453856,0.2034853493689882,0.3613467214898371,0.1330470506123845,0.1404854759299718,0.1585641991660025,4.201719282385838,745554.4867595996,1.4354937944762711,1.2213133104429594,44.47593858451915,0.2148630561327808,5.456429838468063,27.872673418992058,1.6967947001483883,1.092916231541365,2.56183924509728,-0.8166904376400759,1.786273800993216e-07,4.328848298859059e+72,-15.537963876226318,42.03769359641074,44.71017780910417,0.2694683255714019,0.1835953004288548,8.539699244804467,-1.6950213979160802,2.0104783777641546,4.559553990983846,0.5890119422557676,4.193301465549862e-06,0.003377755661581,-12.382022195019363,2.414384190535704,19.322937608666873,-0.5181378091019658,0.0584589910654798,0.1366655772725033,0.0764569933323193,0.0684504672267727,0.1075397310549851,0.0710207846770823,0.0764569933323193,0.0710207846770823,5,0.0764569933323193,0.0710207846770823,5,0.070675701821998,0.0653253568313498,4,0.070675701821998,0.0653253568313498,4,0.070675701821998,0.0653253568313498,4,0.0706754556556929,0.0653250747809153,3,0.0706754556556929,0.0653250747809153,3,0.6,10.0,185,0.3981143229257343,0.0006632811674277,0.4211729241928671,0.000906068836975,3,0.413024480738209,0.0017625206148451,0.4440087798441205,0.0014185426451458,3,1.4801352927644966,0.007097396885755,0.0094950817782046,0.7474813857892889,988.8743977528362,0.1956170089332357,0.5120494715301895,0.38202755751052947
6,2.0,0.009827704,2000,0.0,0.6,9.192017155405002e-06,0,0,2,2,0.4505,0.0,0.5632657677589117,0.0,0.0391441831389189,0.0474158408317064,0.6816928853288663,0.0063272347932616,0.0360552996872889,0.95025843924672,4,1088.9210138823578,0.01,0.045282819140191,0.0005709537303238,0.0079343986802498,0.1616392088399668,,9.757484214797032,44.70549099104793,10.201568990892705,2.204268320904682e+53,2.8139595586017225e+52,1.0,1.0,1.0,1,0.0014552509413509,0.0017384898709923,0.0031937408123433,0.0059837331806634,1.05393701455188,0.1991632430304609,0.0525326898438835,0.1833545922437115,0.1858059086563747,0.5196329714317841,9.165304457145968,39483709272.00432,2.215425100286662,3.709429101173147,44.27441105113781,-0.4035533655477623,1.3856938911860197,346328927.3203203,0.3262010186449068,3.327762196605495,44.6104442434817,-0.028424934277298,0.039061582439586,7.431491895204142e+27,-3.242615841307998,13.200855202468926,44.70549099104793,-0.1165693577591504,0.3109981146426152,3.5442474622251896,-1.1679684290636734,1.6855338762407397,2.8451358964319016,0.3898722028437149,3.101886017088679e-05,0.0024620251861538,-10.38091514586563,2.0818792691188377,6.934232921255477,-0.5842125541352244,0.0391441831389189,0.0423622549520735,0.0607410844041269,0.1014849812522989,0.0003536830163062,0.0063272347932616,0.0636926288211867,0.0533956515968739,5,0.0391441831389189,0.0063272347932616,4,0.0391441831389189,0.0063272347932616,4,0.0391441831389189,0.0063272347932616,4,0.0391441831389189,0.0063272347932616,4,0.0390967328591222,0.006224154360018,3,0.0390967328591222,0.006224154360018,3,0.6,10.0,186,0.3114266471524861,0.0022848525803874,0.0041599164535743,0.0001033191415417,2,0.3781368459492435,0.0021483736325256,0.2454819317383551,0.0390457649502122,3,3.1691562217479805,0.0017223278059426,0.0002284801905182,7.538193145042522,9.379664662661872,0.0014552509413509676,0.001803290046829315,0.8069977117157071
10,2.0,0.009827704,2000,0.0005,0.6,9.192017155405002e-06,0,0,2,2,0.4065,0.0,1.26190218168125,0.0,0.0193929840974817,0.0281593179698051,0.9421483300097324,0.0174640498207882,0.1577875751012151,0.9869153541784677,4,2104.149405260254,0.01,0.0561045254340667,0.0017342354892628,0.0162267257123143,0.9005344269351534,,7.564254402696085,44.65758967703741,6.528505852837981,inf,inf,0.9,1.0,1.0,1,0.0006681267867876,0.0029751060748202,0.0036432328616078,0.0060998259385714,1.200493837742879,0.1402575645267373,0.1827330035905108,0.1148544660050171,0.1160609098083699,-0.3040649908366541,9.44225497689884,11615176.112457242,2.245194826302885,2.986615038748505,22.178229832155537,-0.5111881860392716,0.7365605121234411,920.767888192822,-0.3057638847119212,1.996181310928255,26.520611715047604,0.2692007377716371,0.0074289444041686,6.033470316877853e+20,-4.902371502462946,9.884551135437912,44.65758967703741,0.0122352999822127,0.2596231021737424,12.57716285081936,-1.3485243066874266,1.907191007977615,6.338477809744952,0.4392316655318815,4.3428764124717085e-05,0.0245506671394595,-10.044388568540908,2.0493973033595636,27.287856461969493,-0.7576796260990194,0.0193929840974817,0.0236892647350717,0.0413957050768618,0.3815265723926471,0.07437210309021,0.0174640498207882,0.0416215953280693,0.0592847541765741,5,0.0193929840974817,0.0174640498207882,4,0.0193929840974817,0.0174640498207882,4,0.0193929840974817,0.0174640498207882,4,0.0188172197228447,0.0173205278136884,2,0.0188172197228447,0.0173205278136884,2,0.0188172197228447,0.0173205278136884,2,0.6,10.0,187,0.6294716420250105,0.0043936414956154,0.5040283743203648,0.0673530095200555,3,0.5870138724560259,0.0028136853918793,0.0768989092112591,0.0062037038099055,3,0.7068481428902885,0.0017223278059426,0.0001807610473117,9.528202184908857,15.153317176424206,0.0006681267867876066,0.005625057281306039,0.11877688588310328
6,10.0,0.009827704,2000,0.0,0.6,9.192017155405002e-06,0,0,2,2,0.456,0.0005,0.0239809284356832,0.0,0.0550721854097068,0.0596364110417532,0.6096870731750262,0.0432018776116847,0.0454065836677105,0.9263810322709288,5,1329.6413062323754,0.01,0.0380521411748998,0.0004635469394639,0.0084682673968588,0.7844591110791497,,10.062394375008743,44.68574273520871,7.283601482141673,4.673343208377547e+16,8496987651595539.0,1.0,1.0,1.0,1,0.0015080517771134,0.0016084544459714,0.0031165062230848,0.0059529456649794,1.0600307417281802,0.2212139513887153,0.0582979093337954,0.1995298294127203,0.2045260389340516,0.4486139860231071,11.47533483335046,179566242205.11383,2.4401999348978456,4.099170667256972,32.34228804156062,-0.4200184799337814,1.6432329316278074,6765773.736333176,0.4966656011474986,3.617514308646706,31.66368388933571,-0.073270202027407,0.038660222434977,6.455233888492484e+27,-3.252944051597784,12.508390302452892,44.68574273520871,-0.1221969386607501,0.2934550410281007,4.279697349709693,-1.2260308336346255,1.8614860052506284,2.9495547650212837,0.3842119725054503,1.959474787782511e-05,0.0051864977078115,-10.840248993054036,2.1989650578051267,12.848026017533837,-0.3442192750348669,0.0550721854097068,0.0562648628896513,0.0675721848259016,0.0537521230308245,0.0392657503606221,0.0432018776116847,0.0550721854097068,0.0432018776116847,5,0.0550721854097068,0.0432018776116847,5,0.0370674700486335,0.0085338244471522,4,0.0370674700486335,0.0085338244471522,4,0.0370674700486335,0.0085338244471522,4,0.0370607192496225,0.0084205099117825,3,0.0370607192496225,0.0084205099117825,3,0.6,10.0,188,0.3114266471524861,0.0022848525803874,0.0041599164535743,0.0001033191415417,2,0.3281549329272306,0.0016150033076273,0.2704748261673873,0.0175943773877506,3,3.4404169669384888,0.0017223278059426,0.0002284801905182,7.538193145042522,9.379664662661872,0.0015080517771134314,0.0019602562084678416,0.7693136083941505
10,10.0,0.009827704,2000,0.0,0.6,9.192017155405002e-06,0,0,2,2,0.3305,0.0,0.7092894734202531,0.0,0.0074262601550237,0.0099335839961911,0.9537580390550654,0.0984482853104374,0.2647872670197203,0.9904543591682008,4,718.1856376104491,0.01,0.0795689573460486,0.0007658153974439,0.0033645194382685,13.256778412730226,,7.733462328429188,32.83242157592299,3.0881083552015673,9.585948977568162e+68,1.127758703243313e+68,1.0,1.0,1.0,1,0.0015859568460274,0.0017294135949653,0.0033153704409928,0.0060446408450889,1.1647783812100276,0.1319006090642637,0.152530838200499,0.110953059613363,0.1125406164176169,-0.0425500367435016,9.240151962570453,11782435.090684202,2.2235583316839893,3.3030320840031604,32.83242157592299,-0.4556679412003924,0.5125109426664908,224.42537866985944,-0.6684332166531426,2.064194201240829,15.993952321275469,0.4360262290379594,0.0216811526662876,156462063807354.12,-3.831311936559829,7.531116907353979,29.072174981303657,-0.1261591247698918,0.2748113219849067,8.339009862901287,-1.2916705186642354,1.8394661063575275,4.854900939389904,0.4244953968977756,4.011621882717376e-05,0.0035035766238015,-10.12372984589294,2.0016594403851213,9.976044802439183,-0.7361118856973433,0.0074262601550237,0.0085944166951233,0.0137800751384262,0.0130222588738851,0.6828912568748381,0.0984482853104374,0.0456357405573874,0.1206510376724201,5,0.0074262601550237,0.0984482853104374,4,0.0074262601550237,0.0984482853104374,4,0.005665765515904,0.0653252422680534,2,0.005665765515904,0.0653252422680534,2,0.005665765515904,0.0653252422680534,2,0.005665765515904,0.0653252422680534,2,0.6,10.0,189,0.6294716420250105,0.0043936414956154,0.5040283743203648,0.0673530095200555,3,0.5926634992213138,0.0059142265292083,0.0677746327784422,0.0027627023318059,3,5.755086350300136,0.0017223278059426,0.0001807610473117,9.528202184908857,15.153317176424206,0.0015859568460274746,0.0014504443047241168,1.093428297013537
6,50.0,0.009827704,2000,0.0,0.6,9.192017155405002e-06,0,0,2,2,0.453,0.001,0.0,0.0,0.0364364873174178,0.0412490187558103,0.4950290532997541,0.0274569169157821,0.0430209890391364,0.919635846775296,5,2047.5470779237191,0.01,0.0254864878304589,0.001725240467746,0.0500294675756724,0.7535555410868827,,9.761553214089489,44.710141186360424,3.796294845068633,3818987670.340645,636497945.056774,1.0,1.0,1.0,1,0.000139320233968,0.0030542903407789,0.003193610574747,0.005953063000869,1.115308438738085,0.2296700602840464,0.1091309933289074,0.1981205432431831,0.2018931981332998,0.1952285587101525,9.42147654339868,640824158.2970915,2.2429918218886904,3.393777844949569,28.372251164223616,-0.4492101101755872,2.235555998677033,15554431.514491305,0.804489966110672,3.054081111255383,43.08890746352733,-0.1875786360367063,0.0260672209976469,1.5586238601474338e+35,-3.6470766544307143,13.601997122576575,44.710141186360424,-0.0833961652453099,0.2699082952249653,4.573713546046337,-1.3096730249919188,1.8781811813460465,3.113329167437264,0.4253303191193801,1.586013954911229e-05,0.0014634325177746,-11.051701542987184,2.193582169562566,6.75842405417326,-0.2486679622310721,0.0364364873174178,0.0370064773674708,0.0503040915825421,0.0604242899531972,0.0411817602484298,0.0274569169157821,0.0364364873174178,0.0274569169157821,5,0.0364364873174178,0.0274569169157821,5,0.0231463460882971,0.0013857208771207,4,0.0231463460882971,0.0013857208771207,4,0.0231463460882971,0.0013857208771207,4,0.0231463460882971,0.0013857208771207,4,0.0231463460882971,0.0013857208771207,4,0.6,10.0,190,0.3114266471524861,0.0022848525803874,0.0041599164535743,0.0001033191415417,2,0.2350029157337324,0.0007996068970658,0.3904270887202402,0.0232447927932394,3,0.068996265926453,0.0017223278059426,0.0002284801905182,7.538193145042522,9.379664662661872,0.00013932023396805724,0.009953050996261426,0.01399774139812896
10,50.0,0.009827704,2000,0.001,0.6,9.192017155405002e-06,0,1,2,2,0.8965,0.0,0.7096117158367992,0.0017223278059426,0.0370204315757907,0.044938910863522,0.8988042524095261,0.0367837854807089,0.092680365988773,0.98095525494721,5,3109.6500647679804,0.01,0.0403072292370169,0.0025361438875903,0.0412755055294501,0.9936076894566372,,7.8156979433389715,36.07229429080607,36.88413777117309,236.2502389537834,26.250026550420376,1.0,1.0,1.0,1,0.0004176398518482,0.0040456199127474,0.0036279800608991,0.0060399920018408,1.1997713393849214,0.1554584013558386,0.1821309881243336,0.1257919190247408,0.1285393879992624,-0.2728411089780487,10.881730038902091,89599397.78134881,2.3870852397154,3.2183480219383327,32.19374879404416,-0.5184687069557529,1.0554836966855718,274.0685011358628,0.0539991421287484,1.9917117978019132,11.555256117199171,0.0891747766836468,0.0050033263490951,7.433054030441241e+25,-5.297652317922874,10.664259561803568,36.07229429080607,0.0484066672233386,0.2053102680034637,11.54021811523837,-1.5832329415783055,2.0109489404449112,6.572162045231587,0.5332842103763464,2.8619384778017565e-05,0.0031805013044689,-10.461426280292818,2.076336035504568,10.748747160033014,-0.54699665726791,0.0370204315757907,0.0394985731660479,0.0582977278487276,0.1723494723724505,0.0689078401131595,0.0367837854807089,0.0370204315757907,0.0367837854807089,5,0.0370204315757907,0.0367837854807089,5,0.0278529114603959,0.004925224773374,4,0.0278529114603959,0.004925224773374,4,0.0278408108196504,0.0049169560003285,3,0.0278408108196504,0.0049169560003285,3,0.0278408108196504,0.0049169560003285,3,0.6,10.0,191,0.6294716420250105,0.0043936414956154,0.5040283743203648,0.0673530095200555,3,0.5622712311160527,0.0014325994915629,0.0944634831126314,0.0103137950406234,3,0.2360318374314527,0.0017223278059426,0.0001807610473117,9.528202184908857,15.153317176424206,0.0004176398518482851,0.010792472157986803,0.03869732955847536
