W,phi,lam,n_samples,frac_post_in_box,rho_true,i0_true,best_true,best_plug,best_true_control,best_plug_control,ppf,ppf_control,er_rel,regret_true,drs,drs_avg_pairs,drs_var,drs_control,drs_control_avg_pairs,drs_control_var,n_sloppy,lambda_max,gamma,cos_g_ridge,cos_g_ridge_control,g_norm,drs_control_over_drs,grad_check_relerr,entropy_u,relsd_max,relsd_max_u,pred_rmse,pred_rrmse,pred_cov90,pred_cov90_meanonly,cov90_param,marginal_pair,margin_marginal,loss_hat_0,loss_hat_1,loss_hat_2,theta_hat_R0,theta_sd_R0,u_hat_R0,u_sd_R0,relsd_R0,z_R0,theta_hat_sigma,theta_sd_sigma,u_hat_sigma,u_sd_sigma,relsd_sigma,z_sigma,theta_hat_gamma,theta_sd_gamma,u_hat_gamma,u_sd_gamma,relsd_gamma,z_gamma,theta_hat_omega,theta_sd_omega,u_hat_omega,u_sd_omega,relsd_omega,z_omega,theta_hat_rho,theta_sd_rho,u_hat_rho,u_sd_rho,relsd_rho,z_rho,theta_hat_i0,theta_sd_i0,u_hat_i0,u_sd_i0,relsd_i0,z_i0,drs_pair_01,drs_pair_02,drs_pair_12,drs_control_pair_01,drs_control_pair_02,drs_control_pair_12,drs_1em1,drs_control_1em1,n_sloppy_1em1,drs_1em2,drs_control_1em2,n_sloppy_1em2,drs_1em3,drs_control_1em3,n_sloppy_1em3,drs_1em4,drs_control_1em4,n_sloppy_1em4,drs_1em5,drs_control_1em5,n_sloppy_1em5,drs_1em6,drs_control_1em6,n_sloppy_1em6,drs_1em8,drs_control_1em8,n_sloppy_1em8,rho_level,phi_train,cell_id,drs_var_fisher,drs_geo_fisher,drs_var_fisher_control,drs_geo_fisher_control,n_sloppy_fisher,drs_var_fisher_plug,drs_geo_fisher_plug,drs_var_fisher_plug_control,drs_geo_fisher_plug_control,n_sloppy_fisher_plug,margin_snr_fisher_plug,margin_true,margin_sd_true,margin_snr_true,peak_count,margin_npe,margin_sd_npe,margin_snr_npe
6,2.0,0.009827704,2000,1.0,0.05,3.0488854020159543e-05,2,2,2,2,0.3485,0.0,0.0832080944326991,0.0,0.0559725336249157,0.0460370600793604,0.2487321310478784,0.4794416641619863,0.207487455203029,0.1844274077287175,5,1817.344792214526,0.01,0.0333374337107029,0.0787182467534698,0.1018837800069173,8.56565949604552,,-0.6555310131312665,0.6152698215151011,0.4821543987738257,5.44157335853932,0.2040590009452245,1.0,1.0,0.8333333333333334,12,0.0019428481117302,0.0564254210597484,0.0080988468760724,0.0061559987643421,1.3650513263696475,0.0841386066249545,0.311192029666001,0.0625492059340132,0.0615185862921578,-0.0853766702372822,4.0096492515265885,1.4410759398635715,1.3887037690456554,0.3552731322866721,0.3381993812718998,1.2059443770328149,1.6928187744914929,0.4269168238621577,0.5263950534116291,0.2538036904951999,0.2444125084201451,0.7263824850132949,0.0136404600532414,0.0102035264693492,-4.294714898892097,0.6336768083904267,0.6152698215151011,-0.844748102213499,0.2294226110626018,0.1493435975633619,-1.4721895130474032,0.6126770378623977,0.5486493748065769,-2.486697993158286,1.840835074100891e-05,1.2269997956887093e-05,-10.902706151685605,0.6293065771064498,0.5580515317857907,0.8017662407128798,0.0405760988425397,0.0415625477706258,0.0559725336249157,0.0642649520301786,0.078755749416922,0.4794416641619863,0.0559725336249157,0.4794416641619863,5,0.0559725336249157,0.4794416641619863,5,0.0248021335826801,0.4612180321739695,4,0.0248021335826801,0.4612180321739695,4,0.0248021335826801,0.4612180321739695,4,0.0248021335826801,0.4612180321739695,4,0.0248021335826801,0.4612180321739695,4,0.05,10.0,0,0.169075634969117,0.0004259901445097,0.2279238268144371,0.0006178131013056,2,0.2524509714733402,0.0008264886091863,0.2310471655306233,0.0087287064138811,2,0.3847740279325462,0.0170616520230855,0.0227607041362331,0.7496100261645602,50.724590623849735,0.0019428481117302852,0.005621394345657135,0.34561676201052366
10,2.0,0.009827704,2000,1.0,0.05,3.0488854020159543e-05,2,2,2,2,0.2,0.0,0.0332932100938363,0.0,0.0217128451296534,0.0158590137463529,0.5888490490606805,0.0684076697789822,0.0338961858223366,0.5164434924877448,5,8710.582935957309,0.01,0.0295206018486201,0.0418964974955333,0.1772223772276234,3.1505622303526337,,-1.6264718815267645,0.7339576217483679,0.4181948095024715,82.03993035381174,1.058579746500797,1.0,0.3,0.8333333333333334,12,0.0046362250609053,0.103358776444221,0.0107641641879937,0.0061279391270884,1.4068012655016795,0.0624812785891923,0.3413185211777632,0.0450832282191876,0.0443690949302069,-0.7866946499030747,4.124144067873138,1.441356357325255,1.41685849955839,0.3485327551553979,0.3297060479013796,1.1484857585357815,1.830906694435952,0.385717629302067,0.6048113055932484,0.216254893854022,0.2059677143365499,0.4898955179129641,0.0140125455210337,0.0100461353180643,-4.267802241987263,0.6179442922196252,0.5959805137963494,-0.9098068309522268,0.1843376142666822,0.154188433532069,-1.6909863425276963,0.7071617113846512,0.6608838789113974,-1.8450460623377771,1.1149535227362342e-05,1.077498275981446e-05,-11.404112744571568,0.7650796483241351,0.7339576217483679,1.3148478902451497,0.0127178691853748,0.0131463269240305,0.0217128451296534,0.0154387603013885,0.0178421273866391,0.0684076697789822,0.0217128451296534,0.0684076697789822,5,0.0217128451296534,0.0684076697789822,5,0.0094787730764927,0.0539778117542535,4,0.0094787730764927,0.0539778117542535,4,0.0084288346157987,0.0521736605386175,3,0.0084288346157987,0.0521736605386175,3,0.0084288346157987,0.0521736605386175,3,0.05,10.0,1,0.4701740098866608,0.0009633694701933,0.516974824862464,0.0012978969136822,3,0.508117918391479,0.0010731185426238,0.4583428706163899,0.0052974087059241,3,0.7316687163203514,0.0170616520230855,0.0177266198279991,0.9624876140310018,375.1891781513973,0.004636225060905379,0.0066764101628451564,0.6944188490255441
6,10.0,0.009827704,2000,1.0,0.05,3.0488854020159543e-05,2,2,2,2,0.248,0.0,0.0528498890160411,0.0,0.0514753970462759,0.0419573944912839,0.2303346597432267,0.1534278688547651,0.0830468159067051,0.3699917739495074,5,1829.199102742844,0.01,0.0308179771667789,0.0494819926177237,0.1473904004443467,2.9806058361596457,,-0.6952705577693089,0.6634735939142441,0.4283455709986249,4.129922298621621,0.1835521021609609,1.0,0.6666666666666666,0.8333333333333334,12,0.0036230719696833,0.0846374889557615,0.0097700676613819,0.0061469956916985,1.3876111967648768,0.0769388084557118,0.3275837052397928,0.0565559449261721,0.0553596251959547,-0.3842552455058902,4.1939230067867035,1.4240182087230384,1.4336365743681343,0.3421989226968794,0.3210940065409564,1.1207131449948475,1.7681318782472284,0.4203039906348894,0.5699235532024184,0.2441242298220551,0.2309967963685132,0.5768786478888711,0.0141125892117935,0.0100421917117641,-4.260688028052922,0.6195170932595476,0.5917255687210908,-0.9189805387745382,0.1933848719372119,0.1522844667025009,-1.643072920650067,0.6791632715844161,0.6338415675700099,-1.9916556290629683,1.4451519669833811e-05,1.230281269198973e-05,-11.144710981472995,0.74720026493092,0.6634735939142441,0.9991452538349136,0.0367521924931257,0.0376445939344502,0.0514753970462759,0.0451509052654495,0.0505616735999008,0.1534278688547651,0.0514753970462759,0.1534278688547651,5,0.0514753970462759,0.1534278688547651,5,0.0227289433217414,0.1272575600002931,4,0.0227289433217414,0.1272575600002931,4,0.0227289433217414,0.1272575600002931,4,0.0227289433217414,0.1272575600002931,4,0.0227289433217414,0.1272575600002931,4,0.05,10.0,2,0.169075634969117,0.0004259901445097,0.2279238268144371,0.0006178131013056,2,0.2156878628987446,0.0006654946314167,0.3001776670060394,0.0026916856649372,2,0.5102849868213402,0.0170616520230855,0.0227607041362331,0.7496100261645602,50.724590623849735,0.0036230719696833938,0.007362037417492924,0.4921289806371561
10,10.0,0.009827704,2000,1.0,0.05,3.0488854020159543e-05,2,2,2,2,0.166,0.0,0.0293034246473733,0.0,0.0200402026457085,0.0144896518878732,0.5918181867458935,0.0462021160772044,0.0243968366618647,0.5821101585647536,5,9631.550558290815,0.01,0.0280518529726789,0.0366024805945099,0.2059897465270944,2.3054715011626024,,-1.8066035837637544,0.7658263957419984,0.4124555923136364,16.336940829076998,0.2163833222394304,1.0,0.5,0.8333333333333334,12,0.0054454912327425,0.1241741978415407,0.0115469219095174,0.0061014306767749,1.415421812078967,0.0603805558689252,0.3474275870812661,0.0433780239219461,0.0426194157598279,-0.9584530733513368,4.293205217568852,1.4242126737023362,1.4570335909344845,0.3355793494664953,0.3144004680631557,1.073098850914461,1.8968040214023485,0.3660931067659894,0.6401703758650549,0.2022965927234274,0.1892754156459358,0.3489096479767285,0.0139147912857559,0.0103833922014238,-4.274802883343796,0.6388240211478777,0.6127014081222198,-0.8691114899768285,0.1815029615560586,0.1528519453762551,-1.7064833082970834,0.7038485836970073,0.6660654663713091,-1.8317135178209056,8.839339044434165e-06,9.011711445321631e-06,-11.63629845283921,0.7754556433751244,0.7658263957419984,1.596672975835424,0.0115221843875274,0.0119065686303836,0.0200402026457085,0.0127287071894269,0.0142596867189628,0.0462021160772044,0.0200402026457085,0.0462021160772044,5,0.0200402026457085,0.0462021160772044,5,0.0076426215653392,0.0308765078539991,4,0.0076426215653392,0.0308765078539991,4,0.0068045447039518,0.0297980579649913,3,0.0068045447039518,0.0297980579649913,3,0.0068045447039518,0.0297980579649913,3,0.05,10.0,3,0.4701740098866608,0.0009633694701933,0.516974824862464,0.0012978969136822,3,0.4852138358098759,0.0009796640479463,0.4677080207147534,0.0032838538946244,3,0.7611311820444083,0.0170616520230855,0.0177266198279991,0.9624876140310018,375.1891781513973,0.005445491232742508,0.007522023021301478,0.7239397190518457
6,50.0,0.009827704,2000,1.0,0.05,3.0488854020159543e-05,2,2,2,2,0.1745,0.0,0.0377069151653743,0.0,0.0491789333788307,0.0399463850103255,0.1755101202395886,0.0866277900263737,0.0549130115991945,0.3770287741961359,5,1891.0241379782103,0.01,0.028764305696671,0.0383677191427765,0.2074656944168047,1.7614816766982386,,-0.8333106086679428,0.7354853146091608,0.4083848177685045,3.0160347916704424,0.139201605769405,1.0,0.8333333333333334,0.8333333333333334,12,0.0057357391812865,0.1210409062502781,0.0118760222312322,0.0061402830499457,1.4057262922695462,0.0743606654683851,0.3405541032210334,0.0545248778102313,0.052821495559366,-0.6364492297340413,4.425897943127783,1.4096845615284002,1.4874731828740289,0.3326986599121919,0.3024620467501509,0.9908973557350156,1.83284168327252,0.4108397072592969,0.6058675948451271,0.2337041367988274,0.2183924872932534,0.4487982772176445,0.0139221368286667,0.0102197866447133,-4.274275128050465,0.628763905973893,0.6062244166327566,-0.8838564791427879,0.1842038460378046,0.1495816102096235,-1.6917122756948435,0.6908696094263809,0.6484412071466618,-1.8875052253953624,1.1652581630635374e-05,1.147435385876204e-05,-11.35998280330587,0.8038892829311888,0.7354853146091608,1.196474988067635,0.0348927644090778,0.0357674572430679,0.0491789333788307,0.03754762005348,0.0405636247177297,0.0866277900263737,0.0491789333788307,0.0866277900263737,5,0.0491789333788307,0.0866277900263737,5,0.0239086989895637,0.0635695413909847,4,0.0239086989895637,0.0635695413909847,4,0.0239086989895637,0.0635695413909847,4,0.0239086989895637,0.0635695413909847,4,0.0239086989895637,0.0635695413909847,4,0.05,10.0,4,0.169075634969117,0.0004259901445097,0.2279238268144371,0.0006178131013056,2,0.1906420023872014,0.0005537485288992,0.2953264136678147,0.0013452365441451,2,0.5910175566594985,0.0170616520230855,0.0227607041362331,0.7496100261645602,50.724590623849735,0.0057357391812865284,0.010009803649827396,0.5730121570751723
10,50.0,0.009827704,2000,1.0,0.05,3.0488854020159543e-05,2,2,2,2,0.086,0.0,0.0133777315487805,0.0,0.0200704274649396,0.0146991215033182,0.5991673814375417,0.0337762797541703,0.0195489390749056,0.6386223314070789,5,9819.90323413384,0.01,0.0274779574549587,0.0336044409640914,0.2833050594406843,1.6828879112402084,,-1.9135449302827747,0.750470740221452,0.4189229540909612,11.377790961748394,0.1152765041717162,1.0,0.9,0.8333333333333334,12,0.0084604701487741,0.1607269599859145,0.0146082825629658,0.0061478124141916,1.4247274686246016,0.0554475351949898,0.3539805453419848,0.0396059732252998,0.0388878574269901,-1.21518939405513,4.334659107839586,1.4089118511329168,1.4666429699638743,0.3324397753025373,0.3084579716102094,1.054327614542379,1.911281716069989,0.3594806864205978,0.6477740725354777,0.1955470632712732,0.1846622805042859,0.3220684331946797,0.0138094966459125,0.010033096168959,-4.2823987607471015,0.6201998069952545,0.6026028120727328,-0.8829628988480246,0.1831382679809216,0.15486218994687,-1.6975138486972683,0.7111275161065767,0.6662560043624796,-1.8255775447481888,9.8435350226601e-06,9.80864020135384e-06,-11.528695661144704,0.7765748424848263,0.750470740221452,1.4558111030537508,0.0117940057758613,0.0122329312691537,0.0200704274649396,0.0118191530590738,0.0130513844114728,0.0337762797541703,0.0200704274649396,0.0337762797541703,5,0.0200704274649396,0.0337762797541703,5,0.0077048901722678,0.0200517491117729,4,0.0077048901722678,0.0200517491117729,4,0.0068648193423649,0.0189657529492715,3,0.0068648193423649,0.0189657529492715,3,0.0068648193423649,0.0189657529492715,3,0.05,10.0,5,0.4701740098866608,0.0009633694701933,0.516974824862464,0.0012978969136822,3,0.4880842122007737,0.0009749199952003,0.4923183594062424,0.002190098433729,3,0.872689473254005,0.0170616520230855,0.0177266198279991,0.9624876140310018,375.1891781513973,0.008460470148774176,0.009931407283119193,0.8518903623210351
6,2.0,0.009827704,2000,1.0,0.05,2.9719175964482593e-06,0,0,2,2,0.2105,0.0,0.6163443022842826,0.0,0.049686850565009,0.0555766277067947,0.3513717465444405,0.076899004923005,0.121758421981348,0.5893211330194753,5,139.13549855770196,0.01,0.0357936111428166,0.000703264701964,0.0140277150443563,1.5476731579594143,,0.2620812358690846,0.8398539711621783,0.7176980770822945,0.7462723331747824,1.1194084997621736,1.0,0.3333333333333333,1.0,1,0.0012535508851852,0.0018270862674778,0.003080637152663,0.0059134823149823,1.2791586459078566,0.0927831954741624,0.2462025539255004,0.0712698380770715,0.0723487641755816,-1.4738577537545094,3.499693711086578,1.4247436818068688,1.252675453547926,0.370755815600078,0.3797279368731134,1.2657287046959294,1.4475364429661073,0.4162861106885585,0.3698631066359024,0.2654500404162708,0.2773549557742529,1.3580115603844864,0.014404965206914,0.0101622943410605,-4.2401823257964235,0.620394594232559,0.5870244405859659,-0.1371573218004018,0.1093884836934696,0.0888741272166007,-2.2128496624194987,0.5623432867970638,0.6818853232557602,-1.3921791715404896,2.2177323596410495e-06,2.2967117673352145e-06,-13.019025343746645,0.59656830095436,0.8398539711621783,0.4906767341689553,0.049686850565009,0.0511340723764555,0.0659089601789195,0.1700359235331568,0.1183403374878822,0.076899004923005,0.049686850565009,0.076899004923005,5,0.049686850565009,0.076899004923005,5,0.0140532460211956,0.0373926704531651,4,0.0140532460211956,0.0373926704531651,4,0.0140532460211956,0.0373926704531651,4,0.0140532460211956,0.0373926704531651,4,0.0140532460211956,0.0373926704531651,4,0.05,10.0,6,0.0527977286480651,0.0004509999132095,0.3948739572178573,0.0919245287158418,4,0.0726200302746007,0.0006073562747167,0.0603329425959426,0.0050717314556819,3,1.2194946052560711,0.0015002542561613,0.0007471158475093,2.008061080704828,0.8599509799833049,0.0012535508851852415,0.0009939086974651622,1.2612334396331009
10,2.0,0.009827704,2000,1.0,0.05,2.9719175964482593e-06,0,0,2,2,0.081,0.0,0.0864141360905321,0.0,0.0179702138998519,0.0221616804339481,0.1967871731705695,0.0670628570213167,0.1204216070251306,0.0069689425237616,5,782.7530355723966,0.01,0.0367940386881881,0.0005132907085974,0.0099128135163342,3.731889747949474,,-0.4907710250101193,0.7414787754228125,0.7305376567261549,2.4757934634186034,1.9044565103220024,0.9,0.1,1.0,1,0.001448699001477,0.0016026847183049,0.0030513837197819,0.0059106442867406,1.2741043440156403,0.0869423546359955,0.2422434564771667,0.0669959497560776,0.0680834358545089,-1.5087853277461232,3.432461845213175,1.4058648858258405,1.2332777428555066,0.3688672115411181,0.3821180530112731,1.324796494892352,1.4175387410446618,0.3989886271498746,0.3489220867892689,0.2549007236630325,0.2720962711068256,1.496367832759414,0.0140587052659434,0.0101138171565622,-4.264513483188086,0.6266426911894678,0.5958873727884904,-0.0969619600882748,0.0967450624359369,0.0738720717269797,-2.3356759826284197,0.5109801078194147,0.6568786740896474,-1.2917455705709024,1.9072914816808068e-06,1.6515140775119706e-06,-13.169826394740412,0.5073003362849646,0.7414787754228125,0.8742813771084099,0.0179702138998519,0.0189243445119022,0.0295904828900902,0.1785707363571197,0.1156312276969553,0.0670628570213167,0.0179702138998519,0.0670628570213167,5,0.0179702138998519,0.0670628570213167,5,0.0079836186986065,0.0486409178199812,4,0.0079836186986065,0.0486409178199812,4,0.0061798920316685,0.0485876111504288,3,0.0061798920316685,0.0485876111504288,3,0.0061798920316685,0.0485876111504288,3,0.05,10.0,7,0.1470068156272469,0.0006437284933372,0.0857834616340267,0.0028957448043567,3,0.1565767864827459,0.000918350577021,0.073036233917614,0.0041214188393639,3,2.706627007632533,0.0015002542561613,0.0004991125337079,3.005843682217214,2.0972472009311787,0.001448699001477017,0.0005583661265414494,2.594532391229279
6,10.0,0.009827704,2000,1.0,0.05,2.9719175964482593e-06,0,0,2,2,0.123,0.0,0.4573087633913544,0.0,0.0138968169195743,0.0208969646826896,0.0698515350627614,0.0288611871280381,0.0771042038647841,0.0085471218080225,4,79.36351966300239,0.01,0.0378605100040905,0.0003971987587658,0.0073863388987479,2.076819986552871,,-0.0421764122766762,0.811966991095352,0.7663599250869556,0.5092902308711659,1.5278706926134975,1.0,0.6666666666666666,1.0,1,0.0015694183079768,0.0014645781613516,0.0030339964693284,0.0059094311752203,1.260609860983662,0.0882411621155549,0.2315956205188096,0.0682946512299239,0.0698333425774694,-1.3241837892629076,3.4008605074043,1.3824960667930746,1.2240284900131695,0.3628840636758983,0.3799300160139535,1.3721276066215875,1.3988023307479946,0.3966183038329711,0.3356163924539045,0.2572029533789285,0.2739455873189381,1.5347060855490209,0.0137178243780352,0.0099609051797138,-4.2890592422879275,0.6185120822923473,0.602649912208205,-0.058551393820248,0.0943060930340812,0.0726855429852168,-2.361209478131228,0.5070121419229513,0.6636977718730813,-1.2514942798336155,1.8790177134842057e-06,1.822469730984001e-06,-13.18476141049691,0.5362019849728458,0.811966991095352,0.8550103603113135,0.0138968169195743,0.0158556745165209,0.0329384026119737,0.1330465767522256,0.0694048477140885,0.0288611871280381,0.0493354723541941,0.065493178187661,5,0.0138968169195743,0.0288611871280381,4,0.0138968169195743,0.0288611871280381,4,0.0138968169195743,0.0288611871280381,4,0.0138968169195743,0.0288611871280381,4,0.0138968169195743,0.0288611871280381,4,0.0138968169195743,0.0288611871280381,4,0.05,10.0,8,0.0527977286480651,0.0004509999132095,0.3948739572178573,0.0919245287158418,4,0.0889980691087603,0.0006857291293479,0.0848475179478043,0.0121975367159382,3,2.762056541856055,0.0015002542561613,0.0007471158475093,2.008061080704828,0.8599509799833049,0.0015694183079768109,0.0005313662718415201,2.9535527396908052
10,10.0,0.009827704,2000,1.0,0.05,2.9719175964482593e-06,0,0,2,2,0.0055,0.0,0.0063746031579431,0.0,0.1780692852472299,0.1889230398335119,0.2584112018196857,0.1260876141161642,0.1453041355612749,0.1046143749722142,5,83.55731973977164,0.01,0.0434631998310108,0.0001412742245653,0.0021251391176279,0.7080817668308443,,-1.4246274175620175,0.6696770508136345,0.8854996389045628,0.5260568864381087,2.630284432190543,1.0,0.4,0.8333333333333334,1,0.0018348332071453,0.0011538623528306,0.0029886955599759,0.0059050500543182,1.2133888963059571,0.0667972064278692,0.1934171855907979,0.0527964066694467,0.0549713887264425,-0.9897687820155822,3.1394432554811895,1.3174838190255047,1.1440454770277917,0.3573556464896359,0.3921791087886083,1.6171739846144133,1.3023606302546733,0.3509258246231756,0.2641784871964329,0.233929955018795,0.2616489451359807,1.992771054018457,0.0144400035533549,0.010193668915735,-4.237752899440276,0.6240632017572579,0.5864876743750688,-0.1402439482316648,0.0789473336937703,0.055655019350779,-2.5389743109372818,0.4424611778104127,0.6254271568342264,-1.0323119530555114,1.5850087179341355e-06,1.1811742312295028e-06,-13.354920650376254,0.4092926671117939,0.6696770508136345,1.5358630700288576,0.1780692852472299,0.1821789689479288,0.2065208653053769,0.1838242207342963,0.1260005718333642,0.1260876141161642,0.1780692852472299,0.1260876141161642,5,0.1780692852472299,0.1260876141161642,5,0.1779321285641424,0.1167657872202888,4,0.1779321285641424,0.1167657872202888,4,0.1779321285641424,0.1167657872202888,4,0.1779321285641424,0.1167657872202888,4,0.1779321285641424,0.1167657872202888,4,0.05,10.0,9,0.1470068156272469,0.0006437284933372,0.0857834616340267,0.0028957448043567,3,0.1686779706767556,0.0009363550512664,0.0958319559325672,0.0138392060217472,3,13.145233906570068,0.0015002542561613,0.0004991125337079,3.005843682217214,2.0972472009311787,0.0018348332071453505,0.00012211135368677957,15.025901783480101
6,50.0,0.009827704,2000,1.0,0.05,2.9719175964482593e-06,0,0,2,2,0.082,0.0,0.2846439621174019,0.0,0.1286822095215807,0.1393278011248635,0.0545832883487538,0.0863591697353427,0.1060067596406267,0.0095236860545583,5,38.80093145959377,0.01,0.0391214542716045,0.0002772071084704,0.0049369312791406,0.6711041880335434,,-0.3926408525354719,0.7124200332155002,0.7786920755498301,0.5346049318921947,3.2076295913531685,1.0,0.5,0.8333333333333334,1,0.0016920790784476,0.0013211474634021,0.0030132265418497,0.0059073864758124,1.2446961773617375,0.084671204157157,0.2188914658878683,0.0657938032851274,0.0678754821548116,-1.1814260848279443,3.381430926284924,1.378882526914052,1.2182989708790597,0.3673770117960873,0.3806457922399548,1.3709425052060382,1.376969112891718,0.3809586070802771,0.3198847887699765,0.249091750104112,0.2678211932654083,1.6478367560715728,0.0145690367955152,0.0102507781877567,-4.228856769710113,0.622003161456758,0.5852539833451499,-0.1550108151619071,0.0854308664890173,0.0590839882674288,-2.4600478091916274,0.4518367340650485,0.6126335397233593,-1.1855708577365114,1.7194350320711622e-06,1.4080730080453218e-06,-13.273514790822976,0.4741570116336805,0.7124200332155002,1.1540726368507268,0.1286822095215807,0.1321084556492811,0.1571927382037287,0.1346810288310417,0.0969800803554956,0.0863591697353427,0.1286822095215807,0.0863591697353427,5,0.1286822095215807,0.0863591697353427,5,0.1286822095215807,0.0863591697353427,5,0.1286822095215807,0.0863591697353427,5,0.1286822095215807,0.0863591697353427,5,0.1286822095215807,0.0863591697353427,5,0.1286822095215807,0.0863591697353427,5,0.05,10.0,10,0.0527977286480651,0.0004509999132095,0.3948739572178573,0.0919245287158418,4,0.1725470139564098,0.0080534089998231,0.5711892114163036,0.2662226624114339,4,4.331323277594313,0.0015002542561613,0.0007471158475093,2.008061080704828,0.8599509799833049,0.0016920790784476071,0.0003532895056410448,4.789497144494358
10,50.0,0.009827704,2000,1.0,0.05,2.9719175964482593e-06,0,0,2,2,0.012,0.0,0.0119152581108229,0.0,0.0436350405028196,0.049770029241045,0.1950893236130064,0.0565714933522624,0.1079823893725106,0.013869936149084,5,232.5763554197185,0.01,0.0411784433130819,0.0002009870827159,0.003301369234578,1.2964693672876706,,-0.9544950609531104,0.7580944419142903,0.7967724985175016,0.6751514089401036,1.687878522350259,1.0,0.2,0.8333333333333334,1,0.0017731160594691,0.0012272088480899,0.003000324907559,0.005906319613466,1.2291475152688116,0.0728713871635627,0.2063208520781916,0.0574008839100377,0.0591865486693176,-1.135172442876211,3.187235168601135,1.3463729470122172,1.1591538226724196,0.3626407448166008,0.3941526199417986,1.5519433962063507,1.355337347184603,0.3685480748909288,0.3040503880569775,0.2422589873673739,0.2636337433027975,1.7596744162159457,0.0142882142618763,0.0101578124735002,-4.248320259028438,0.619283110536232,0.591264492229819,-0.1242625972888819,0.0845036306836104,0.0597962473092178,-2.470960778872104,0.4591467210360241,0.623839282477594,-1.1429276757063325,1.6824057667148703e-06,1.448987765616944e-06,-13.295285784892094,0.4482417465568238,0.7580944419142903,1.269365540218216,0.0436350405028196,0.0455554109169793,0.060119636303336,0.1774385723794802,0.0899371023857892,0.0565714933522624,0.0436350405028196,0.0565714933522624,5,0.0436350405028196,0.0565714933522624,5,0.0433621069304708,0.0478009710017246,4,0.0433621069304708,0.0478009710017246,4,0.0433621069304708,0.0478009710017246,4,0.0433621069304708,0.0478009710017246,4,0.0433621069304708,0.0478009710017246,4,0.05,10.0,11,0.1470068156272469,0.0006437284933372,0.0857834616340267,0.0028957448043567,3,0.1574506882116992,0.0008780087140863,0.0854655842539796,0.008681254416182,3,8.702930347569527,0.0015002542561613,0.0004991125337079,3.005843682217214,2.0972472009311787,0.0017731160594691034,0.00018957062203999234,9.353327221213855
6,2.0,0.009827704,2000,1.0,0.05,2.2218197570699675e-05,1,0,2,2,0.1915,0.0,0.4700568443408768,0.0023786170991609,0.118751059473831,0.1271326295577218,0.1894743454793065,0.1015997130153746,0.130305275112872,0.040144137842711,5,145.7935404840216,0.01,0.0379172316998755,0.0006890195195787,0.0126983878739201,0.8555688973685661,,0.3200670704514988,0.9308611290652826,0.7297127586855816,1.9991383237181777,1.1994829942309069,1.0,0.3333333333333333,0.6666666666666666,1,0.001282620738899,0.0018175641474503,0.0031001848863494,0.0059209683676194,1.242124972569688,0.0834005408835656,0.2168236004860151,0.0649531124363261,0.0669990410630353,-0.1438268540441038,3.467756036405901,1.4237939778428104,1.243507709386703,0.3717174702015439,0.3827453079028499,0.0194087873616143,1.4272655703454764,0.4048933842384664,0.3557604251356916,0.2596029212569208,0.2739648186339069,0.4104440266497249,0.0143746966149288,0.0101835651651858,-4.242285797569865,0.6236167724707633,0.5884892869505768,0.1522310212395203,0.1573107517176812,0.1358847117247915,-1.849532119583836,0.6913767579163084,0.6840034204123354,-1.6578517296771829,3.914298591153054e-06,5.139188616878629e-06,-12.45087440392034,0.8173773113827502,0.9308611290652826,2.12420321101139,0.118751059473831,0.1212331386155445,0.14141369058379,0.1676837606738903,0.1216323516493513,0.1015997130153746,0.118751059473831,0.1015997130153746,5,0.118751059473831,0.1015997130153746,5,0.118751059473831,0.1015997130153746,5,0.118751059473831,0.1015997130153746,5,0.118751059473831,0.1015997130153746,5,0.118751059473831,0.1015997130153746,5,0.118751059473831,0.1015997130153746,5,0.05,10.0,12,0.2779902141088547,0.001510133644269,0.0466865905543956,0.0008360559486355,2,0.1401308583659533,0.0021454027740322,0.0408466875383043,0.0021548106905906,3,1.4535649514284037,0.0022224323063118,0.0007110968596889,3.125358066246998,5.364382271692585,0.001282620738899067,0.0008793180095856383,1.4586540078980954
10,2.0,0.009827704,2000,1.0,0.05,2.2218197570699675e-05,1,0,2,2,0.243,0.0,0.1687935603214274,0.0023786170991609,0.0207844754808808,0.0249169940513359,0.3619323546148512,0.0599704087276911,0.1216416980926288,0.0895158334550578,5,2917.78010989858,0.01,0.0376951531875309,0.001170607450569,0.021484531973246,2.885346266392749,,-0.4778966394803912,0.8972758157218995,0.6933766001760048,6.49591084336363,1.1810746987933871,0.9,0.2,0.8333333333333334,1,0.0008145133590764,0.0023880418717321,0.0032025552308086,0.0059375853735878,1.2385536155939134,0.0722032055722931,0.2139442597602907,0.0567106396149992,0.0582011186185437,-0.1139585294794673,3.432230585786129,1.398961973860552,1.2332103663693907,0.3664576282908511,0.3805610292543611,0.0477870482236282,1.4546293689950622,0.4068773267082912,0.3747511389614437,0.2598436706451713,0.2702067581461738,0.3369785928884127,0.0145115829868071,0.0103226983249582,-4.232808121771468,0.6273165224329282,0.5898559475370665,0.1362249188105156,0.169177136808472,0.1504763109510082,-1.77680896618569,0.718348658029632,0.6941104492412449,-1.6968407941509929,6.693750271893072e-06,8.655157502219721e-06,-11.914336262131409,0.868410482731072,0.8972758157218995,1.3815325718836298,0.0207844754808808,0.0217675239608469,0.0321989827122799,0.1946758137722145,0.1102788717779807,0.0599704087276911,0.0207844754808808,0.0599704087276911,5,0.0207844754808808,0.0599704087276911,5,0.0079572301982341,0.0325532243373521,4,0.0079572301982341,0.0325532243373521,4,0.0079572301982341,0.0325532243373521,4,0.0079572301982341,0.0325532243373521,4,0.0079572301982341,0.0325532243373521,4,0.05,10.0,13,0.5605864097516368,0.0018816298404325,0.0387823107324819,0.0004282036393103,2,0.3668537682406714,0.0009896925670453,0.0275098001076983,0.0007379882975648,2,0.839224446595326,0.0022224323063118,0.0005565570992843,3.99317933266749,13.97665508980809,0.0008145133590764103,0.0010660625970229107,0.7640389610807307
6,10.0,0.009827704,2000,1.0,0.05,2.2218197570699675e-05,1,1,2,2,0.49,0.0,0.1666774729318226,0.0,0.0412067958577417,0.0455537705699291,0.1018594134415317,0.1022040427978115,0.182703779773379,0.0764600542332851,5,599.8079499151179,0.01,0.0331397321314253,0.0029554092124494,0.0610121459990161,2.480271534594696,,0.4375960544207895,0.9584754270035994,0.6148963018145076,2.277930919498735,0.6833792758496204,1.0,0.8333333333333334,0.6666666666666666,1,0.0009228433904739,0.0043089935985067,0.0033861502080328,0.0059412333593935,1.2993631250745603,0.093793028729504,0.2618742406366227,0.0716059873272561,0.071998396317386,-0.7596102505243053,3.624962686348744,1.426576666887568,1.2878439948326244,0.3662478621573934,0.3680222686193934,-0.101356769400689,1.5334979766023291,0.4222758521936173,0.4275513851075421,0.262899765538298,0.2659621982171969,0.1322234285287243,0.0142269750794174,0.0101874755891847,-4.25261546295466,0.6256958495517275,0.593658269090006,0.168234268447725,0.1739416535111903,0.1485116404056974,-1.749035360649821,0.7124937167932786,0.6716026127619588,-1.7497654835683047,5.1417598131920786e-06,7.148170211945512e-06,-12.178115160987115,0.855661366298004,0.9584754270035994,1.7103918958568112,0.0412067958577417,0.0420464210211441,0.0534080948309016,0.26419914906697,0.1817081474553556,0.1022040427978115,0.0412067958577417,0.1022040427978115,5,0.0412067958577417,0.1022040427978115,5,0.0057328626501991,0.0687569938806584,4,0.0057328626501991,0.0687569938806584,4,0.0057328626501991,0.0687569938806584,4,0.0057328626501991,0.0687569938806584,4,0.0057328626501991,0.0687569938806584,4,0.05,10.0,14,0.2779902141088547,0.001510133644269,0.0466865905543956,0.0008360559486355,2,0.1517392064058094,0.0029082471325573,0.0665796332416451,0.0064044764189234,3,0.2389211716449739,0.0022224323063118,0.0007110968596889,3.125358066246998,5.364382271692585,0.0009228433904739279,0.004087437223959784,0.2257755507691701
10,10.0,0.009827704,2000,1.0,0.05,2.2218197570699675e-05,1,1,2,2,0.339,0.0,0.0799838704511366,0.0,0.0166266291927009,0.0199303235494906,0.3280966428090194,0.0945026920002693,0.1982654998207128,0.0439003165385383,5,4780.1802668593955,0.01,0.0333942879784469,0.0038316994648773,0.0869910230779266,5.683815456818856,,-0.394046688587332,0.939342057416084,0.6204793805684977,7.26605993711012,0.8754289080855566,0.9,0.7,0.6666666666666666,2,0.0007595961399847,0.0051865155890254,0.0034788651814469,0.0059461117290101,1.3131421777015742,0.0841462137741703,0.2724228740748867,0.0639033410811702,0.0639493157641517,-1.0162422545086125,3.6003287713254615,1.429278943316861,1.2810251666603405,0.3667577080706717,0.3710544249579035,-0.0826236811635306,1.5388308989674753,0.4334481351598944,0.4310229716056827,0.2674408664326871,0.2716940332513539,0.1169975339898415,0.0142604110581303,0.0101346035536207,-4.250268038455599,0.616289256449031,0.5916845312691494,0.1669931090703073,0.163465117885829,0.145903850163153,-1.8111556576704235,0.7131923190727679,0.6973569788015977,-1.660949766570191,5.241874620897321e-06,7.024347070186138e-06,-12.1588313715297,0.8360758416198971,0.939342057416084,1.727394101303362,0.0159002952288772,0.0166266291927009,0.0272640462268938,0.3021870145681567,0.1981067928937123,0.0945026920002693,0.0166266291927009,0.0945026920002693,5,0.0166266291927009,0.0945026920002693,5,0.0058169630573369,0.0783991048596213,4,0.0058169630573369,0.0783991048596213,4,0.0058169630573369,0.0783991048596213,4,0.0058169630573369,0.0783991048596213,4,0.0058169630573369,0.0783991048596213,4,0.05,10.0,15,0.5605864097516368,0.0018816298404325,0.0387823107324819,0.0004282036393103,2,0.3379382456755635,0.0007221664071924,0.0427828324689186,0.0014792326160021,2,0.5406982009221234,0.0022224323063118,0.0005565570992843,3.99317933266749,13.97665508980809,0.0017076504075784595,0.0035111809177177876,0.4863464593810807
6,50.0,0.009827704,2000,1.0,0.05,2.2218197570699675e-05,1,1,2,2,0.481,0.0,0.1690623488596085,0.0,0.0405258399793015,0.0447756208891415,0.0770313759991134,0.1023641963005196,0.1824014855237136,0.0825637283185916,5,596.4245080241552,0.01,0.0333257881779733,0.0029132092065136,0.0598462977826355,2.525899434849516,,0.4621176915946504,0.9082372800533822,0.6373039890380418,0.3942704761371909,0.1245064661485866,1.0,1.0,0.6666666666666666,1,0.0008832686718113,0.0042698923403895,0.0033866236685781,0.0059419091375717,1.2987331284039692,0.0938591166155659,0.2613892727051263,0.0716326000961884,0.0720838414780135,-0.7525578293795502,3.6099330660573457,1.3967558211547837,1.2836892309145451,0.3598660386620061,0.3626348161431248,-0.0916089117847169,1.5261045188042304,0.4343115428802688,0.4227184225248094,0.2694001369149295,0.274342594825198,0.1469727201887327,0.0142712234322338,0.0103254288896344,-4.2495101166039975,0.6312704822725613,0.5979058594614303,0.1618294218378197,0.1653021015613014,0.1459226469935692,-1.7999805606164871,0.7033046762588493,0.6937596505068608,-1.7001901925324476,5.247122681188777e-06,6.786001730914211e-06,-12.157830692326865,0.8453948469214174,0.9082372800533822,1.7071689082436223,0.0405258399793015,0.0413480475666367,0.0524529751214863,0.2638202575791903,0.1810200026914309,0.1023641963005196,0.0405258399793015,0.1023641963005196,5,0.0405258399793015,0.1023641963005196,5,0.0053932134574086,0.0705766172546513,4,0.0053932134574086,0.0705766172546513,4,0.0053932134574086,0.0705766172546513,4,0.0053932134574086,0.0705766172546513,4,0.0053932134574086,0.0705766172546513,4,0.05,10.0,16,0.2779902141088547,0.001510133644269,0.0466865905543956,0.0008360559486355,2,0.1486078683638063,0.0028422336070268,0.0652964133190782,0.0060092656383002,3,0.2316392268432305,0.0022224323063118,0.0007110968596889,3.125358066246998,5.364382271692585,0.0008832686718113539,0.0040140022725366695,0.2200468788606758
10,50.0,0.009827704,2000,1.0,0.05,2.2218197570699675e-05,1,1,2,2,0.465,0.0,0.1376525884575646,0.0,0.0164983359177263,0.020545197022221,0.2908646754820059,0.0833168406499159,0.1618491876116908,0.0577999073097707,5,4156.4825524615835,0.01,0.0336446156943266,0.0025546099599332,0.0523765525686534,5.0500148054566765,,-0.3371629621586733,0.9119478625977632,0.6339345976029308,3.2739992025637163,0.5644826211316752,1.0,0.2,0.6666666666666666,1,0.0005486292909715,0.0038924291943261,0.0033437999033546,0.0059381366185066,1.299365856692439,0.0839166033179023,0.2618763429088472,0.0640018968918043,0.0644500200180897,-0.8498926889132132,3.5732842982999,1.4009584655653118,1.2734851443896924,0.3634777743405972,0.3669445536001134,-0.0626251486945674,1.5125125639922528,0.4227291020597579,0.4137722176600958,0.2623045243016251,0.2698809050204006,0.1850546647472259,0.0142761904988327,0.0101655120350646,-4.2491621294510455,0.6257494821978221,0.5907011479295322,0.1627011334614455,0.1630962252984288,0.1441700683082118,-1.8134149131028805,0.7026707114651134,0.6947457054611137,-1.682605153679884,4.805998575984217e-06,6.177957153297027e-06,-12.24564571694962,0.8235746143916306,0.9119478625977632,1.8590262445223027,0.0164983359177263,0.0172696528436881,0.0278676023052484,0.2414069997057046,0.1608237224794517,0.0833168406499159,0.0164983359177263,0.0833168406499159,5,0.0164983359177263,0.0833168406499159,5,0.0049891011803901,0.0670331698841867,4,0.0049891011803901,0.0670331698841867,4,0.0049891011803901,0.0670331698841867,4,0.0049891011803901,0.0670331698841867,4,0.0049891011803901,0.0670331698841867,4,0.05,10.0,17,0.5605864097516368,0.0018816298404325,0.0387823107324819,0.0004282036393103,2,0.3218957167006937,0.0007418899044779,0.0373761246140025,0.0011027339413549,2,0.2505553252602464,0.0022224323063118,0.0005565570992843,3.99317933266749,13.97665508980809,0.0005486292909715538,0.0024603533249584926,0.22298800965134125
6,2.0,0.009827704,2000,1.0,0.05,1.1875616199322276e-06,0,0,2,2,0.193,0.0,0.6951297387119392,0.0,0.0028801517407101,0.0068031776241257,0.0662195454628431,0.0604869154001259,0.1164395353222415,0.0041382502045378,4,118.94513544173893,0.01,0.0361167747287386,0.0005854385259145,0.0115787405943335,21.00129466970803,,0.0061927214793189,0.779925190816141,0.7435589557338591,0.611110801628245,1.8333324048847353,1.0,0.5,0.8333333333333334,1,0.001372823617522,0.0016874577175122,0.0030602813350342,0.0059108567799937,1.283952537573485,0.0906489480437254,0.2499432400779336,0.0695103429168837,0.0704296731129109,0.7931725107296572,3.4623751832255767,1.3850075890090885,1.2419548226978077,0.3617847384849142,0.3742066173190069,1.9075569939346413,1.4262510978097511,0.4131457099115579,0.355049391911469,0.2640001550836335,0.279397560243493,-0.5975906611733686,0.0143551538038725,0.0101866092934993,-4.243646251159818,0.6237776475716663,0.5893129432176003,-1.1566935101250213,0.0909100580217916,0.0660378441025598,-2.397884634615248,0.4826750106272554,0.6342580020503112,-1.2386131988930114,1.8299192417857955e-06,1.681294733747184e-06,-13.211238722256406,0.5139831564473308,0.779925190816141,-0.8412137328522258,0.0028801517407101,0.0037133845868167,0.0138159965448503,0.175206130050246,0.1136255605163524,0.0604869154001259,0.023079350064239,0.0737522511483927,5,0.0028801517407101,0.0604869154001259,4,0.0028801517407101,0.0604869154001259,4,0.0028801517407101,0.0604869154001259,4,0.0028801517407101,0.0604869154001259,4,0.0028801517407101,0.0604869154001259,4,0.0028801517407101,0.0604869154001259,4,0.05,10.0,18,0.154095204973629,0.0155452757406659,0.618408787080676,0.3091119034604643,4,0.0703534398669982,0.0005160798902913,0.0836585420536807,0.0108929844532324,3,1.5593655037981362,0.0004675336371112,0.0026842490416805,0.1741766989021884,0.5596187433191061,0.0013728236175220565,0.0008526966068529178,1.609978984892168
10,2.0,0.009827704,2000,1.0,0.05,1.1875616199322276e-06,0,0,2,2,0.081,0.0,0.0796801011355426,0.0,0.0192006304498974,0.0235086996163414,0.5491513946532147,0.0643998570190349,0.1174521493755728,0.7249145944795435,5,782.7928727928592,0.01,0.037052907445505,0.0004851050548964,0.0092770916089923,3.354049086413138,,-0.3949632914877953,0.7725648777813631,0.7165586830058536,1.082140673526883,1.082140673526883,1.0,0.4,0.8333333333333334,1,0.0014784766208236,0.0015693434522849,0.0030478200731085,0.0059106810782705,1.2667847425058725,0.0867763921733257,0.2364819914875182,0.0670870823600194,0.0683454390999571,1.0224761517480845,3.419783155754364,1.380927696443571,1.2295771443141617,0.3630075642860563,0.3775036267383548,1.935228782245912,1.423114758124491,0.3933038670645817,0.3528479610595028,0.252836270278098,0.2673723937346636,-0.6152700963482368,0.0139215539305763,0.009917855411007,-4.274316997362653,0.6186237825360364,0.5924864520619358,-1.1167511337379292,0.0998948602683895,0.0768645490437709,-2.3036370434160314,0.5255163344109244,0.6581207387635768,-1.3169813853907342,1.988803012225085e-06,1.8113161244374935e-06,-13.12797760159684,0.5231439482176016,0.7725648777813631,-0.985638488363659,0.0192006304498974,0.0202055934863417,0.0311198749127851,0.1761805214467444,0.1117760696609391,0.0643998570190349,0.0192006304498974,0.0643998570190349,5,0.0192006304498974,0.0643998570190349,5,0.0086210269309535,0.0426936477202959,4,0.0086210269309535,0.0426936477202959,4,0.0068982671732929,0.0425988660012097,3,0.0068982671732929,0.0425988660012097,3,0.0068982671732929,0.0425988660012097,3,0.05,10.0,19,0.0435200469311359,0.0001915154898853,0.130757924816137,0.0049168371333444,3,0.1660153911890308,0.0009817856391183,0.0694946231252962,0.0038294760633821,3,2.9567926990542603,0.0004675336371112,0.0017693180598951,0.2642451053367874,2.304398724151403,0.0014784766208236289,0.0005377697813651281,2.749274265784361
6,10.0,0.009827704,2000,1.0,0.05,1.1875616199322276e-06,0,0,2,2,0.114,0.0,0.2530478041891235,0.0,0.106463343273693,0.1159835967452862,0.1126561306066229,0.0794219166184756,0.1052261348912398,0.0072984005289855,5,53.97077595870648,0.01,0.0383229332993972,0.0003554924768371,0.006505676516564,0.7460024659783595,,-0.0802963685888224,0.80598558652794,0.7554007573353397,0.5880295901054506,1.764088770316352,1.0,0.3333333333333333,0.8333333333333334,1,0.0016124332491871,0.0014152249193155,0.0030276581685026,0.005909101492623,1.2511578502799976,0.0860780534370016,0.2240694028054119,0.0668328797913278,0.0686425248373141,1.2120909758567264,3.3548904207826946,1.38129268935059,1.210419108424583,0.3662808809501412,0.3842681344699225,1.970238579193468,1.4067856042956408,0.3995425911940085,0.3413073886222291,0.257823859849379,0.2743603485396885,-0.5586062671670434,0.0144402858637452,0.0101770543619172,-4.2377333490551505,0.6231198921364258,0.5858733213298325,-1.1674036858585843,0.0952153691721798,0.0758242268798114,-2.351613909330753,0.5178828592155295,0.6809249454378146,-1.2437530085450703,1.9230965306566087e-06,1.8620510456763373e-06,-13.161573894668152,0.547242389775733,0.80598558652794,-0.8808427969990164,0.106463343273693,0.1093787295736598,0.1321087173885058,0.1391771642082417,0.0970793238470022,0.0794219166184756,0.106463343273693,0.0794219166184756,5,0.106463343273693,0.0794219166184756,5,0.0576934369112201,0.0015530316920542,4,0.0576934369112201,0.0015530316920542,4,0.0576934369112201,0.0015530316920542,4,0.0576934369112201,0.0015530316920542,4,0.0576934369112201,0.0015530316920542,4,0.05,10.0,20,0.154095204973629,0.0155452757406659,0.618408787080676,0.3091119034604643,4,0.094992826389286,0.0007335390283205,0.0853655272252521,0.0126503846211941,3,3.2210554232951414,0.0004675336371112,0.0026842490416805,0.1741766989021884,0.5596187433191061,0.0016124332491871335,0.00046132258306234267,3.495240225361417
10,10.0,0.009827704,2000,1.0,0.05,1.1875616199322276e-06,0,0,2,2,0.021,0.0,0.0215290340382838,0.0,0.0364401533321453,0.0421308108148948,0.2429507992944623,0.0553224511390784,0.1085309865082398,0.0066176854466667,5,344.0342329342128,0.01,0.0408352815023423,0.0002416038417992,0.0040187695212603,1.5181728417777065,,-0.6377687826500903,0.8028178280223403,0.8109904221709283,0.4972318560119402,0.8287197600199004,1.0,0.5,0.6666666666666666,1,0.0017332129463498,0.0012766682683268,0.0030098812146766,0.0059079163416991,1.2311614530883903,0.0742850399242505,0.2079579946446737,0.0583729864937918,0.0602325228463545,1.6637651160207958,3.2446764006902855,1.3533042769864276,1.177015622745932,0.3623104784362364,0.3894260400530123,2.08402531278287,1.354618918699633,0.3772468632660058,0.3035201739639713,0.2461519540204347,0.2696907936279702,-0.4315822301779635,0.0140708880806537,0.0100024010893691,-4.263647291109025,0.6203210836114247,0.5910621038795074,-1.1308958139450105,0.0969612378425474,0.0772169367054793,-2.3334439902147004,0.5242247864261211,0.6792877007217226,-1.2633669763202366,1.9386355177022233e-06,1.8400910791116384e-06,-13.15352617374024,0.5209850371123625,0.8028178280223403,-0.940683903113128,0.0364401533321453,0.0381625793966379,0.0517896997159012,0.178858397668772,0.091412110716869,0.0553224511390784,0.0364401533321453,0.0553224511390784,5,0.0364401533321453,0.0553224511390784,5,0.0364401533321453,0.0553224511390784,5,0.0352774979233311,0.0363596587265172,4,0.0352774979233311,0.0363596587265172,4,0.0352774979233311,0.0363596587265172,4,0.0352774979233311,0.0363596587265172,4,0.05,10.0,21,0.0435200469311359,0.0001915154898853,0.130757924816137,0.0049168371333444,3,0.1758100362855046,0.0010439116410709,0.0710428639301423,0.0057440543802331,3,7.26497897182105,0.0004675336371112,0.0017693180598951,0.2642451053367874,2.304398724151403,0.001733212946349818,0.0002336559293075254,7.4177999740321425
6,50.0,0.009827704,2000,1.0,0.05,1.1875616199322276e-06,0,0,2,2,0.085,0.0,0.2530627173319432,0.0,0.0576594715730539,0.066176498018538,0.0752983884665128,0.0475938392250039,0.0833362264200894,0.0046410548942434,5,44.42338128387232,0.01,0.038830341549171,0.0002703256857959,0.0048676353254843,0.825429680962356,,-0.6493626129946205,0.8013103498814055,0.7859141793404849,0.40593044516117,405930445161.1701,1.0,1.0,0.8333333333333334,1,0.0016979358116597,0.0013124313963684,0.0030103672080281,0.0059066137850203,1.2502116451009704,0.0824087393574436,0.2233128530626362,0.0640893511830039,0.065778275364861,1.2757826178468905,3.3903006009205563,1.371142467584031,1.2209185902990771,0.3626912580300284,0.3780739892121593,1.9607895830110256,1.376434403211838,0.3846652905996141,0.319496389696993,0.25109674291096,0.2703820490591629,-0.4867089218085197,0.014236482168697,0.0102102623442461,-4.251947442232491,0.6276124302209786,0.594001715367818,-1.1363993625547006,0.0795382456386769,0.0542984002638097,-2.5315172957863337,0.4366255885717186,0.6082648915676808,-1.063187751515408,1.551620383527929e-06,1.421745283455052e-06,-13.37621076436459,0.4470708101189671,0.8013103498814055,-0.5981102802906975,0.0576594715730539,0.0602570745822422,0.0806129479003178,0.1285396414531139,0.0738751985821504,0.0475938392250039,0.0576594715730539,0.0475938392250039,5,0.0576594715730539,0.0475938392250039,5,0.0323547648025779,0.0094809356968271,4,0.0323547648025779,0.0094809356968271,4,0.0323547648025779,0.0094809356968271,4,0.0323547648025779,0.0094809356968271,4,0.0323547648025779,0.0094809356968271,4,0.05,10.0,22,0.154095204973629,0.0155452757406659,0.618408787080676,0.3091119034604643,4,0.1915604916650657,0.0101390605194217,0.6108437232705859,0.2782072030619451,4,4.348043807217597,0.0004675336371112,0.0026842490416805,0.1741766989021884,0.5596187433191061,0.0016979358116597796,0.00034892963123666574,4.866126747797278
10,50.0,0.009827704,2000,1.0,0.05,1.1875616199322276e-06,0,0,2,2,0.0705,0.0,0.0815888474251319,0.0,0.0189970265503036,0.0233150831480101,0.4480531136308133,0.0643334191585029,0.1173804092368495,0.6872431441885357,5,672.5249976329108,0.01,0.0371420266051519,0.0004622931737394,0.0088187568993215,3.3864994075862103,,-0.4544547404771151,0.8741421888820675,0.7275862829199127,0.8701825086997731,0.966869454110859,1.0,0.5,0.8333333333333334,1,0.0015014709827962,0.0015420464864892,0.0030435174692855,0.0059100741940255,1.2676450190487527,0.0854150879980082,0.2371608633891739,0.0660363251510091,0.0672324343142894,1.0284653143026372,3.3809744288150965,1.3941185789629864,1.2181639604954608,0.3665260567078024,0.3848094810207865,1.9477902248221324,1.4242812086370242,0.4017144938642254,0.3536672714690137,0.2573234554385674,0.2725325805708765,-0.6077250381910065,0.0142182777625431,0.0103389879400738,-4.253226975687115,0.6316146083433901,0.6005388311175665,-1.1271728404876329,0.0958281111058707,0.0747308001495157,-2.3451992017059338,0.5162410596395451,0.668237616301478,-1.260134310708022,1.8954126972492584e-06,1.964480078914669e-06,-13.1760739609514,0.519261346089879,0.8741421888820675,-0.9003836978890164,0.0189970265503036,0.0200102281039871,0.0309379947897397,0.1762110889638585,0.1115967195881871,0.0643334191585029,0.0189970265503036,0.0643334191585029,5,0.0189970265503036,0.0643334191585029,5,0.0092967296533507,0.043256767194894,4,0.0092967296533507,0.043256767194894,4,0.0070153066711432,0.043255634660816,3,0.0070153066711432,0.043255634660816,3,0.0070153066711432,0.043255634660816,3,0.05,10.0,23,0.0435200469311359,0.0001915154898853,0.130757924816137,0.0049168371333444,3,0.1566143359758629,0.0009232731828292,0.0736802855447561,0.0043617922160586,3,3.11925827288732,0.0004675336371112,0.0017693180598951,0.2642451053367874,2.304398724151403,0.0015014709827962732,0.0005021884857078346,2.989855453734567
6,2.0,0.009827704,2000,1.0,0.05,7.472578056782092e-06,0,0,2,2,0.213,0.0,0.5542404748682267,0.0,0.0597054888959187,0.0662874587589263,0.1297685002904974,0.075097160664654,0.116985399759114,0.0079814191474654,5,136.67926769000576,0.01,0.0363889410727893,0.0006897587381002,0.0134494943354799,1.257793245702531,,0.3477631782927396,0.843754190057396,0.7173414518049412,0.6853550476242273,0.8224260571490727,1.0,0.5,0.8333333333333334,1,0.001271533331813,0.0018122523940472,0.0030837857258603,0.0059149946985239,1.269832591991369,0.0907673883857445,0.2388850744522015,0.0700558980592809,0.0713025915516698,-1.279589178584322,3.4375697251147375,1.3670720204867406,1.2347647464567206,0.360102375849448,0.3722694007760276,0.2871852227787047,1.4484792706353111,0.4167391435878814,0.3705142272068896,0.265785213658976,0.2774561463021507,0.2132023529919446,0.0141792688501484,0.0102163355478869,-4.25597432125629,0.6308855935310512,0.5958047328134082,1.3708566685362007,0.1196784026318132,0.1050615932724345,-2.122947111838581,0.6107861781341138,0.7167085269485538,-1.428953687821939,2.5474115235713978e-06,2.72948783017452e-06,-12.880432803141018,0.6532517473555369,0.843754190057396,1.6473929239792915,0.0597054888959187,0.061422156096363,0.0777347312844972,0.1638958036282546,0.1119632349844335,0.075097160664654,0.0597054888959187,0.075097160664654,5,0.0597054888959187,0.075097160664654,5,0.0213333423581081,0.0279188941064617,4,0.0213333423581081,0.0279188941064617,4,0.0213333423581081,0.0279188941064617,4,0.0213333423581081,0.0279188941064617,4,0.0213333423581081,0.0279188941064617,4,0.05,10.0,24,0.138249973676976,0.0011851364998493,0.0412336220156875,0.0026100000895701,3,0.0846275664420615,0.0008441666772635,0.0506542472491679,0.0031985946837249,3,1.30609286230411,0.0014611567796789,0.0006435694663376,2.270394815331925,1.175510428541923,0.0012715333318130393,0.0009650752008993725,1.317548446616463
10,2.0,0.009827704,2000,1.0,0.05,7.472578056782092e-06,0,0,2,2,0.002,0.0,0.0014268641693949,0.0,0.385278534218471,0.3985248130899628,0.5114055717705789,0.2879424979349568,0.2617644109009676,0.0102450330275056,5,196.16556783027383,0.01,0.045830424793475,0.0002076713036462,0.0028223288718633,0.747361901485225,,-1.250919977331796,0.878577296295505,0.9054710152893934,1.2970520578739138,1.080876714894928,1.0,0.3,1.0,1,0.0017824331232576,0.0012312748283803,0.003013707951638,0.0059122494787344,1.1851860368833345,0.0457262352980314,0.1698997554154526,0.0369717370583084,0.0385543866614806,-0.5587362580052532,3.11316502732216,1.287874006246011,1.1356399023647312,0.3523343248093595,0.3873224502253378,0.5748543666105893,1.2830026810083308,0.3338989551287849,0.2492031752714803,0.2256462521264079,0.2532148544170507,0.7887438111680501,0.0141907865293741,0.0102943063552604,-4.255162360919638,0.6278892704234111,0.5999536645149578,1.3761053156015066,0.1330376320132412,0.1231887472035758,-2.0171232433144892,0.6678670148178701,0.7334508119808144,-1.4652752846408683,3.3440547738211337e-06,3.845208731289452e-06,-12.608326483144763,0.7077936482299426,0.878577296295505,1.136003393340924,0.385278534218471,0.3908650871501982,0.4194308179012191,0.246648801765729,0.2507019330022169,0.2879424979349568,0.385278534218471,0.2879424979349568,5,0.385278534218471,0.2879424979349568,5,0.385278534218471,0.2879424979349568,5,0.385278534218471,0.2879424979349568,5,0.385278534218471,0.2879424979349568,5,0.385278534218471,0.2879424979349568,5,0.385278534218471,0.2879424979349568,5,0.05,10.0,25,0.271230239915622,0.001651627686621,0.0429889910696614,0.001471815221203,3,0.2953678713981498,0.0021611287724347,0.0342798459995491,0.0023232044486696,3,10.540910992240724,0.0014611567796789,0.0004770647166875,3.0628062159454976,2.3234590293385966,0.0017824331232576286,0.00015074647807152475,11.824044886885629
6,10.0,0.009827704,2000,1.0,0.05,7.472578056782092e-06,0,0,2,2,0.213,0.0,0.6753215943218992,0.0,0.0641835572927327,0.0707035487927562,0.1249945251306138,0.0783770037824166,0.119864863103149,0.0177330257555911,5,163.19219071801743,0.01,0.0362136136548486,0.0007467730101241,0.0146393526446693,1.2211383583017914,,0.4358825651262194,0.9449794050764332,0.6877996155488098,1.1504526552818028,0.986102275955831,1.0,0.5,1.0,1,0.0012135740870265,0.0018808817084801,0.0030944557955066,0.0059167241818073,1.2642570947046414,0.0918223371491867,0.2344846727515242,0.0709041891144117,0.072444559915882,-1.2022190566827728,3.502089655602056,1.4066948813518965,1.2533598347929655,0.3670076199339389,0.3752273806355872,0.2311150725167162,1.45837035755412,0.4070846453410198,0.3773196188563082,0.2595202887883922,0.2696765602684536,0.1921261783651808,0.0141760123082873,0.009963118138781,-4.2562040168715285,0.614380717068725,0.5863037985580251,1.4080575684700891,0.1383031663715397,0.1198876251126422,-1.978307145623837,0.6453579585325375,0.6990001897447511,-1.5765283661235852,2.865845834989419e-06,3.5856739677025197e-06,-12.76264702100668,0.7032767891159646,0.9449794050764332,1.3627302064681874,0.0641835572927327,0.0658665233985279,0.082060565687008,0.1664413965626126,0.1147761889644179,0.0783770037824166,0.0641835572927327,0.0783770037824166,5,0.0641835572927327,0.0783770037824166,5,0.025097554024972,0.0218357579240639,4,0.025097554024972,0.0218357579240639,4,0.025097554024972,0.0218357579240639,4,0.025097554024972,0.0218357579240639,4,0.025097554024972,0.0218357579240639,4,0.05,10.0,26,0.138249973676976,0.0011851364998493,0.0412336220156875,0.0026100000895701,3,0.0977255256213763,0.0012378857538446,0.0438344313321036,0.001728637816553,3,1.1739424393408904,0.0014611567796789,0.0006435694663376,2.270394815331925,1.175510428541923,0.0012135740870265073,0.001043000888449016,1.163540798926011
10,10.0,0.009827704,2000,1.0,0.05,7.472578056782092e-06,0,0,2,2,0.1535,0.0,0.1283911702767649,0.0,0.0174502519596915,0.021471251576201,0.5465857641729762,0.0705435075634233,0.125475028500548,0.7277953266593356,5,1375.6589594397938,0.01,0.0356799328858477,0.0007441654941975,0.0148757701793438,4.042549513117189,,-0.2500915038072796,0.8107962512707104,0.6931234779878427,1.4694034719879112,0.8643549835223008,1.0,0.3,0.8333333333333334,1,0.0012127858795825,0.0018744706812711,0.0030872565608537,0.0059142691524262,1.278575093313196,0.085637379394587,0.2457462495058201,0.0658883844245508,0.0668321928251468,-1.4646579203469183,3.51332640145507,1.4384943082510648,1.2565632814227814,0.3731475714987413,0.3815861367226941,0.2187272604712078,1.4525320037369125,0.4071274000781006,0.3733082430550063,0.2587487077878169,0.270801331650204,0.2082020720220204,0.0140140720244037,0.0100258456330293,-4.267693309586192,0.619948741663008,0.5945264331612105,1.4139438511544715,0.1197114185459924,0.0972331590346199,-2.122671277935317,0.5848224232570602,0.675832755991218,-1.4928651175109229,2.3265370898985824e-06,2.3309641042937875e-06,-12.971129623429627,0.607435955475296,0.8107962512707104,1.920958277068412,0.0174502519596915,0.0182985252717812,0.0286649774971302,0.1832002039814173,0.1226813739568034,0.0705435075634233,0.0174502519596915,0.0705435075634233,5,0.0174502519596915,0.0705435075634233,5,0.0055121466605694,0.0546875427470671,4,0.0055121466605694,0.0546875427470671,4,0.0055121466605694,0.0546875427470671,4,0.0055121466605694,0.0546875427470671,4,0.0055121466605694,0.0546875427470671,4,0.05,10.0,27,0.271230239915622,0.001651627686621,0.0429889910696614,0.001471815221203,3,0.2093169782973162,0.0012210491051732,0.0549168461782506,0.0021073474977761,3,1.633586487377174,0.0014611567796789,0.0004770647166875,3.0628062159454976,2.3234590293385966,0.0012127858795825943,0.0008026021546946037,1.5110673108572312
6,50.0,0.009827704,2000,1.0,0.05,7.472578056782092e-06,0,0,2,2,0.2965,0.0,0.8096738377432451,0.0,0.0468561948807613,0.0521943089457094,0.4334172033240887,0.0822120599530972,0.131360096010324,0.6816319866007362,5,220.81554526893024,0.01,0.0350362108972067,0.000983667800165,0.0200153371681565,1.7545611666143333,,0.4471486665829496,0.9524422481149332,0.6785646582115885,0.6051432347900446,0.5186942012486097,1.0,0.6666666666666666,1.0,1,0.0009701304909142,0.0021535329521779,0.0031236634430921,0.0059179424593673,1.2815284860216565,0.0930712270410551,0.2480534952301495,0.0715149692279575,0.0724381458862553,-1.3816854135201349,3.544562060604754,1.4073309283970228,1.2654146151467485,0.3660130785045334,0.3711739967689556,0.1988076837001208,1.4763621548308177,0.4185410614508945,0.3895810584333643,0.2643559377615447,0.2735573720563989,0.1422294578834129,0.0145008585731122,0.0101539544860825,-4.233547419369793,0.6206744582718854,0.5831573004551928,1.3572764431687625,0.13571812581337,0.1191988885070101,-1.9971751483762357,0.6543050958478597,0.7045687944372923,-1.5261338044201045,2.753808670876036e-06,3.5069517263406797e-06,-12.802525633246187,0.7161592387270954,0.9524422481149332,1.3939010799470997,0.0468561948807613,0.0480822906926047,0.061644441263762,0.1829060576340884,0.1289621704437865,0.0822120599530972,0.0468561948807613,0.0822120599530972,5,0.0468561948807613,0.0822120599530972,5,0.0128813144515228,0.0437151615000716,4,0.0128813144515228,0.0437151615000716,4,0.0128813144515228,0.0437151615000716,4,0.0128813144515228,0.0437151615000716,4,0.0128813144515228,0.0437151615000716,4,0.05,10.0,28,0.138249973676976,0.0011851364998493,0.0412336220156875,0.0026100000895701,3,0.0865309200536688,0.0011515012987428,0.0479970341601001,0.0019680590204238,3,0.691528628028511,0.0014611567796789,0.0006435694663376,2.270394815331925,1.175510428541923,0.0009701304909142346,0.0014165971361374905,0.6848316053775199
10,50.0,0.009827704,2000,1.0,0.05,7.472578056782092e-06,0,0,2,2,0.01,0.0,0.0103165207715428,0.0,0.0709173548058758,0.0783873014530177,0.5281416355174665,0.0631826085833106,0.1102895562536866,0.685827916308533,5,313.33190465158447,0.01,0.0426149699815106,0.0002019845100795,0.0031283008515907,0.890932956485224,,-0.7985968266853004,0.8669042492135164,0.8142315620241914,0.9503763164333692,1.1879703955417114,1.0,0.2,0.8333333333333334,1,0.0017768322456178,0.0012280439186282,0.0030048761642461,0.0059084207958853,1.2066860019953387,0.0619241043956294,0.1878777607942342,0.0493261176714389,0.0512535121600001,-0.7832656859809152,3.263111005405062,1.3536510085562243,1.1826810364640596,0.3610956741170497,0.387534282756038,0.4306332148795559,1.3327466834038917,0.3520095640500946,0.2872419881818213,0.2338814927162187,0.2565733298910794,0.5983298222635494,0.0142166241173333,0.0100382652261835,-4.253343286636144,0.6174911194824587,0.5880483167734977,1.3963321271372682,0.1115587580846666,0.092072992442012,-2.193203848548468,0.5775306640546328,0.6873644030913473,-1.3895858262681025,2.2787610261734384e-06,2.4255232672382e-06,-12.99187867227147,0.5894171047527207,0.8669042492135164,2.0148858350476813,0.0709173548058758,0.0734888883266443,0.090755661226533,0.1815762463875233,0.086109813790226,0.0631826085833106,0.0709173548058758,0.0631826085833106,5,0.0709173548058758,0.0631826085833106,5,0.0709173548058758,0.0631826085833106,5,0.0708346809200242,0.0549452662624695,4,0.0708346809200242,0.0549452662624695,4,0.0708346809200242,0.0549452662624695,4,0.0708346809200242,0.0549452662624695,4,0.05,10.0,29,0.271230239915622,0.001651627686621,0.0429889910696614,0.001471815221203,3,0.2155302183075067,0.0013516714101965,0.056973938280304,0.0046098323568323,3,9.52920355788858,0.0014611567796789,0.0004770647166875,3.0628062159454976,2.3234590293385966,0.0017768322456178964,0.0001702452168350834,10.436899659501824
6,2.0,0.009827704,2000,1.0,0.05,2.1919205418674697e-06,0,0,2,2,0.1095,0.0,0.2223916513367655,0.0,0.0900651267261802,0.0984577121405332,0.0668606739113775,0.0775763097252033,0.10870567015811,0.0228212153513661,5,63.133638206451565,0.01,0.0380198106651049,0.000361145952868,0.0066834661605519,0.861335708337524,,-0.1376936390312267,0.7214445753148183,0.7430567840877238,0.5757967045551603,1.727390113665481,1.0,0.0,1.0,1,0.0016056441303519,0.0014220824162297,0.0030277265465817,0.0059089547090366,1.2516819492403168,0.0859056153153963,0.2244882062526641,0.0667439676099694,0.0684768542309349,0.7085970847816129,3.417240703457499,1.3804779457385363,1.2288334135721275,0.3673307149451135,0.3772390837029725,-0.61418415440711,1.4086967594264654,0.3927158339236637,0.3426649928814395,0.2546195476299252,0.2695669359635591,-1.303349407672702,0.0141485560252421,0.0100630055827485,-4.25814270778618,0.6189095877287077,0.5915877994240701,-1.0342151108040525,0.0926474311972564,0.0662308024719672,-2.378954052514723,0.4827688757081128,0.6247269934688043,-1.2775848901497506,1.8927909904820425e-06,1.6078520805368977e-06,-13.177458103622648,0.5240865407220863,0.7214445753148183,0.2799645736692949,0.0900651267261802,0.0925467428024266,0.1127612668929929,0.1476189602432063,0.1009217405059205,0.0775763097252033,0.0900651267261802,0.0775763097252033,5,0.0900651267261802,0.0775763097252033,5,0.0411426946917233,0.0080299202100905,4,0.0411426946917233,0.0080299202100905,4,0.0411426946917233,0.0080299202100905,4,0.0411426946917233,0.0080299202100905,4,0.0411426946917233,0.0080299202100905,4,0.05,10.0,30,0.9633255190055512,0.9989140441178068,0.8423925687336543,0.972771527920638,5,0.0930441564743251,0.0007246268489222,0.0872206086421748,0.0128213713971162,3,3.1233858479613223,0.0017091807832857,0.0003532426736995,4.83854559638997,0.3327037172223636,0.001605644130351933,0.00047104596134580023,3.408678265204807
10,2.0,0.009827704,2000,1.0,0.05,2.1919205418674697e-06,0,0,2,2,0.0185,0.0,0.0271823290341941,0.0,0.0375166324996576,0.0432953676760773,0.1135304836477182,0.0576493346968963,0.1101855409636888,0.0129557089346351,5,220.1012225163842,0.01,0.0408297410985403,0.000212980430268,0.0035513925484191,1.536634043511832,,-1.1081820719399191,0.8040603158114195,0.8264518643359597,0.6260332998643441,2.086777666214481,1.0,0.5,1.0,1,0.001760290279956,0.0012417931319989,0.0030020834119549,0.0059062041272558,1.2401034128138273,0.0790118937121353,0.215194773570079,0.0616677753644828,0.0635904591177021,0.9176269651906284,3.214944121514674,1.3529461144277095,1.1678099769832275,0.3620494279368864,0.3927879709969019,-0.4545933655945867,1.33899921537777,0.3659570098126847,0.2919224807325904,0.2412598784430276,0.2649912105098947,-1.1651988148658932,0.0140352536496072,0.0100222075378861,-4.266182996684126,0.6163651566665761,0.5942650784096177,-1.0254397934672614,0.0768342245599588,0.0482989831006216,-2.5661051058019595,0.4075476371129663,0.5682693106875368,-1.0541765639851934,1.577549179634773e-06,1.4263275158814955e-06,-13.359638067337263,0.416043776402578,0.8040603158114195,0.7905553389060467,0.0375166324996576,0.0392734312140968,0.0530960393144776,0.1789480241293894,0.0939592640647806,0.0576493346968963,0.0375166324996576,0.0576493346968963,5,0.0375166324996576,0.0576493346968963,5,0.0372268895519627,0.0500884238103844,4,0.0372268895519627,0.0500884238103844,4,0.0372268895519627,0.0500884238103844,4,0.0372268895519627,0.0500884238103844,4,0.0372268895519627,0.0500884238103844,4,0.05,10.0,31,0.1625655467390485,0.0010993388426253,0.1035837995491597,0.0220493960038872,3,0.1434923013965329,0.0007774677077705,0.0924352121822819,0.0094535589417076,3,7.943512898138738,0.0017091807832857,0.000276314277474,6.185640492088762,0.7944619254131431,0.00176029027995604,0.0002071494614029031,8.497682147154114
6,10.0,0.009827704,2000,1.0,0.05,2.1919205418674697e-06,0,0,2,2,0.098,0.0,0.3363589041275587,0.0,0.0269924524551555,0.0362490604363148,0.0500975475818287,0.0129684085386284,0.0510646335034974,0.0106104639185445,4,58.77522261178913,0.01,0.0380695067606065,0.0003468411386736,0.0064135830738725,0.4804457305305523,,-0.3440414004357702,0.7408993727730615,0.7754577178945345,0.4966836228610332,2.9801017371661995,1.0,0.3333333333333333,1.0,1,0.0016197547323869,0.0014044962489244,0.0030242509813113,0.0059081605031311,1.2584816641326444,0.087256050004843,0.2299059658666303,0.0676358058630434,0.0691736286805442,0.6191516568311964,3.414176107970619,1.420251424371422,1.227936207098843,0.3723919321212366,0.3874795475213742,-0.603427407229333,1.3904995854883833,0.3936561700735002,0.3296630965892729,0.2556397925551631,0.2736058768664822,-1.2472875881574013,0.0139755617499845,0.0101245082777733,-4.270445063969987,0.6242617999162552,0.5999921782661469,-1.0056410495579675,0.0835476654703312,0.0554950526624567,-2.482337966038697,0.4411096238404811,0.5919075607074605,-1.1638701124801425,1.712971987993e-06,1.464172539556813e-06,-13.277280691357864,0.4773537857698069,0.7408993727730615,0.5164895723550067,0.0269924524551555,0.0297574473845883,0.0519972814692006,0.0972884209309185,0.0429370710409453,0.0129684085386284,0.0640939599458395,0.0630342911852018,5,0.0269924524551555,0.0129684085386284,4,0.0269924524551555,0.0129684085386284,4,0.0269924524551555,0.0129684085386284,4,0.0269924524551555,0.0129684085386284,4,0.0269924524551555,0.0129684085386284,4,0.0269924524551555,0.0129684085386284,4,0.05,10.0,32,0.9633255190055512,0.9989140441178068,0.8423925687336543,0.972771527920638,5,0.096491503797282,0.0009032238342259,0.1051761862292535,0.0172903614757396,3,3.216001095461817,0.0017091807832857,0.0003532426736995,4.83854559638997,0.3327037172223636,0.0016197547323869052,0.0004618565222597821,3.507051766773223
10,10.0,0.009827704,2000,1.0,0.05,2.1919205418674697e-06,0,0,2,2,0.0295,0.0,0.0379033468982939,0.0,0.0281843287067748,0.0333226667490147,0.2197808185087723,0.0569205182674773,0.1093156804530889,0.0331050005413675,5,358.3790999830463,0.01,0.0395387362238027,0.0002687601492966,0.0047059057365416,2.019580415047989,,-0.7854801980340408,0.711689384411305,0.7849312890875315,0.6090180727709025,1.218036145541805,1.0,0.3,1.0,1,0.0017021055822562,0.0013101922005514,0.0030122977828076,0.0059073805776882,1.2446554726745829,0.0820617033081765,0.2188587628447623,0.0640208984190444,0.0657938395184519,0.8266679410943878,3.2975341176759807,1.407150816488846,1.1931749520837776,0.3724908703341612,0.3970185555923414,-0.5099460367647928,1.3730609698680254,0.3824341343944847,0.3170425321131042,0.2488566034271139,0.2695974432210095,-1.2305712269624802,0.014344598306147,0.0100206542253531,-4.244381832300794,0.6228703701629394,0.5813156460880355,-1.0497312998929125,0.0875617663553549,0.063686802777863,-2.4354108334455797,0.4819513935222901,0.6347095154712042,-1.1626098557644202,1.7221339238831237e-06,1.3968196392494274e-06,-13.271946382692992,0.4609895141333886,0.711689384411305,0.5232525613144909,0.0281843287067748,0.0296157154472849,0.0421679560929845,0.1740640943971846,0.0969624286946048,0.0569205182674773,0.0281843287067748,0.0569205182674773,5,0.0281843287067748,0.0569205182674773,5,0.0269638270660213,0.0437897290878635,4,0.0269638270660213,0.0437897290878635,4,0.0269638270660213,0.0437897290878635,4,0.0269638270660213,0.0437897290878635,4,0.0269638270660213,0.0437897290878635,4,0.05,10.0,33,0.1625655467390485,0.0010993388426253,0.1035837995491597,0.0220493960038872,3,0.1504031050895128,0.0008545577311835,0.0813005477747,0.00649134190384,3,6.118825008514991,0.0017091807832857,0.000276314277474,6.185640492088762,0.7944619254131431,0.0017021055822562465,0.0002760487504043499,6.1659601058256595
6,50.0,0.009827704,2000,1.0,0.05,2.1919205418674697e-06,0,0,2,2,0.1945,0.0,0.6314336392925521,0.0,0.0030411982887271,0.0070643184408283,0.0440769273920373,0.0609597190204283,0.1168004137895964,0.0185216799349078,4,121.1627082917388,0.01,0.035906669895859,0.0006218195051175,0.0123757853977867,20.044638077822167,,0.0305196898668315,0.8332699315772324,0.7435701434309541,0.6116521657263921,1.8349564971791763,1.0,0.5,1.0,1,0.0013356392940008,0.0017295318466784,0.0030651711406792,0.0059111079695483,1.2878667356211475,0.0925273118021801,0.2529871561965231,0.0709390320187751,0.071663678804963,0.2649547138780965,3.4489040942573665,1.360255516136908,1.2380565267421566,0.3577015543839659,0.3695302008657363,-0.6565020890691418,1.4319283102994216,0.4164259190440673,0.3590220046452093,0.2669580434889069,0.2803211629110965,-1.3043819313262,0.0143437927178924,0.01019407309018,-4.244437993572029,0.6204150801582919,0.590827551385423,-1.053795084893617,0.0908949842609172,0.0661986740904452,-2.3980504579688766,0.4813715388577962,0.6360120160373207,-1.2416226705120543,1.8206236263656708e-06,1.8004090040287148e-06,-13.216331463718038,0.518629749443994,0.8332699315772324,0.3578642089726624,0.0030411982887271,0.0038969967288085,0.0142547603049492,0.1749762006962772,0.1144653216520835,0.0609597190204283,0.0229942441587354,0.0745201449010974,5,0.0030411982887271,0.0609597190204283,4,0.0030411982887271,0.0609597190204283,4,0.0030411982887271,0.0609597190204283,4,0.0030411982887271,0.0609597190204283,4,0.0030411982887271,0.0609597190204283,4,0.0030411982887271,0.0609597190204283,4,0.05,10.0,34,0.9633255190055512,0.9989140441178068,0.8423925687336543,0.972771527920638,5,0.0679571854133835,0.0004956345240334,0.0837397411493809,0.0108177007759476,3,1.421331503552402,0.0017091807832857,0.0003532426736995,4.83854559638997,0.3327037172223636,0.0013356392940008092,0.0008981916554256573,1.4870315104050296
10,50.0,0.009827704,2000,1.0,0.05,2.1919205418674697e-06,0,0,2,2,0.0235,0.0,0.0221258884718804,0.0,0.0309148515029187,0.0363866783318575,0.1726759853611118,0.0556428444188834,0.1072890508680527,0.0251309782269742,5,276.86506299187323,0.01,0.0399612320008864,0.0002471591399391,0.0042655255145336,1.799874225940565,,-0.8526871946228591,0.7498742832700805,0.8170357012754301,0.8102159722665967,1.6204319445331934,1.0,0.2,1.0,1,0.0017242274430142,0.0012842136696364,0.0030084411126506,0.0059069303359544,1.2434668805003477,0.0794732610753204,0.2179033498096019,0.0619747604238719,0.0637876877165889,0.8693770972205512,3.3220646460710355,1.368380545148596,1.2005864709870206,0.3645598217999845,0.3845925055049499,-0.541370030813487,1.3507018663889625,0.3747492903322287,0.3006243583774836,0.2456208334674235,0.268725535553462,-1.1799390059468902,0.0143878528516491,0.0103270350720297,-4.241370980359168,0.6317286120809735,0.5936061195750639,-1.0397777822881855,0.0841895697312731,0.0605219243909851,-2.474684240332486,0.4656587037086153,0.6317039830132187,-1.1189483393561777,1.6634508604694888e-06,1.4181852537990843e-06,-13.3066162817682,0.4494488993425502,0.7498742832700805,0.6138269411454491,0.0309148515029187,0.0324947831730921,0.0457504003195616,0.1723582421744453,0.0938660660108295,0.0556428444188834,0.0309148515029187,0.0556428444188834,5,0.0309148515029187,0.0556428444188834,5,0.0305781116901007,0.0467414829528305,4,0.0305781116901007,0.0467414829528305,4,0.0305781116901007,0.0467414829528305,4,0.0305781116901007,0.0467414829528305,4,0.0305781116901007,0.0467414829528305,4,0.05,10.0,35,0.1625655467390485,0.0010993388426253,0.1035837995491597,0.0220493960038872,3,0.146913608889782,0.0008179608629644,0.0843011840603743,0.0071559818010755,3,6.714888071367047,0.0017091807832857,0.000276314277474,6.185640492088762,0.7944619254131431,0.0017242274430142642,0.00024893713601311995,6.926356873180186
6,2.0,0.009827704,2000,1.0,0.05,3.1308187311581914e-05,1,0,2,2,0.4565,0.0,1.0804512757406075,0.006684584605127,0.0493063084325757,0.0537357625025152,0.1467944853311926,0.0911110887168413,0.155092066193182,0.0754710088177792,5,553.9698483078195,0.01,0.0358223166731807,0.0019960354896938,0.0384143004841452,1.8478586536534531,,0.2306144695057919,0.8392509339411983,0.6683788551693342,2.896015589554181,0.8274330255869088,1.0,0.1666666666666666,0.6666666666666666,1,4.259094863954312e-06,0.0033180798993233,0.0033223389941872,0.0059475337873982,1.2625837713218508,0.0837267961112006,0.2331602334883382,0.0648819613589645,0.066172619978214,0.0738059757569329,3.44576730790185,1.3701294830025774,1.2371466105506586,0.3620497736737633,0.3720459383758381,-1.4896330533780349,1.4948372165897823,0.4293165016569473,0.4020173156899975,0.2686998732191293,0.2768306614304855,1.3343799602321478,0.0138195465127578,0.0101492257888996,-4.281671275019071,0.626246240947262,0.607000526411955,-1.110510942061841,0.1628210995051356,0.1486981319446604,-1.8151032299716496,0.7177348208346648,0.7099316158062173,-1.6449376696108595,7.303217385068308e-06,8.707568454378035e-06,-11.827195569225662,0.868107758409599,0.8392509339411983,1.6767096434193192,0.0493063084325757,0.0503098158654519,0.0615911632095181,0.226769627714627,0.1473954821480776,0.0911110887168413,0.0493063084325757,0.0911110887168413,5,0.0493063084325757,0.0911110887168413,5,0.0071871552583802,0.0470247180506889,4,0.0071871552583802,0.0470247180506889,4,0.0071871552583802,0.0470247180506889,4,0.0071871552583802,0.0470247180506889,4,0.0071871552583802,0.0470247180506889,4,0.05,10.0,36,0.2784466491273774,0.0014538532264537,0.0556038924802878,0.0014616611371389,2,0.1117888933724808,0.0006045250591498,0.0416271631099246,0.001593762768926,2,0.0017276542474796,0.00147786021714,0.0014336938840877,1.0308059715832207,8.425057470749405,4.259094863954312e-06,0.002526228545918536,0.0016859499394207451
10,2.0,0.009827704,2000,1.0,0.05,3.1308187311581914e-05,1,0,2,2,0.266,0.0,0.142758070343782,0.006684584605127,0.0328359129840629,0.0371621231238642,0.5544578296251252,0.057512321414677,0.1348949485336339,0.0159271139194712,5,2623.1630558031775,0.01,0.0418765532884538,0.0013952288642295,0.0215516020680957,1.7515066945935356,,-1.5336063631498926,0.6274193913067311,0.7377723532170801,9.42632652719808,0.8648005988255117,1.0,0.0,0.6666666666666666,1,0.0006807452112606,0.0026484270167844,0.003329172228045,0.0059778127303198,1.1948578766715643,0.0468646433382169,0.1780272466549493,0.0379291467943638,0.0391931226873613,1.5798315639785263,3.3204623579032493,1.3602016893766302,1.2001040376606964,0.3612044064147521,0.3828788463791939,-1.3905664715667172,1.3855567901542392,0.3699484474918288,0.3261020734048998,0.2405890940849019,0.2590331017303486,1.805829853086791,0.0140763180287962,0.0104687442602743,-4.263261466086912,0.6384717624578076,0.610949479838787,-1.1180809456336198,0.201007705422027,0.1528018204305537,-1.6044120362248748,0.6527582839616614,0.6208906795024027,-2.1314478444992555,1.6484898340030535e-05,1.2919938732313938e-05,-11.013065848276062,0.701559098700988,0.6274193913067311,0.9142992091337552,0.0328359129840629,0.0340996837635891,0.0445507726239406,0.2471254760188014,0.1000470481674231,0.057512321414677,0.0328359129840629,0.057512321414677,5,0.0328359129840629,0.057512321414677,5,0.0222296212011341,0.0037585609699025,4,0.0204808222747098,0.0037320087589959,3,0.0204808222747098,0.0037320087589959,3,0.0204808222747098,0.0037320087589959,3,0.0204808222747098,0.0037320087589959,3,0.05,10.0,37,0.569999612930831,0.0018543877269646,0.0445324341855997,0.0007570597377304,2,0.5515625898573853,0.0021436873816485,0.5096837094468022,0.092063453662209,3,0.6890083118505983,0.00147786021714,0.0011259695132603,1.3125224082317644,23.87799986706909,0.0006807452112606699,0.0010139904014752046,0.6713527172153576
6,10.0,0.009827704,2000,1.0,0.05,3.1308187311581914e-05,1,1,2,2,0.3575,0.0,0.1443100866882629,0.0,0.0621618194568801,0.0531186158160453,0.2672722772640827,0.1192775935969499,0.3132399662867407,0.0748833857429831,5,850.1428329249583,0.01,0.0400477247138873,0.0074450399959263,0.0152082517010511,1.9188240408517867,,0.1476410071578424,0.7784684058071141,0.6081913369310675,1.5607881307005371,0.2229697329572195,1.0,0.8333333333333334,0.6666666666666666,12,0.00208369434992,0.0085855476117164,0.0039034164215624,0.0059871107714824,1.305893254786607,0.0910906048962113,0.2668872930471853,0.0693153893984071,0.06958572422963,-0.4174885742240378,3.674935337404434,1.4231129305558323,1.301535537245902,0.3626506407182917,0.3626947132119963,-1.6647157587588053,1.5566049265067756,0.4363052116849436,0.442507120453198,0.2691289971899475,0.2703119616978215,1.181804728209363,0.0143018806494072,0.0103162300907923,-4.247364236418916,0.6320018341202033,0.5961318504243874,-1.154680733819499,0.1819356487590698,0.1536466025342211,-1.7041022326757376,0.7077215075035251,0.6664734793323768,-1.825054102756401,9.97753282271272e-06,1.0582050975504108e-05,-11.515174710355897,0.8206824949099931,0.7784684058071141,1.393405852172044,0.0480979076467519,0.0490961203445039,0.0621618194568801,0.5250956880895739,0.2953466171736983,0.1192775935969499,0.0621618194568801,0.1192775935969499,5,0.0621618194568801,0.1192775935969499,5,0.0207959300942245,0.086036086618048,4,0.0207959300942245,0.086036086618048,4,0.0207959300942245,0.086036086618048,4,0.0207959300942245,0.086036086618048,4,0.0207959300942245,0.086036086618048,4,0.05,10.0,38,0.2784466491273774,0.0014538532264537,0.0556038924802878,0.0014616611371389,2,0.2464515912941443,0.0010951367417201,0.0468132230842817,0.0010438396015036,2,2.3616552894305225,0.00147786021714,0.0014336938840877,1.0308059715832207,8.425057470749405,0.0020836943499200353,0.00100028352265241,2.083103742821625
10,10.0,0.009827704,2000,1.0,0.05,3.1308187311581914e-05,1,1,2,2,0.319,0.0,0.0639223447170429,0.0,0.0183902265669509,0.0215201519267844,0.4149708459986551,0.0851138190023018,0.192169797485065,0.0466175439380224,5,4453.295438600676,0.01,0.0356808527984596,0.0041756126873608,0.0894403594518033,4.628209374824126,,-0.6133842514111504,0.7559347212621996,0.6488733752783049,3.979384628213164,0.3261790678863249,1.0,0.8,0.8333333333333334,2,0.0003412082478951,0.0056370248633433,0.0036378016304234,0.0059782331112385,1.2853642083602772,0.0800004691855566,0.2510421088188758,0.0614371055852458,0.0621213489058092,-0.2131154900396204,3.5445619822096877,1.390063157753404,1.2654145930297518,0.3593882596183074,0.3673952500199,-1.5793206292113793,1.4824308562610884,0.4053572959505539,0.393683210843273,0.2554505538102751,0.264480732327101,1.4362146627395256,0.0141352052664367,0.0101116758456027,-4.259086766085868,0.6213511832701617,0.594055118122249,-1.1556070564655756,0.1793214770080837,0.149231261703354,-1.7185751230118684,0.6929026638543907,0.6620810629009436,-1.8431984998263904,1.0307426880167914e-05,1.0391741583951588e-05,-11.482645866237918,0.7834533205492336,0.7559347212621996,1.4180997360326355,0.0175987207771885,0.0183902265669509,0.028571508436214,0.3107474771051918,0.1806480963477012,0.0851138190023018,0.0183902265669509,0.0851138190023018,5,0.0183902265669509,0.0851138190023018,5,0.0051799096404856,0.0693468259518597,4,0.0051799096404856,0.0693468259518597,4,0.0037170842151668,0.0692258613420182,3,0.0037170842151668,0.0692258613420182,3,0.0037170842151668,0.0692258613420182,3,0.05,10.0,39,0.569999612930831,0.0018543877269646,0.0445324341855997,0.0007570597377304,2,0.4886859368344878,0.0016215642506648,0.4841626007899887,0.0920310487003878,3,0.6264137132228994,0.00147786021714,0.0011259695132603,1.3125224082317644,23.87799986706909,0.0019992232329199625,0.0036656374083459562,0.545395796203987
6,50.0,0.009827704,2000,1.0,0.05,3.1308187311581914e-05,1,1,2,2,0.373,0.0,0.2628838111168022,0.0,0.0509894168754762,0.0416233909446391,0.1424081567586997,0.394801288266374,0.4021224656684508,0.177782115139484,5,1059.84175971468,0.01,0.0328039851566903,0.0320407290414578,0.0330929224139376,7.742808458283371,,0.0119062353030009,0.9472938100780364,0.4830693492859024,1.7043133915270097,0.3098751620958199,1.0,0.6666666666666666,0.5,12,0.0014046431253936,0.0206815033914646,0.004565319469742,0.0059699625951357,1.3762482006725618,0.0849918983836379,0.3193611016406822,0.0629872305041708,0.0616356346627123,-1.2925189920809588,4.003241249161157,1.4380604577078653,1.38710434528442,0.3525614398167848,0.3382297983521761,-1.9550607829501512,1.70272365654198,0.4331873569616702,0.5322291198946549,0.2571035746185195,0.2463810174406224,0.888108702007211,0.0141237520368047,0.010189778703126,-4.259897357229502,0.6268812302842842,0.5973442989038154,-1.1441197887857395,0.1657991313009924,0.1426457090916583,-1.7969782757337975,0.6931403209828615,0.6814132208355161,-1.729453563053986,4.760032771513434e-06,6.474704522015555e-06,-12.255256004972916,0.8429052359881295,0.9472938100780364,2.2346819136692178,0.0365724345247488,0.0373083214336923,0.0509894168754762,0.3037230351722731,0.507843073566705,0.394801288266374,0.0509894168754762,0.394801288266374,5,0.0509894168754762,0.394801288266374,5,0.0217914789806551,0.3827805121440167,4,0.0217914789806551,0.3827805121440167,4,0.0217914789806551,0.3827805121440167,4,0.0217914789806551,0.3827805121440167,4,0.0217914789806551,0.3827805121440167,4,0.05,10.0,40,0.2784466491273774,0.0014538532264537,0.0556038924802878,0.0014616611371389,2,0.2122457923415576,0.002413385788494,0.105676068142826,0.0089517163380137,3,0.7741876577137455,0.00147786021714,0.0014336938840877,1.0308059715832207,8.425057470749405,0.0014046431253936847,0.0018774195172156498,0.7481775450363236
10,50.0,0.009827704,2000,1.0,0.05,3.1308187311581914e-05,1,1,2,2,0.2965,0.0,0.0603248986177046,0.0,0.0159658777163091,0.0192360239529136,0.3728340039945839,0.0985717116054655,0.2207488827607736,0.076907825131729,5,5129.553938130307,0.01,0.0330633117249326,0.0045966538772239,0.1034266362588976,6.173898695514524,,-0.4930944800979816,0.8772641640702658,0.6053931229430621,2.5430804763240222,0.2794593930026398,1.0,0.8,0.5,2,1.3858070575083375e-05,0.0059388330451444,0.0035618058034569,0.0059526911157195,1.3135078090607415,0.0809520106772367,0.2727012753566502,0.0614267355555353,0.0615141583787005,-0.565753089219117,3.667903949223041,1.4059575234195223,1.2996203679071463,0.3613804344837754,0.3592669885492824,-1.665267429457309,1.5436906880614818,0.4277346630822359,0.4341760999671379,0.2628472250663448,0.2675859439628708,1.241743913335974,0.0144272907821039,0.0102965901182371,-4.238633672811353,0.6322308782103273,0.5905009381952393,-1.1680715552761578,0.1725859632514856,0.1524755025449931,-1.75685982894994,0.7157556313726683,0.6905215175442813,-1.7308595144800396,5.9091088399328165e-06,7.313754503245828e-06,-12.039015526421442,0.8419766653257369,0.8772641640702658,1.9803216358771891,0.0152689882525224,0.0159658777163091,0.0264732058899091,0.3440521761588569,0.2196227605179982,0.0985717116054655,0.0159658777163091,0.0985717116054655,5,0.0159658777163091,0.0985717116054655,5,0.0048004511916133,0.0867860744828496,4,0.0048004511916133,0.0867860744828496,4,0.0048004511916133,0.0867860744828496,4,0.0048004511916133,0.0867860744828496,4,0.0048004511916133,0.0867860744828496,4,0.05,10.0,41,0.569999612930831,0.0018543877269646,0.0445324341855997,0.0007570597377304,2,0.3627940525963162,0.0007386537370251,0.0452056116901063,0.0017133003498029,2,0.6483663931953925,0.00147786021714,0.0011259695132603,1.3125224082317644,23.87799986706909,0.0023770272416875444,0.004128588122255253,0.5757482149585527
6,2.0,0.009827704,2000,1.0,0.05,8.305908080179163e-06,1,0,2,2,0.429,0.0,1.4688517154381664,0.0241590674071694,0.0443122338590542,0.048915770255274,0.1013952993782565,0.09315710758689,0.1539555213067462,0.0463858563159273,5,425.5476209795185,0.01,0.0339707001968599,0.0017891397044499,0.0370384207539555,2.1022886790857505,,0.4813115387482354,0.9527667829922298,0.6525154927460926,3.317964251836388,1.327185700734555,1.0,0.6666666666666666,0.8333333333333334,1,0.0001745593528106,0.0030652617694861,0.0032398211222967,0.0059293615160448,1.2876612578308042,0.0946283893583162,0.2528275945134026,0.072547773155645,0.0732941611477231,0.3085881059003507,3.658857749307809,1.4462145907184911,1.297151008349888,0.3689937470355233,0.3693174468837337,1.2392476384292872,1.50221322582124,0.4238378959264689,0.4069395045322015,0.2655343313176803,0.272227459288144,0.6749688662427706,0.0142521286559228,0.0101152693550303,-4.2508490040604565,0.621388257098136,0.5899794684103631,0.7966049474116425,0.1705173615139504,0.1452983461283888,-1.768918160381296,0.7068345113359731,0.6719302875932868,-1.7356454636799203,4.058348814093703e-06,5.486548661910886e-06,-12.414734363109927,0.8141600780515648,0.9527667829922298,0.8796683882237947,0.0443122338590542,0.0452617724963669,0.057173304410401,0.2160736983609119,0.1526357579724367,0.09315710758689,0.0443122338590542,0.09315710758689,5,0.0443122338590542,0.09315710758689,5,0.0087703519722893,0.0524430293411679,4,0.0087703519722893,0.0524430293411679,4,0.0087703519722893,0.0524430293411679,4,0.0087703519722893,0.0524430293411679,4,0.0087703519722893,0.0524430293411679,4,0.05,10.0,42,0.1524657383912105,0.0014335938088638,0.1586483371178102,0.0149381796786821,3,0.1285854693236004,0.002332562667353,0.053797581458935,0.0034379366512731,3,0.0718688896087447,0.0012107292350376,0.0021650425106698,0.5592173036191361,6.881128089762431,0.00017455935281062178,0.002571458030952827,0.06788341505458699
10,2.0,0.009827704,2000,1.0,0.05,8.305908080179163e-06,1,1,2,2,0.2235,0.0,0.0447972805956601,0.0,0.0141483751806773,0.017375084093693,0.2947961376846091,0.126130545200192,0.3048956471651209,0.0624594861372619,5,5459.4777397940725,0.01,0.0309528443721009,0.0060840811123675,0.1374872913672306,8.914843124350455,,-0.5061615608408486,0.9064588428544508,0.5545042445533535,5.081340069930328,0.6685973776224117,1.0,0.5,1.0,2,0.0011973428591819,0.0071384071734297,0.0035931779784351,0.0059410643142477,1.344765665139375,0.0830588493613775,0.2962197712123994,0.0621914669078453,0.0616459527994664,-0.3377440320668529,3.7235461608671288,1.4124946457461656,1.3146764832629634,0.3615141903744747,0.3556951418737337,1.216409110359835,1.6004335445802231,0.4297373745558908,0.4702745579038914,0.2607692384631596,0.2595827710507032,0.4444249401092984,0.0142319044032016,0.0098786141502946,-4.2522690456730885,0.6103012412877346,0.5806440542424698,0.8134032308914486,0.152437614405099,0.1317872533892939,-1.880999852501325,0.6785354036023307,0.687963984909073,-1.6428507858758352,3.766573306868064e-06,4.697571354429929e-06,-12.4893449070085,0.7811412069552647,0.9064588428544508,1.012366804456188,0.0135721200866769,0.0141483751806773,0.0244047570137248,0.4743831991135185,0.3141731971816521,0.126130545200192,0.0141483751806773,0.126130545200192,5,0.0141483751806773,0.126130545200192,5,0.0038546690326029,0.1193157173412056,4,0.0038546690326029,0.1193157173412056,4,0.0038546690326029,0.1193157173412056,4,0.0038546690326029,0.1193157173412056,4,0.0038546690326029,0.1193157173412056,4,0.05,10.0,43,0.3963847336035271,0.0007779846400003,0.1276056300046723,0.0099313997708529,2,0.4397976894326575,0.0010851334782034,0.040917494905406,0.0006695105009937,2,4.713865632948946,0.0012107292350376,0.0015417200154793,0.7853107067960029,35.5199946130449,0.0023478863358126372,0.0005589563459043985,4.2004824759860755
6,10.0,0.009827704,2000,1.0,0.05,8.305908080179163e-06,1,1,2,2,0.347,0.0,0.1570559402039529,0.0,0.0450612651147023,0.0370012386655658,0.3965135356397086,0.190801484430246,0.6428176174774547,0.8023178582912175,5,836.5263306191354,0.01,0.0342480851093869,0.0121492070941811,0.0181853229039922,4.234268255553092,,0.173046023046264,0.956119398651004,0.4867208479485791,0.7064038777475887,0.2018296793564539,1.0,0.8333333333333334,0.8333333333333334,12,0.0020646370033035,0.0114549830605286,0.0038822523957835,0.0059468893990871,1.361662036664524,0.0911985375384498,0.308706039391704,0.0680901489767555,0.0668227866798042,-0.4918635878494795,3.879692629607925,1.426316441396229,1.3557559313239624,0.3563983848887787,0.3455448074255641,1.1186069397011564,1.6754759712655751,0.421043382812854,0.516097286860267,0.2511953090845902,0.243664122112883,0.2789447959251716,0.0142259325948459,0.0100736000538846,-4.2526887408483605,0.6230691799258252,0.588470978232399,0.7974085585727806,0.154049811260366,0.1335038151799936,-1.8704792791244629,0.6800912408885046,0.6891061186296797,-1.6545618099116266,3.6903431875291937e-06,4.906823858353623e-06,-12.509791099486051,0.7849875120599903,0.956119398651004,1.0334528989677811,0.032659462036631,0.0332829888453641,0.0450612651147023,0.9872305120160112,0.7504208559861071,0.190801484430246,0.0450612651147023,0.190801484430246,5,0.0450612651147023,0.190801484430246,5,0.0181186686287233,0.1761770757221446,4,0.0181186686287233,0.1761770757221446,4,0.0181186686287233,0.1761770757221446,4,0.0181186686287233,0.1761770757221446,4,0.0181186686287233,0.1761770757221446,4,0.05,10.0,44,0.1524657383912105,0.0014335938088638,0.1586483371178102,0.0149381796786821,3,0.184478835456945,0.0021263994398413,0.0773969773618027,0.0034685342231389,3,1.965357049376252,0.0012107292350376,0.0021650425106698,0.5592173036191361,6.881128089762431,0.0020646370033035916,0.0011162801814450312,1.8495688068482117
10,10.0,0.009827704,2000,1.0,0.05,8.305908080179163e-06,1,1,2,2,0.179,0.0,0.0337595636061336,0.0,0.0234021851578381,0.0164846449925563,0.4628122243317375,0.1466944908053708,0.409357483027373,0.0627792141796544,5,5862.213713030671,0.01,0.0356582775310149,0.0079533104152208,0.0138512244190806,6.268409971802911,,-0.6111724809369699,0.9352351287241912,0.5375611200478609,2.045952665276338,0.269204298062676,1.0,0.8,1.0,12,0.0022479689188023,0.0086146734255821,0.0036944484649253,0.0059424173837277,1.3556315212947152,0.078692821158613,0.3042674131321727,0.0585298048466894,0.0579501667421206,-0.4963699911434869,3.8370532285146273,1.4307595378092322,1.344704683598781,0.3598257737766823,0.3500139398034405,1.1386648323150337,1.6132261114919058,0.4261818366853834,0.4782359700328124,0.2570810636980138,0.2556410190882009,0.4198323264454811,0.0140143824692588,0.009947773530828,-4.2676711574653785,0.6174429782246476,0.5908769128607886,0.8289398880921042,0.1492282614556183,0.1325692346387106,-1.9022781892063465,0.680223279638339,0.7044762543615438,-1.607492888113168,3.570128830376022e-06,4.56682232249894e-06,-12.542908875883782,0.7635715729285129,0.9352351287241912,1.105810412966596,0.0127619465285072,0.0132898032913237,0.0234021851578381,0.6534796402301172,0.427898318046631,0.1466944908053708,0.0234021851578381,0.1466944908053708,5,0.0234021851578381,0.1466944908053708,5,0.0134693120954542,0.1410030593595639,4,0.0134693120954542,0.1410030593595639,4,0.0134693120954542,0.1410030593595639,4,0.0134693120954542,0.1410030593595639,4,0.0134693120954542,0.1410030593595639,4,0.05,10.0,45,0.3963847336035271,0.0007779846400003,0.1276056300046723,0.0099313997708529,2,0.4282844584667061,0.0010116106330808,0.0446342654094801,0.0008015200402671,2,3.8314993294494126,0.0012107292350376,0.0015417200154793,0.7853107067960029,35.5199946130449,0.00224796891880239,0.0006449894586354304,3.48528009055884
6,50.0,0.009827704,2000,1.0,0.05,8.305908080179163e-06,1,1,2,2,0.5495,0.0,0.2104227760793741,0.0,0.0414932433547405,0.045866283056611,0.1227425910348883,0.0957518337439381,0.1636563375345752,0.0441990463364412,5,515.9601178322501,0.01,0.0338372513960028,0.0021865257485793,0.0449197789251252,2.3076488122492997,,0.4161274335676197,0.9047244147300318,0.6355685509392566,0.8201265938162784,0.3075474726811044,1.0,0.8333333333333334,0.8333333333333334,1,0.0002008151064911,0.003497417471283,0.0032966023647918,0.005934967538174,1.290245812593919,0.0946713004158657,0.2548327526191652,0.072459099573682,0.0731810299873391,0.2812927833708441,3.5636561129723128,1.4260234503190006,1.270787015888186,0.3694194644985623,0.3736598494303906,1.309185542584019,1.5237656981179204,0.429191068274273,0.4211847040525945,0.2676917520324871,0.2716724752753853,0.6163141216902775,0.0141071139556642,0.0101724449549311,-4.2610760729707255,0.6278927870074519,0.5969633749354152,0.8046405998483716,0.1639411206537861,0.1407287190810649,-1.8082479360249364,0.6929962002453409,0.6800442986498119,-1.713551008084388,4.678585348268371e-06,5.9014120595642575e-06,-12.272514769740352,0.8068695125518629,0.9047244147300318,0.711355778496228,0.0414932433547405,0.0423729827145149,0.0537326231005777,0.2331737151341301,0.1620434637256573,0.0957518337439381,0.0414932433547405,0.0957518337439381,5,0.0414932433547405,0.0957518337439381,5,0.006492778123265,0.0613328833884638,4,0.006492778123265,0.0613328833884638,4,0.006492778123265,0.0613328833884638,4,0.006492778123265,0.0613328833884638,4,0.006492778123265,0.0613328833884638,4,0.05,10.0,46,0.1524657383912105,0.0014335938088638,0.1586483371178102,0.0149381796786821,3,0.1383903351402593,0.0025888821236729,0.0577973875007557,0.0043918877978887,3,0.0689065696597411,0.0012107292350376,0.0021650425106698,0.5592173036191361,6.881128089762431,0.0002008151064911909,0.0031225035177808763,0.06431221145073605
10,50.0,0.009827704,2000,1.0,0.05,8.305908080179163e-06,1,1,2,2,0.1325,0.0,0.0283477988228532,0.0,0.0200347602853459,0.0139043189769907,0.4397574649678842,0.3109652717213531,0.5950157977282787,0.0534859425756537,5,6766.355593521134,0.01,0.0325681390784214,0.0206848925879549,0.0248170808175655,15.52128736717668,,-0.9742896827447496,0.8578056884166564,0.4621305543155859,3.82000305367658,0.4197805553490747,1.0,0.8,1.0,12,0.001800829395089,0.0158897192214062,0.004146268035237,0.005947097430326,1.3914087015524514,0.0707053231611877,0.3303166882987239,0.0516573850609623,0.0507486977255306,-1.066676406769436,3.937939653730562,1.4887620093909986,1.3706576560087524,0.3697537082977283,0.3538573988842535,1.037901644629535,1.6896150724131995,0.4104440511539588,0.5245007351891163,0.2423878154918786,0.2360268609210487,0.25441120369839,0.0143814154913173,0.0100807301528285,-4.241818496810573,0.6194258359994337,0.5838030588911467,0.7845498595225435,0.1351315745161885,0.116122550653612,-2.0015063491374585,0.6450846047048658,0.6938265622339029,-1.541233378017761,2.9234173316439815e-06,3.2888045110619432e-06,-12.742757306917431,0.7058259513335857,0.8578056884166564,1.4794211313006385,0.0106545539962976,0.0110236426493286,0.0200347602853459,0.5792640075298036,0.8948181139336796,0.3109652717213531,0.0200347602853459,0.3109652717213531,5,0.0200347602853459,0.3109652717213531,5,0.010453621274021,0.3106231218303402,4,0.010453621274021,0.3106231218303402,4,0.010453621274021,0.3106231218303402,4,0.010453621274021,0.3106231218303402,4,0.010453621274021,0.3106231218303402,4,0.05,10.0,47,0.3963847336035271,0.0007779846400003,0.1276056300046723,0.0099313997708529,2,0.3879673417518901,0.000815621685769,0.0666470704612744,0.0020967282518589,2,1.8141479715230464,0.0012107292350376,0.0015417200154793,0.7853107067960029,35.5199946130449,0.0018008293950890174,0.0009841240339838774,1.8298805159741884
6,2.0,0.009827704,2000,1.0,0.1144714242553332,4.55590650270817e-06,1,1,2,2,0.4515,0.0,0.1572877769444637,0.0,0.0404866710961695,0.044836341531286,0.097766805989215,0.1019930048123043,0.1850027660584516,0.0660481707324689,5,652.4064107811877,0.01,0.0330276903105415,0.0030844714214585,0.0636815816710808,2.519174880296686,,0.4154399764417025,0.9088107910418576,0.6177611305431363,1.199725481737583,0.3427787090678809,1.0,1.0,1.0,1,0.0010402536324888,0.0044405563705434,0.0034003027380546,0.0059424104913645,1.2991140567563264,0.0909929439529121,0.2616825373415247,0.0695358336148818,0.0698726711135392,0.1868978196470986,3.631155637917484,1.4229407823060096,1.2895509551647724,0.3660042690076122,0.3665509889035732,1.3529293820820187,1.5399188918753604,0.430262131701768,0.4317297474251479,0.266705856858462,0.2695937398074629,-0.3775951513681289,0.0140644416059711,0.0097195699506657,-4.2641055387903,0.6049825201426402,0.5794728799689841,0.3465835196602191,0.1757358652686779,0.1524209828354641,-1.738773176739425,0.7145252604968253,0.6799520077567094,-0.5999184408407214,5.279614247108191e-06,6.84345720836039e-06,-12.151657522174874,0.8455677584137187,0.9088107910418576,-0.1743544627165724,0.0404866710961695,0.0413214400908964,0.0527009134067922,0.2690234228208214,0.183991870542229,0.1019930048123043,0.0404866710961695,0.1019930048123043,5,0.0404866710961695,0.1019930048123043,5,0.0050354178212716,0.0721915515057089,4,0.0050354178212716,0.0721915515057089,4,0.0050354178212716,0.0721915515057089,4,0.0050354178212716,0.0721915515057089,4,0.0050354178212716,0.0721915515057089,4,0.1144714242553332,10.0,48,0.1827890187874362,0.0015603482486129,0.0685490026789225,0.002268967964165,3,0.1559445939142502,0.0029948067605352,0.0686198080554862,0.0069811687285288,3,0.2595254951436891,0.0024411109861144,0.0005774151451203,4.227653200204265,4.830329867623024,0.0010402536324888908,0.004180255804490157,0.24884927648961544
10,2.0,0.009827704,2000,1.0,0.1144714242553332,4.55590650270817e-06,1,1,2,2,0.1425,0.0,0.0273961584682021,0.0,0.0202927286708312,0.014072105238513,0.4140801576600246,0.1844805755350748,0.5488128104068942,0.0138440547459281,5,5191.49281747413,0.01,0.0337969712793328,0.0096439646042914,0.0149189325667338,9.090969407196942,,-0.8630342538121079,0.7923306801596781,0.4840865103429043,2.47635157500101,0.4344476447370193,1.0,0.3,1.0,12,0.0022334462538259,0.0096591229066338,0.0037001431183646,0.0059335893721906,1.377609488220536,0.07542771494986,0.3203497421679998,0.0555464396158842,0.0546691233286296,-0.822214879159419,3.845370892856409,1.467118922997606,1.346870059386527,0.3681307251693992,0.357100000268031,1.189411248095659,1.6651168209564,0.4150102819818781,0.509895283707694,0.2468334285303627,0.2418760033050694,-0.7246683552498672,0.0144245819490678,0.0102467849853292,-4.238821448008426,0.6261623819551646,0.58947845443301,0.2944809297011942,0.1232613587867161,0.1027405244522473,-2.093448309764552,0.6058045537108238,0.6859826720682473,-0.1221214775297869,2.415385804265017e-06,2.368400629863439e-06,-12.933651530300091,0.6140897985121594,0.7923306801596781,1.0333431648823808,0.0107626583357201,0.0111609287089876,0.0202927286708312,0.854862540915494,0.6070953147701137,0.1844805755350748,0.0202927286708312,0.1844805755350748,5,0.0202927286708312,0.1844805755350748,5,0.0106598510177684,0.1832129761991388,4,0.0106598510177684,0.1832129761991388,4,0.0106598510177684,0.1832129761991388,4,0.0106598510177684,0.1832129761991388,4,0.0106598510177684,0.1832129761991388,4,0.1144714242553332,10.0,49,0.4434297734658075,0.0011201972034054,0.0445621281093877,0.0005792137329825,2,0.4198215436240611,0.0017541481104987,0.0583323923102823,0.0013565558670207,3,3.5827403098022312,0.0024411109861144,0.0004187559651523,5.829435731682555,18.86107294829623,0.0022334462538259898,0.0006304734718893853,3.5424904510777595
6,10.0,0.009827704,2000,1.0,0.1144714242553332,4.55590650270817e-06,1,1,2,2,0.3485,0.0,0.2179780605132023,0.0,0.0353136525119847,0.0286612657633042,0.4832057577380289,0.3385515502156728,0.5217968996735146,0.7349334058843825,5,874.2849763637328,0.01,0.0319005533125249,0.0227901181734003,0.0250597759605097,9.58698764169962,,-0.1139178667753619,0.9824997993728344,0.456085633914191,2.488265806059061,0.8294219353530202,1.0,0.5,1.0,12,0.0018133002515846,0.0165968918924778,0.004131273800939,0.0059445740525237,1.383306858262857,0.085550369710617,0.3244769067861881,0.0634999253119736,0.0617226366064563,-0.7842257059365166,4.116660075597848,1.4385664448818738,1.4150421733352463,0.3510484139799544,0.3294856207362222,1.0530932390382075,1.723722066079656,0.4208871333489157,0.5444859446740704,0.2483322172340405,0.2370006070693937,-0.8595865571440611,0.0142498334488929,0.0101808994911314,-4.25101006013277,0.6293619890360518,0.5917483034857725,0.3123504373174887,0.1290022805608449,0.1149553928971985,-2.047925196010493,0.6485438541756942,0.7148987499615108,-0.1842664303702171,2.910152689392296e-06,3.8776789938163e-06,-12.74730500757586,0.7317001259364907,0.9824997993728344,0.6125719503172671,0.0251353663338101,0.0255347784441179,0.0353136525119847,0.47029001622133,0.7565491325835412,0.3385515502156728,0.0353136525119847,0.3385515502156728,5,0.0353136525119847,0.3385515502156728,5,0.0163399841747887,0.3337544309985192,4,0.0163399841747887,0.3337544309985192,4,0.0163399841747887,0.3337544309985192,4,0.0163399841747887,0.3337544309985192,4,0.0163399841747887,0.3337544309985192,4,0.1144714242553332,10.0,50,0.1827890187874362,0.0015603482486129,0.0685490026789225,0.002268967964165,3,0.1377634246787521,0.001614491839231,0.0992038089892374,0.0048300640595171,3,1.2619252629373188,0.0024411109861144,0.0005774151451203,4.227653200204265,4.830329867623024,0.0018133002515846961,0.0014506515950308075,1.2499901822023551
10,10.0,0.009827704,2000,1.0,0.1144714242553332,4.55590650270817e-06,1,1,2,2,0.272,0.0,0.0574654909340089,0.0,0.014937919380542,0.0182060405554192,0.3315912584761551,0.1122620056238081,0.2575840312713967,0.0502808301556933,5,5382.724086476147,0.01,0.0317598269363272,0.0052180085395974,0.1185571069286885,7.515237079806415,,-0.4389147735936197,0.9398574616257456,0.57688373837246,5.5215412146395195,0.6733586847121366,1.0,0.3,1.0,2,0.0004857164377504,0.0064295545775444,0.0035576729788254,0.005943838139794,1.331521062414594,0.0832472035230493,0.2863219447082054,0.0626133853550519,0.0623982612670384,-0.1859556325008133,3.681024092086541,1.397582181061993,1.3031909993595845,0.3593849546300685,0.3561585510477317,1.3398943920974844,1.5840852166181738,0.4349076788485817,0.4600070903152129,0.2653706099388778,0.265073431765394,-0.4860530007863761,0.0142513195704291,0.010057450910066,-4.2509057751211,0.6162140123506948,0.5880285621198209,0.318845731445211,0.1611675345199928,0.1409298237370904,-1.825310867952412,0.7045505000057104,0.6877189503540228,-0.4855850489110513,4.397454909217415e-06,5.80125914150301e-06,-12.334484614118384,0.8073419933465147,0.9398574616257456,0.043845829929023,0.0143098872129405,0.014937919380542,0.0253703150727751,0.3982250971109411,0.2622649910794407,0.1122620056238081,0.014937919380542,0.1122620056238081,5,0.014937919380542,0.1122620056238081,5,0.0046236009363887,0.101595191158023,4,0.0046236009363887,0.101595191158023,4,0.0046236009363887,0.101595191158023,4,0.0046236009363887,0.101595191158023,4,0.0046236009363887,0.101595191158023,4,0.1144714242553332,10.0,51,0.4434297734658075,0.0011201972034054,0.0445621281093877,0.0005792137329825,2,0.4660018202496171,0.0011885869477741,0.036919330540437,0.0005571793609908,2,5.198385628329005,0.0024411109861144,0.0004187559651523,5.829435731682555,18.86107294829623,0.0023861651609685787,0.0005284595080581414,4.515322601984582
6,50.0,0.009827704,2000,1.0,0.1144714242553332,4.55590650270817e-06,1,1,2,2,0.526,0.0,0.210367285971299,0.0,0.0313887964374441,0.0355167738462093,0.5038296383104977,0.1042122746116892,0.1777152107129375,0.7015405578692914,5,364.4067774870909,0.01,0.0317914816212316,0.0023027080842008,0.0504223881588761,3.3200468459941623,,0.3700570729986448,0.8615523642401445,0.6061438361540902,0.4547327661658399,0.3410495746243799,1.0,0.6666666666666666,1.0,1,0.0003182636857931,0.0035699245667468,0.0032516608809537,0.0059222810272688,1.321798206428263,0.097461695123907,0.2789930871371675,0.0738333845733216,0.0735340558569398,-0.0584350037670747,3.710253106584424,1.4258132848904606,1.3111000970913105,0.3635545837862985,0.3599686498030112,1.3027721522546285,1.556689191914614,0.4335502208638439,0.4425612530886983,0.2682557756803448,0.2686738872948785,-0.4157910254566064,0.0146314438516955,0.0103326111715341,-4.224582377658067,0.6312367274218452,0.5852418795672768,0.2695562578031075,0.1277114304309833,0.1144750228530551,-2.057982009918234,0.6447635228250479,0.7196390145822545,-0.1697491299759128,2.556457853741897e-06,2.806840635511038e-06,-12.876887908483669,0.656639699343894,0.8615523642401445,0.8799374674992181,0.0313887964374441,0.0320978484855901,0.0430636766155935,0.2461525740290677,0.1827807834980556,0.1042122746116892,0.0313887964374441,0.1042122746116892,5,0.0313887964374441,0.1042122746116892,5,0.0066645902643341,0.0863745287387325,4,0.0066645902643341,0.0863745287387325,4,0.0066645902643341,0.0863745287387325,4,0.0066645902643341,0.0863745287387325,4,0.0066645902643341,0.0863745287387325,4,0.1144714242553332,10.0,52,0.1827890187874362,0.0015603482486129,0.0685490026789225,0.002268967964165,3,0.0629638073677819,0.0009937964845616,0.0641130467323856,0.0031933554166854,3,0.0929360694309816,0.0024411109861144,0.0005774151451203,4.227653200204265,4.830329867623024,0.0003182636857931103,0.0035403340597318575,0.08989651270852542
10,50.0,0.009827704,2000,1.0,0.1144714242553332,4.55590650270817e-06,1,1,2,2,0.208,0.0,0.0421122106878327,0.0,0.0139705422658526,0.0171804455233844,0.3337304329057491,0.1310822369948018,0.3213628021287987,0.0532824302115881,5,5446.762168916595,0.01,0.0308423265289112,0.0063799938281188,0.1433430179194185,9.382759416232425,,-0.5199251279697775,0.9022089974796011,0.5450162693982171,1.4936746067578357,0.2103767051771599,1.0,0.6,1.0,2,0.001437621402832,0.0073785396246304,0.0036111501629647,0.0059409182217984,1.349850323372547,0.0800286649561967,0.2999937147277394,0.0597505432524448,0.0591820299617773,-0.4236795235366175,3.697509879644117,1.436940478208501,1.3076595875787251,0.3682511379009624,0.3634518145868189,1.2954998586377762,1.6027934458171356,0.4243955640261285,0.4717480105633156,0.257110340813249,0.2562164506324023,-0.5473334953556782,0.0141946181045431,0.0101752010390958,-4.254892392938439,0.6258933620628215,0.5942479803584108,0.3202843127324359,0.1501753210295706,0.1308863950932913,-1.8959518605450465,0.6785075477420339,0.6928905039942977,-0.4001107980543195,3.625881309101784e-06,4.458957141579585e-06,-12.527413179454236,0.7650518729144498,0.9022089974796011,0.2984466193133742,0.0134026561487291,0.0139705422658526,0.0241681381555714,0.5012117477418073,0.331794421649787,0.1310822369948018,0.0139705422658526,0.1310822369948018,5,0.0139705422658526,0.1310822369948018,5,0.0039432791246557,0.1238488558749493,4,0.0039432791246557,0.1238488558749493,4,0.0039432791246557,0.1238488558749493,4,0.0039432791246557,0.1238488558749493,4,0.0039432791246557,0.1238488558749493,4,0.1144714242553332,10.0,53,0.4434297734658075,0.0011201972034054,0.0445621281093877,0.0005792137329825,2,0.4329963440704802,0.0010625735102255,0.0421183941598777,0.0007102651066018,2,4.524533135460228,0.0024411109861144,0.0004187559651523,5.829435731682555,18.86107294829623,0.0023297680588336253,0.0005680512373244128,4.1013343616803
6,2.0,0.009827704,2000,1.0,0.1144714242553332,1.0054910036752826e-05,1,0,2,2,0.281,0.0,0.3786965606132469,0.0012632269711175,0.2821404622539378,0.2917764008354325,0.3864207421982418,0.2309283048065654,0.2383794369287458,0.012884717226033,5,269.71318792231517,0.01,0.0415441400551167,0.0013553653084561,0.0212555371904932,0.8184870151616914,,-0.8073879836163409,0.67147039884046,0.7576508622267539,6.036146905474091,1.0347680409384157,0.8333333333333334,0.0,1.0,1,0.0007088776510047,0.0026008262875548,0.0033097039385596,0.005970947024834,1.2027915395874305,0.0608976867449555,0.1846451381761971,0.0483372468006805,0.050569400209635,0.8471434919626816,3.2109387529244966,1.3567951729247605,1.1665633407817373,0.3648395935691073,0.394052198250501,-0.7818545651083805,1.401228988257374,0.3922543403649021,0.3373497002926086,0.2555932912986319,0.2706142351100705,1.6066671242663024,0.0143512525304206,0.010184059128047,-4.243918056235695,0.6249877303711543,0.589071680440332,-0.4245894206621622,0.1929570087539742,0.157643730025934,-1.645287867460372,0.6917009286204303,0.6511709071530675,-0.7548669777544038,1.45527013086226e-05,1.2600792715478886e-05,-11.137733924628884,0.7525949732968602,0.67147039884046,-0.4912543537818021,0.2821404622539378,0.2855901717734388,0.3075985684789208,0.2613308286204172,0.2228791773592547,0.2309283048065654,0.2821404622539378,0.2309283048065654,5,0.2821404622539378,0.2309283048065654,5,0.2821404622539378,0.2309283048065654,5,0.2748604432956762,0.1708291333932669,4,0.2748604432956762,0.1708291333932669,4,0.2748604432956762,0.1708291333932669,4,0.2748604432956762,0.1708291333932669,4,0.1144714242553332,10.0,54,0.1052899181506622,0.0005225408475405,0.0501705003941102,0.0024606254900998,2,0.1928313320173189,0.001067305654009,0.0286453736736741,0.0011884673980933,2,0.5162783401662218,0.0012632269711175,0.0041054899727965,0.3076921340663,6.895437108449897,0.0007088776510047615,0.0012817743526503706,0.553044028021773
10,2.0,0.009827704,2000,1.0,0.1144714242553332,1.0054910036752826e-05,1,0,2,2,0.406,0.0,0.3414594053554414,0.0012632269711175,0.019024953684493,0.0230654051686323,0.3565342127342229,0.0654641398011444,0.1323776945853623,0.0895898870613824,5,3492.4326844025436,0.01,0.0362463849660212,0.001753535996909,0.0334966798673449,3.4409618486747453,,-0.4826551151302589,0.8702177919200886,0.6770801102218816,3.121419131012882,0.4729422925777093,1.0,0.4,1.0,1,0.0002363102691831,0.0030551357769487,0.0032914460461319,0.0059460207850773,1.253511238655546,0.075579106072735,0.2259486043961587,0.0589676828589698,0.0601877770228404,-0.0060182485755769,3.545894964014885,1.389118453510369,1.2657905862361165,0.3615576467048517,0.3668387294635568,-1.0633954245546111,1.4724957715138591,0.4153325698226263,0.3869587649020345,0.2620020831911927,0.2723192420909254,1.37802062222398,0.0139819731030348,0.0102664815620985,-4.269986414579303,0.6346872687052345,0.6049975681865224,-0.3770279188107918,0.1695753637612997,0.1545542596578892,-1.774457827017105,0.7228437458011149,0.7072887915372361,-0.5436475479294098,7.443455344738698e-06,9.211072995034596e-06,-11.808175388876329,0.8576303501115046,0.8702177919200886,0.3506474636094234,0.019024953684493,0.0199110840971832,0.0302601777242208,0.2078333420227987,0.1238356019321437,0.0654641398011444,0.019024953684493,0.0654641398011444,5,0.019024953684493,0.0654641398011444,5,0.0063844684919795,0.0420382615013572,4,0.0063844684919795,0.0420382615013572,4,0.0050050267208339,0.0419963153861167,3,0.0050050267208339,0.0419963153861167,3,0.0050050267208339,0.0419963153861167,3,0.1144714242553332,10.0,55,0.3843300458237925,0.0008262312883949,0.0368623976029966,0.0013797108045697,2,0.3835368878597002,0.0009414778940778,0.0288659313876442,0.0007789785046458,2,0.163937395791,0.0012632269711175,0.0026881316064556,0.4699275020924808,20.191305535937488,0.00023631026918318788,0.0016446941658046085,0.14368037176539836
6,10.0,0.009827704,2000,1.0,0.1144714242553332,1.0054910036752826e-05,1,1,2,2,0.463,0.0,0.1472752280991064,0.0,0.0470555126009554,0.0515162806096662,0.1049519695839767,0.0993763717763339,0.1797539523888003,0.0960742010105857,5,643.0239430528117,0.01,0.0344162013903605,0.003114277386701,0.0613776709576528,2.1118964874333592,,0.2676743098313031,0.8442276009864873,0.6530137255106474,1.7144051347955966,0.3956319541835992,1.0,0.6666666666666666,1.0,1,0.0010554239180862,0.0045168758493468,0.0034614519312605,0.0059568509454327,1.2829889477325431,0.0909883335300846,0.2491924712024304,0.0698251355443794,0.0707448899154042,-0.3379692541326171,3.555820841070245,1.402963273674812,1.2685859342312102,0.3630279569889656,0.3692077341106911,-1.066788625388256,1.5048970016927807,0.4263821523433568,0.4087244584454577,0.2669026813167901,0.2732779337504986,1.271169620649068,0.0138759360502281,0.0097670370858882,-4.277599158545661,0.6059375282493804,0.5888778979511661,-0.382353073127252,0.1739997043291936,0.1516718814060929,-1.7487016790265597,0.7140770977643649,0.6831179492710426,-0.5863909922925515,7.685276395514879e-06,9.132132779541926e-06,-11.776204216036222,0.8505564388330534,0.8442276009864873,0.3159751920868199,0.0470555126009554,0.0479981707504055,0.0594951584776377,0.2664888938525006,0.1733965915375663,0.0993763717763339,0.0470555126009554,0.0993763717763339,5,0.0470555126009554,0.0993763717763339,5,0.0062132663202673,0.059225192614925,4,0.0062132663202673,0.059225192614925,4,0.0062132663202673,0.059225192614925,4,0.0062132663202673,0.059225192614925,4,0.0062132663202673,0.059225192614925,4,0.1144714242553332,10.0,56,0.1052899181506622,0.0005225408475405,0.0501705003941102,0.0024606254900998,2,0.1073128785143338,0.0005474678742332,0.0481060466799224,0.0020311338394745,2,0.2760644423680813,0.0012632269711175,0.0041054899727965,0.3076921340663,6.895437108449897,0.001055423918086267,0.003970568761859092,0.26581177191151284
10,10.0,0.009827704,2000,1.0,0.1144714242553332,1.0054910036752826e-05,1,1,2,2,0.4935,0.0,0.1427483962950634,0.0,0.018056729973477,0.0220788745535372,0.3600460714686887,0.0729799446025556,0.1485643800826928,0.0765003063900211,5,3924.0860868289096,0.01,0.0354061835592914,0.0024060210184198,0.0467128329079854,4.041703271287403,,-0.4734488897273842,0.8314373035319744,0.6708276793697772,2.652674109484769,0.3357815328461732,1.0,0.7,1.0,1,0.0003948595676571,0.0037779512334732,0.0033830916658161,0.0059529243191909,1.271072604184092,0.0782194161248238,0.2398611142454463,0.0606076686834841,0.0614242181855584,-0.235405722288516,3.5708386159991266,1.4086349777460463,1.2728004746476818,0.3656784797902691,0.3689195033012272,-1.0705815552907876,1.4717698688213317,0.4123333226546475,0.3864656689685078,0.2592518678702326,0.2706595129392382,1.394541040751918,0.0143703320051367,0.0102354385004718,-4.242589475112396,0.6221894970087465,0.5916093110290387,-0.4286342999435071,0.1760265567950383,0.1539883321939848,-1.7371204044459694,0.7115363706158118,0.6860750902080078,-0.6047612887864077,7.711829184526892e-06,8.958299605505537e-06,-11.7727551502106,0.8393654443159708,0.8314373035319744,0.3160788547014135,0.018056729973477,0.0189011076806282,0.0292787860065064,0.2314798289548212,0.1412333666907015,0.0729799446025556,0.018056729973477,0.0729799446025556,5,0.018056729973477,0.0729799446025556,5,0.0051960075899752,0.054192002700096,4,0.0051960075899752,0.054192002700096,4,0.0038211875293078,0.0541301450941577,3,0.0038211875293078,0.0541301450941577,3,0.0038211875293078,0.0541301450941577,3,0.1144714242553332,10.0,57,0.3843300458237925,0.0008262312883949,0.0368623976029966,0.0013797108045697,2,0.3933502115448609,0.0009137780868765,0.031235845293487,0.0008933848879904,2,0.2020990774604706,0.0012632269711175,0.0026881316064556,0.4699275020924808,20.191305535937488,0.0003948595676571201,0.0021783947496544862,0.18126171471894548
6,50.0,0.009827704,2000,1.0,0.1144714242553332,1.0054910036752826e-05,1,1,2,2,0.4985,0.0,0.1744238050631594,0.0,0.0446519006705939,0.0490200184752843,0.1041949428625056,0.1003151481926414,0.1748783722468014,0.0865628406307482,5,576.3635792158842,0.01,0.0342687486731366,0.0026791667369879,0.053619892076986,2.246604213618734,,0.3787239849840768,0.9372721026839156,0.6634783775956735,1.9106383793926571,0.5458966798264735,1.0,0.5,1.0,1,0.000657768046233,0.0040420622180876,0.0033842941718545,0.0059456423877309,1.291296331245377,0.0929653445576272,0.2556466217337579,0.0711053083050038,0.0718108856233341,-0.4226533887183137,3.52740648335975,1.411408473487806,1.260562893652027,0.3654643279611886,0.3739849636228667,-1.0377238641875273,1.5013701268994522,0.4301341559057094,0.4063781091288299,0.2696230885351936,0.2761250865945096,1.2670462731225594,0.0141500835077933,0.0102342037131948,-4.258034753299467,0.624847768018019,0.5990864782682994,-0.4020923081671809,0.1724564595960576,0.149315409971321,-1.7576104825098142,0.721704847829723,0.6770810918506195,-0.5678492747839602,5.968438425673674e-06,8.16885574252382e-06,-12.02902523501414,0.8755269377663126,0.9372721026839156,0.5957278190086807,0.0446519006705939,0.0455572186581824,0.0568509360970765,0.2533100559334729,0.1710099126142898,0.1003151481926414,0.0446519006705939,0.1003151481926414,5,0.0446519006705939,0.1003151481926414,5,0.0064759898220799,0.0604892567925213,4,0.0064759898220799,0.0604892567925213,4,0.0064759898220799,0.0604892567925213,4,0.0064759898220799,0.0604892567925213,4,0.0064759898220799,0.0604892567925213,4,0.1144714242553332,10.0,58,0.1052899181506622,0.0005225408475405,0.0501705003941102,0.0024606254900998,2,0.0938667713172791,0.0004998748205899,0.0482854131700662,0.0019924602018017,2,0.1923972435370001,0.0012632269711175,0.0041054899727965,0.3076921340663,6.895437108449897,0.0006577680462330269,0.003596584888187012,0.18288684034498032
10,50.0,0.009827704,2000,1.0,0.1144714242553332,1.0054910036752826e-05,1,0,2,2,0.2725,0.0,0.1862076215394202,0.0012632269711175,0.0223473964245209,0.0263918103967757,0.4107488401432836,0.0595323154905074,0.1254644392109314,0.0761674411834591,5,2855.9056546793117,0.01,0.0389117258882145,0.0012960170894643,0.0226288770367497,2.6639486032111077,,-0.6558872760310647,0.802092491451137,0.7166963451018691,4.804183893195866,0.7279066504842221,0.9,0.3,1.0,1,0.0007132081643967,0.0025371548018692,0.0032503629662659,0.0059495180209059,1.2276532347360458,0.0654578004572433,0.2051044077108373,0.0518108005434544,0.0532466466469391,0.3954641560646338,3.4299698724030305,1.3777480342493773,1.232551477583305,0.3621881675559892,0.3756657763936913,-0.9697711577271882,1.4192738777973344,0.38991755676905,0.3501453871634485,0.2509479192343224,0.2659093211419289,1.5854192083186511,0.0141158473298133,0.0102395853742287,-4.260457188627621,0.6270540708754079,0.6002661196820992,-0.396814337908608,0.1725582824909718,0.1547372179448874,-1.757020230062893,0.7173470189465735,0.6991140291484458,-0.5721217431108669,9.15751316732705e-06,1.0160439692552197e-05,-11.600935904420924,0.837945910160874,0.802092491451137,0.1115661779502085,0.0223473964245209,0.0233573774397005,0.0334706573261058,0.2079740760827676,0.108886926059519,0.0595323154905074,0.0223473964245209,0.0595323154905074,5,0.0223473964245209,0.0595323154905074,5,0.0089725973473956,0.0276052302962047,4,0.0089725973473956,0.0276052302962047,4,0.0075442488909722,0.0275271594629317,3,0.0075442488909722,0.0275271594629317,3,0.0075442488909722,0.0275271594629317,3,0.1144714242553332,10.0,59,0.3843300458237925,0.0008262312883949,0.0368623976029966,0.0013797108045697,2,0.4112739180161499,0.0011168655602786,0.0251136259750926,0.000704326788825,2,0.6968301032947133,0.0012632269711175,0.0026881316064556,0.4699275020924808,20.191305535937488,0.0007132081643967518,0.0011289099514252545,0.6317670984265156
6,2.0,0.009827704,2000,1.0,0.1144714242553332,2.552771750786518e-06,1,0,2,2,0.292,0.0,0.7438800690781145,0.0098664153878836,0.0431341889131753,0.0485260969331758,0.3960969125388834,0.0804606935807155,0.1291835423605837,0.5898583807728821,5,175.06540674015554,0.01,0.0350551771331426,0.0009070168768722,0.0184551462796205,1.8653577500361629,,0.3773874708193104,0.8956132200929262,0.6996345651574826,0.5198373174802936,0.6238047809763523,1.0,0.6666666666666666,1.0,1,0.00104754494302,0.0020614138855845,0.0031089588286045,0.0059156112561796,1.289013619019449,0.0951693043967325,0.2538772894710172,0.0728701245587411,0.0736340280723577,0.6401802559796783,3.5272071555792786,1.3926653688993595,1.2605063837449717,0.3638357042006485,0.3693957957828218,0.6373736402883968,1.461766134913253,0.4185061295635147,0.3796453860925957,0.2656130346129378,0.2761412145105839,0.904246673123834,0.0138604801234601,0.0100828104041276,-4.278713644878074,0.623381481471934,0.6026752213884671,-1.1326112045492784,0.1176266529033575,0.0993525887063795,-2.1402396288619783,0.5932773762244649,0.6975179060020438,-0.04583088650548,2.3559521945342313e-06,2.6839160914849982e-06,-12.95856558332552,0.6393666339445436,0.8956132200929262,0.1254909953853051,0.0431341889131753,0.0443767999447883,0.0580673019415638,0.1798400617247362,0.1272498717762992,0.0804606935807155,0.0431341889131753,0.0804606935807155,5,0.0431341889131753,0.0804606935807155,5,0.0107492897063585,0.0477416552701124,4,0.0107492897063585,0.0477416552701124,4,0.0107492897063585,0.0477416552701124,4,0.0107492897063585,0.0477416552701124,4,0.0107492897063585,0.0477416552701124,4,0.1144714242553332,10.0,60,0.1246845978782128,0.0014368901362191,0.0989172073666624,0.0042184367489329,3,0.0712234694983591,0.0007323817806056,0.0559652904099801,0.0035880219047159,3,0.7887729489044003,0.0021472930907463,0.0010429687982726,2.0588277370356165,5.217257286562812,0.0010475449430200753,0.0013395638673373688,0.7820044781457601
10,2.0,0.009827704,2000,1.0,0.1144714242553332,2.552771750786518e-06,1,1,2,2,0.285,0.0,0.0890204936627882,0.0,0.0142164341704273,0.0097918583395601,0.4058164775987114,0.961933678500806,0.357601329949565,0.0937664806857988,5,7090.767624760798,0.01,0.0291504136276332,0.069767625385493,0.0463465850343926,67.6634989455933,,-1.6434064094904846,0.8182759560615489,0.3607967819526891,6.15093604155313,0.6613909722100139,1.0,0.4,1.0,12,0.0010261772983638,0.0326354657154164,0.0049222971920979,0.0059484744904617,1.4202533270726911,0.0589412535570378,0.3508352550488637,0.0423586098489971,0.041463842337716,-1.187667649243019,4.166153781151731,1.457018251225358,1.4269932555400549,0.3504189793663779,0.329787950790769,0.1866691569516412,1.8228986492489816,0.3818372023627093,0.6004278985662738,0.2166324535973272,0.2047985467281098,0.0895396331034125,0.0138649320684859,0.0100455623547102,-4.278392499422541,0.627496641448811,0.5994009401806804,-1.125695261807704,0.1058163226746201,0.0876532098208232,-2.2460504928695633,0.5583800169974796,0.6950103865977336,0.1408009483117434,2.210033306756966e-06,2.204714576756218e-06,-13.022502971617424,0.5807046278283289,0.8182759560615489,0.2482710429584806,0.007501628241263,0.0076575126069899,0.0142164341704273,0.0460572789445556,0.0648130324033333,0.961933678500806,0.0142164341704273,0.961933678500806,5,0.0142164341704273,0.961933678500806,5,0.0052948133320059,0.8845669192349724,4,0.0052948133320059,0.8845669192349724,4,0.0052948133320059,0.8845669192349724,4,0.0052948133320059,0.8845669192349724,4,0.0052948133320059,0.8845669192349724,4,0.1144714242553332,10.0,61,0.4215480146485864,0.0016001202816656,0.0706364442747458,0.0024619153331421,3,0.3988802165310764,0.0014945823053387,0.1336620231522256,0.0116418084260762,3,0.5877116075506713,0.0021472930907463,0.0007198270119005,2.9830682306251375,29.097257322146923,0.0010261772983638845,0.001546506735276352,0.663545314712459
6,10.0,0.009827704,2000,1.0,0.1144714242553332,2.552771750786518e-06,1,1,2,2,0.458,0.0,0.1795871300608756,0.0,0.0278371530258615,0.0315300984546403,0.5322782327615657,0.1166349388291674,0.2022072900096773,0.683708904953347,5,391.4669072919939,0.01,0.0314312702060113,0.0028659658423902,0.0624850265098607,4.189901845235753,,0.3122690631972356,0.923407310251865,0.6160018147080906,1.033651321865781,0.7752384913993358,1.0,0.6666666666666666,1.0,1,0.0008362514557308,0.0041417655245146,0.0033055140687837,0.0059241313422925,1.3378446378943585,0.0938529888518875,0.291059839788033,0.0706373742292021,0.0699787135329642,0.1340291139015207,3.703986257042295,1.4188247895275503,1.3094096064752936,0.3623094132490027,0.3589505815540493,0.5050822800377277,1.5483071088665767,0.4367086043110595,0.4371621462313775,0.2692926754002122,0.271963674341782,0.6783063909065722,0.0144205323938871,0.0100887398401173,-4.239102227287658,0.6171986360384957,0.5834626338568537,-1.2081366106057778,0.1193126525072606,0.1032320263434084,-2.1260078992800313,0.6055278137403703,0.709089910386925,-0.0684066969972742,2.4720658723472508e-06,2.913654118777096e-06,-12.9104563713342,0.6468436734814671,0.923407310251865,0.0496650808156239,0.0278371530258615,0.0284250449555292,0.03832809738253,0.2809257674995474,0.2090611637003172,0.1166349388291674,0.0278371530258615,0.1166349388291674,5,0.0278371530258615,0.1166349388291674,5,0.0067475711169374,0.106711318741674,4,0.0067475711169374,0.106711318741674,4,0.0067475711169374,0.106711318741674,4,0.0067475711169374,0.106711318741674,4,0.0067475711169374,0.106711318741674,4,0.1144714242553332,10.0,62,0.1246845978782128,0.0014368901362191,0.0989172073666624,0.0042184367489329,3,0.0546548696964924,0.0008629808499628,0.0717888657389954,0.0042167767431284,3,0.1957053903596292,0.0021472930907463,0.0010429687982726,2.0588277370356165,5.217257286562812,0.0008362514557308885,0.004438330086851158,0.1884157868763159
10,10.0,0.009827704,2000,1.0,0.1144714242553332,2.552771750786518e-06,1,1,2,2,0.154,0.0,0.0285164857764865,0.0,0.022054544787399,0.0154283366583972,0.4232381814629798,0.1883339112426123,0.6180620028736044,0.0460287833402401,5,6273.567989981761,0.01,0.0343221819309398,0.0114113061724342,0.0175230041936185,8.539460372368138,,-0.6745045889186178,0.9050599873292996,0.4981613434729655,3.16786678834316,0.3863252180906293,0.9,0.7,1.0,12,0.0020951430668259,0.010989066533576,0.0038490043337154,0.0059441474005414,1.3698275639603683,0.0774458630748954,0.31468486619592,0.0573204538895858,0.0564451146186935,-0.2469897003762057,3.8442346669552743,1.479191400347677,1.3465745368397422,0.3697205303711556,0.3598870863938597,0.3944361272339728,1.6533146230858582,0.4185349879672688,0.5027821353227517,0.2504666240065883,0.2454532696900545,0.4672996017778401,0.0144403795720649,0.0103958274500984,-4.237726859708848,0.6335513639293864,0.5947439762514487,-1.1791240273868764,0.1424165023619804,0.1245575363014341,-1.9489993993452264,0.6579996110501349,0.700973959876045,-0.3319616819592941,3.3051775728974514e-06,3.999756802897671e-06,-12.62002035754194,0.7343721358322185,0.9050599873292996,-0.3517432890900767,0.0118851384935533,0.0123453266942395,0.022054544787399,0.961267245786832,0.7045848515913685,0.1883339112426123,0.022054544787399,0.1883339112426123,5,0.022054544787399,0.1883339112426123,5,0.0122283372055789,0.185062026549527,4,0.0122283372055789,0.185062026549527,4,0.0122283372055789,0.185062026549527,4,0.0122283372055789,0.185062026549527,4,0.0122283372055789,0.185062026549527,4,0.1144714242553332,10.0,63,0.4215480146485864,0.0016001202816656,0.0706364442747458,0.0024619153331421,3,0.4109265920469462,0.0009244569814602,0.0514030387798813,0.0011015410564223,2,2.8911938407708035,0.0021472930907463,0.0007198270119005,2.9830682306251375,29.097257322146923,0.0020951430668259903,0.0007815335679826887,2.6808100798971677
6,50.0,0.009827704,2000,1.0,0.1144714242553332,2.552771750786518e-06,1,0,2,2,0.328,0.0,0.8247542422317968,0.0098664153878836,0.0541094334118538,0.0592692380295754,0.1341814901151384,0.0873589168582413,0.1388379303185176,0.031607562639679,5,311.7373882527491,0.01,0.0356780667489447,0.0012196701605038,0.0240728843718501,1.614485891827941,,0.4076519706343957,0.9202708116796504,0.6804815948696091,1.0359939963191356,0.5179969981595678,1.0,1.0,1.0,1,0.0007451435963233,0.0024311686078426,0.0031763122041659,0.0059266475456476,1.269271798202446,0.0905445651186255,0.2384433487790014,0.0698185212664492,0.0711600117732268,0.8892190003333067,3.509266158468574,1.385742930993302,1.255406943957873,0.3631314412625054,0.3694936195849422,0.6526527315188698,1.474664821446889,0.4175928114293469,0.3884307242719067,0.2643199587489044,0.273259751042562,0.8754328118202418,0.0138500817764278,0.0100363573646694,-4.279464141930998,0.6215865611226461,0.6009082817292232,-1.1346743924078406,0.1605360759337103,0.1430375316047797,-1.8292365894968965,0.7062112327603,0.698344512926604,-0.4788842937816635,4.156768732312485e-06,5.348815638051393e-06,-12.390772532555657,0.8080350644722605,0.9202708116796504,-0.6033875470224097,0.0541094334118538,0.0553272038895852,0.0683710767872873,0.1950549609709652,0.1340999131263463,0.0873589168582413,0.0541094334118538,0.0873589168582413,5,0.0541094334118538,0.0873589168582413,5,0.0150487221749896,0.0335311024167113,4,0.0150487221749896,0.0335311024167113,4,0.0150487221749896,0.0335311024167113,4,0.0150487221749896,0.0335311024167113,4,0.0150487221749896,0.0335311024167113,4,0.1144714242553332,10.0,64,0.1246845978782128,0.0014368901362191,0.0989172073666624,0.0042184367489329,3,0.1337093173334859,0.0023163075523066,0.0483044523531748,0.0029713260975141,3,0.4596520008011062,0.0021472930907463,0.0010429687982726,2.0588277370356165,5.217257286562812,0.0007451435963233377,0.0016957513076785878,0.43941796945650474
10,50.0,0.009827704,2000,1.0,0.1144714242553332,2.552771750786518e-06,1,1,2,2,0.137,0.0,0.0298132900981317,0.0,0.0205003038616805,0.014248411809001,0.4146341339178652,0.2642235303867707,0.6849069338521434,0.0461830198863042,5,6698.214366871688,0.01,0.0328771182572362,0.0171726666202498,0.0220473808969398,12.888761657853324,,-0.8924626089622412,0.8817163594020796,0.4575623744597888,1.969998314346592,0.2188887015940658,1.0,0.7,1.0,12,0.0019195543688293,0.014152948159546,0.004024853088392,0.0059444074572213,1.3838204298180734,0.0744539606174599,0.3248481015362999,0.0546438174153879,0.0537238537458679,-0.4450786607223374,3.892694861155963,1.494854386813597,1.359101684142506,0.3726138597408462,0.3589557257986854,0.3577536996300628,1.6994044909390844,0.4116612647692577,0.5302778902453893,0.2426352105842076,0.2353683504159453,0.3690610217646191,0.0140796480980332,0.010059684330963,-4.263024921601981,0.6203063170718065,0.5935544984479323,-1.163518013659348,0.1391859085763413,0.1195647431686057,-1.971944767697872,0.6485290115914542,0.6926904732130492,-0.3014287499342687,2.9396390122719232e-06,3.3999479707652646e-06,-12.737223769093896,0.7017326800973201,0.8817163594020796,-0.201083778657999,0.0109300376143572,0.0113148939509652,0.0205003038616805,0.7915657717260626,0.998931499443597,0.2642235303867707,0.0205003038616805,0.2642235303867707,5,0.0205003038616805,0.2642235303867707,5,0.0112830924437973,0.2623884085192449,4,0.0112830924437973,0.2623884085192449,4,0.0112830924437973,0.2623884085192449,4,0.0112830924437973,0.2623884085192449,4,0.0112830924437973,0.2623884085192449,4,0.1144714242553332,10.0,65,0.4215480146485864,0.0016001202816656,0.0706364442747458,0.0024619153331421,3,0.3923738948628047,0.0008358647487808,0.0611401496632504,0.0016899821754017,2,2.162543699856164,0.0021472930907463,0.0007198270119005,2.9830682306251375,29.097257322146923,0.0019195543688293572,0.0009205977417981067,2.085117398919634
6,2.0,0.009827704,2000,1.0,0.1144714242553332,3.2389534554170503e-06,1,0,2,2,0.42,0.0,1.6824705991951447,1.667845611655599e-05,0.0414348439729808,0.0461721112419809,0.5123810888920965,0.0926021257308076,0.1536044836586773,0.7457063164103976,5,368.0365192831955,0.01,0.0333155504222932,0.0017713246486655,0.0374304773158506,2.234885348939464,,0.5237789734466816,0.9431690508703016,0.6383154647201733,2.690114433070651,1.3450572165353254,1.0,0.5,0.8333333333333334,1,0.0001909828632979,0.0030292818916037,0.0032202647549016,0.00592483807458,1.2972630957716258,0.0963534960201653,0.2602567342401002,0.0735609975181565,0.0740728758212331,-0.1841970652073109,3.6396786294387486,1.434338492131188,1.2918953891352516,0.3681514382950843,0.3683432759417683,-1.2972946758200807,1.525357371608737,0.4322445392270077,0.4222287246440844,0.2695151245893948,0.2731941054314674,1.7237739413977895,0.0140068110777141,0.0100294091344534,-4.268211562121325,0.6138176023738783,0.5962035989397199,-0.9498220241082204,0.1599991708955283,0.1368689076236126,-1.8325866456646844,0.6861511646911701,0.6799099735047013,-0.4880023944053436,3.2958050809174985e-06,4.24709596511981e-06,-12.62286008573692,0.760633740048926,0.9431690508703016,-0.0228759273648748,0.0414348439729808,0.0423844584206031,0.0546970313323588,0.2140608510502426,0.1541504741949816,0.0926021257308076,0.0414348439729808,0.0926021257308076,5,0.0414348439729808,0.0926021257308076,5,0.0091896113715681,0.0564583417739372,4,0.0091896113715681,0.0564583417739372,4,0.0091896113715681,0.0564583417739372,4,0.0091896113715681,0.0564583417739372,4,0.0091896113715681,0.0564583417739372,4,0.1144714242553332,10.0,66,0.0722600863300073,0.0012757726907619,0.0653473843958671,0.0054670940531892,3,0.102010757947919,0.0017720834614869,0.0518112061649899,0.0022068238520642,3,0.0766875106446802,1.667845611655599e-05,0.0029150288343159,0.0057215406997748,2.9212965650174123,0.00019098286329791072,0.0027024481718488187,0.07067031489719713
10,2.0,0.009827704,2000,1.0,0.1144714242553332,3.2389534554170503e-06,1,0,2,2,0.1585,0.0,0.1213199647833863,1.667845611655599e-05,0.0211734666528673,0.0254088932954654,0.2848962876823734,0.0624243905106487,0.1200111359244524,0.0737666976525558,5,2368.7582931994507,0.01,0.037562984439164,0.0008505724158249,0.0158298900704859,2.94823665553109,,-0.3186470841862927,0.9207947047423746,0.7083100801772131,3.438973294025855,1.0421131194017743,1.0,0.5,0.8333333333333334,1,0.0011216615187774,0.002008547896938,0.0031302094157154,0.0059245517066276,1.25010439411075,0.0771594392739098,0.2232270631156023,0.0601788773552903,0.0616090068315818,0.3901693135501313,3.440145767389164,1.3951194992953928,1.2355138447285805,0.367481603576589,0.3786401540858146,-1.146232497870489,1.431231493308787,0.3977479437961665,0.3585352577975385,0.2539541371969323,0.2687739171328015,2.0802048009820915,0.0144504965922609,0.0101867696955603,-4.23702649876777,0.6232999745929307,0.5860329398302131,-0.9854044054384792,0.1576523407797714,0.1381320711779658,-1.847363045148418,0.6925538737704192,0.6921726295699995,-0.4621546769597228,4.309866251066507e-06,5.5751346925060914e-06,-12.354603686565277,0.8188402898444133,0.9207947047423746,-0.348855087986149,0.0211734666528673,0.0221818625089132,0.0328713507246156,0.1865582658412776,0.1110507514214308,0.0624243905106487,0.0211734666528673,0.0624243905106487,5,0.0211734666528673,0.0624243905106487,5,0.0078100544704497,0.0369451360167161,4,0.0078100544704497,0.0369451360167161,4,0.0078100544704497,0.0369451360167161,4,0.0078100544704497,0.0369451360167161,4,0.0078100544704497,0.0369451360167161,4,0.1144714242553332,10.0,67,0.2289750802021504,0.0005269831265932,0.0449222522578,0.0015019552245648,2,0.2935362494908111,0.0008663239718559,0.0330912515399502,0.0008901735741344,2,1.4925669178070091,1.667845611655599e-05,0.0018615231737135,0.0089595747998581,9.970973826388212,0.0011216615187774237,0.0008170603646984115,1.3728012852409561
6,10.0,0.009827704,2000,1.0,0.1144714242553332,3.2389534554170503e-06,1,1,2,2,0.437,0.0,0.1470144749198756,0.0,0.0334684382080772,0.0368744865907003,0.5112775727888429,0.1214784107188246,0.2336152398065983,0.7559634661787532,5,580.9917389101213,0.01,0.0315078940082436,0.0040949023344794,0.0959874475249635,3.629640856366793,,0.4095093952768724,1.0010583457051911,0.5513114878776331,0.913618193180732,0.3915506542203137,1.0,0.6666666666666666,0.8333333333333334,2,0.0005893215488966,0.0053429052115062,0.0034246122616699,0.0059322267604028,1.335291550386349,0.0930233327112386,0.2891496578111399,0.0700753623896608,0.069495334324983,-0.6056714083275075,3.6954508377748025,1.405998910726127,1.3071025598867745,0.3608838223020072,0.3567507054810942,-1.3655587784559429,1.5903492037948483,0.4172873086118245,0.4639536171463007,0.2557829589751368,0.2540008723975924,1.653191665980628,0.0142609622308549,0.0101622881103834,-4.250229388652936,0.6248398075688848,0.5912983366157917,-0.9618459702923844,0.1543599114464423,0.1342365817058228,-1.8684683159949105,0.6905715388089347,0.6885806479948303,-0.4329192909958545,3.2281033533043887e-06,4.5224272627734665e-06,-12.64361579031684,0.7797639176673795,1.0010583457051911,0.0043032285994004,0.0328069432456322,0.0334684382080772,0.0443480783183917,0.3385708969518869,0.2407964117490836,0.1214784107188246,0.0334684382080772,0.1214784107188246,5,0.0334684382080772,0.1214784107188246,5,0.0062001548737186,0.1032693976407893,4,0.0062001548737186,0.1032693976407893,4,0.0062001548737186,0.1032693976407893,4,0.0062001548737186,0.1032693976407893,4,0.0062001548737186,0.1032693976407893,4,0.1144714242553332,10.0,68,0.0722600863300073,0.0012757726907619,0.0653473843958671,0.0054670940531892,3,0.0871605096276463,0.0016388090172181,0.0690634863142905,0.0035492891246688,3,0.3387903810467914,1.667845611655599e-05,0.0029150288343159,0.0057215406997748,2.9212965650174123,0.0019182929498362086,0.005972609373813184,0.3211817197098031
10,10.0,0.009827704,2000,1.0,0.1144714242553332,3.2389534554170503e-06,1,0,2,2,0.3295,0.0,0.3107299040260154,1.667845611655599e-05,0.016525321855543,0.0204228414997923,0.2027318807434869,0.08147944157592,0.1434099243094047,0.0363820107096181,5,2422.977456653718,0.01,0.0338444050307735,0.0013926167591836,0.0291929992362446,4.930581218821451,,-0.2441830465301563,0.9748394081219688,0.6424568842183759,2.2955529041422276,0.7915699669455958,0.9,0.4,0.8333333333333334,1,0.0005614018822516,0.002609768734473,0.0031711706167247,0.0059201283789718,1.3007256707484198,0.0871621442822589,0.2629223169952254,0.0665220251037974,0.0668618302223423,-0.243758403121228,3.569213403491736,1.4197504871928226,1.2723452363578145,0.3667212271167833,0.3717720742484239,-1.2490434535779225,1.499281577234936,0.4140277612469611,0.4049860448656485,0.2601860725363079,0.2668265851273297,1.851850960588893,0.0143116730714309,0.0101700264630407,-4.246679776005397,0.6245978719370971,0.5899782353265142,-0.9679015744338352,0.1354353407464705,0.1156565650141335,-1.9992609426167407,0.6349842986082039,0.6930290157212617,-0.2648397995192212,2.7048248756523205e-06,3.502727750707739e-06,-12.820473388740426,0.7035031912959258,0.9748394081219688,0.2561652925595147,0.016525321855543,0.0172585527606347,0.0274846498831994,0.2045235407831634,0.1442267905691305,0.08147944157592,0.016525321855543,0.08147944157592,5,0.016525321855543,0.08147944157592,5,0.0042903967146832,0.0672650021289266,4,0.0042903967146832,0.0672650021289266,4,0.0042903967146832,0.0672650021289266,4,0.0042903967146832,0.0672650021289266,4,0.0042903967146832,0.0672650021289266,4,0.1144714242553332,10.0,69,0.2289750802021504,0.0005269831265932,0.0449222522578,0.0015019552245648,2,0.26364404696203,0.0014749135021716,0.0460234885278075,0.0012832238166026,3,0.4205803459169243,1.667845611655599e-05,0.0018615231737135,0.0089595747998581,9.970973826388212,0.0005614018822516806,0.0014645825705687848,0.38331869676262414
6,50.0,0.009827704,2000,1.0,0.1144714242553332,3.2389534554170503e-06,1,0,2,2,0.4265,0.0,1.3128159110872162,1.667845611655599e-05,0.0419195126321994,0.046387960325493,0.1117147080211199,0.093799473063245,0.1552451700131288,0.0370408031943303,5,424.47521652886377,0.01,0.0338299971835223,0.0017507750066605,0.0363970387499528,2.237608864545705,,0.4448127756263701,0.9608570628484452,0.6373099208021036,0.77049070157707,0.3556110930355708,1.0,0.8333333333333334,0.8333333333333334,1,0.000213232236394,0.0030160304788509,0.0032292627152449,0.0059274615350961,1.2908326881156136,0.0929615422147234,0.2552875047947748,0.0711570055969755,0.0718335251739121,-0.120585321701704,3.5889677628373184,1.412687056636656,1.2778646299120673,0.3657584619348042,0.3681389992561084,-1.2674215085013236,1.518070176872539,0.4248826148026709,0.4174399077286799,0.2660385945342024,0.2700723809033429,1.7643002749920127,0.0143097682183786,0.0101281959098755,-4.246812882723243,0.6250008804470032,0.5876569943879957,-0.9670644887504996,0.1660614570084583,0.1433846589000307,-1.7953973361986773,0.7010958634314666,0.6810876030454719,-0.5306445810968337,3.750431904785929e-06,5.054953117409966e-06,-12.49363955000446,0.7978904077232996,0.9608570628484452,-0.1837604970580623,0.0419195126321994,0.04282325501609,0.0544211133281897,0.2174083342562378,0.1545277027199037,0.093799473063245,0.0419195126321994,0.093799473063245,5,0.0419195126321994,0.093799473063245,5,0.0074486588430523,0.0594460159240244,4,0.0074486588430523,0.0594460159240244,4,0.0074486588430523,0.0594460159240244,4,0.0074486588430523,0.0594460159240244,4,0.0074486588430523,0.0594460159240244,4,0.1144714242553332,10.0,70,0.0722600863300073,0.0012757726907619,0.0653473843958671,0.0054670940531892,3,0.1184043672436388,0.0021217097541503,0.0518809442598324,0.0027683438967785,3,0.0886726918838384,1.667845611655599e-05,0.0029150288343159,0.0057215406997748,2.9212965650174123,0.00021323223639402962,0.002507427518399784,0.08504023938052349
10,50.0,0.009827704,2000,1.0,0.1144714242553332,3.2389534554170503e-06,1,0,2,2,0.0985,0.0,0.0626985707359865,1.667845611655599e-05,0.0229797106729153,0.0272604223712779,0.3220846227642165,0.0592561023162232,0.1164552869206229,0.039897793816379,5,2033.528463736269,0.01,0.03848115086117,0.0006794631587707,0.0122451176929177,2.5786269966429307,,-0.3769448826708956,0.914557713956862,0.6969596917995349,0.8144789463866076,0.290885337995217,1.0,0.7,0.8333333333333334,1,0.0012972048731625,0.0018057793567164,0.003102984229879,0.00592240078105,1.23684212485255,0.0738238753597064,0.2125614578219045,0.0579642387380714,0.05958537360697,0.5890797033654808,3.404425762141206,1.3756817619256478,1.2250762798994057,0.3633957868980794,0.3777076623653324,-1.1303977821709934,1.4238478404753565,0.3825375732771648,0.3533629536817648,0.2462797352914161,0.2603629450344265,2.1660284753468706,0.014267078729523,0.0101205351984401,-4.249800582569103,0.6264075181502371,0.5885742455184736,-0.9601233057486828,0.1583177069517281,0.1389356307956518,-1.843151461422528,0.6923560201123571,0.6933091969043904,-0.4683697203684863,4.262599172465454e-06,5.426280784748072e-06,-12.36563144935774,0.8032086802548466,0.914557713956862,-0.3419146796081416,0.0229797106729153,0.0240484504269453,0.034753106013973,0.1853055218488336,0.1048042365968119,0.0592561023162232,0.0229797106729153,0.0592561023162232,5,0.0229797106729153,0.0592561023162232,5,0.0091506934130179,0.0309305080545501,4,0.0091506934130179,0.0309305080545501,4,0.0091506934130179,0.0309305080545501,4,0.0091506934130179,0.0309305080545501,4,0.0091506934130179,0.0309305080545501,4,0.1144714242553332,10.0,71,0.2289750802021504,0.0005269831265932,0.0449222522578,0.0015019552245648,2,0.2929693713909215,0.0009070914928708,0.0325769009337797,0.0008934122324773,2,2.1776790810297317,1.667845611655599e-05,0.0018615231737135,0.0089595747998581,9.970973826388212,0.0012972048731625858,0.000631224579097206,2.055060775703447
6,2.0,0.009827704,2000,1.0,0.1144714242553332,3.433424561142897e-05,2,1,2,2,0.346,0.0,0.0923894933478663,0.0065296413361278,0.0693691994759328,0.0735208970980401,0.2311424368760729,0.0903327358446291,0.1855085652971489,0.004004345819133,5,980.6905793056972,0.01,0.0382979296945111,0.0046181960861755,0.0917714871541467,1.302202368299917,,-0.9449909701939376,0.605548360625653,0.684567847284731,9.45228203153184,0.5560165900901082,1.0,0.3333333333333333,0.6666666666666666,2,0.0001387869556982,0.0061807195588961,0.0038678560803762,0.0060419326031978,1.2380173363599956,0.0753268308381285,0.2135111776861617,0.058909750616393,0.0607371144696402,2.6904849532210773,3.4625821218953834,1.4050840195318832,1.2420145887471132,0.369016559547847,0.3787239342068675,0.7607536462295184,1.4847837143989098,0.4302669764951757,0.3952691147777067,0.2705885270015159,0.2791695031343541,-1.0150865065426866,0.0137132283327169,0.0100310801493124,-4.2893943402814205,0.6231127034311956,0.605548360625653,1.2010020310064802,0.2760868097319878,0.1408762784984793,-1.2870399347041048,0.5139935749861384,0.4529635762457112,-1.712842660100622,2.374664090449183e-05,1.1848787858255024e-05,-10.648069473086926,0.4987880376622521,0.4454598792971713,0.739196126807476,0.0678729298657148,0.0693691994759328,0.0833205619524725,0.3100673988247487,0.1561255612220689,0.0903327358446291,0.0693691994759328,0.0903327358446291,5,0.0693691994759328,0.0903327358446291,5,0.0159318836781659,0.0307879266051435,4,0.0159318836781659,0.0307879266051435,4,0.0159318836781659,0.0307879266051435,4,0.0159318836781659,0.0307879266051435,4,0.0159318836781659,0.0307879266051435,4,0.1144714242553332,10.0,72,0.249952231436779,0.0010776572728674,0.3018433033297991,0.0131045355005448,2,0.3868680676148956,0.0018678936297179,0.0314618545223963,0.0004859621724516,2,3.1639744595648427,0.0065296413361278,0.0093759489471833,0.6964245830380129,39.61379684188597,0.0021740765228216406,0.0006493003372356578,3.3483372765176598
10,2.0,0.009827704,2000,1.0,0.1144714242553332,3.433424561142897e-05,2,2,2,2,0.145,0.0,0.0229278256629616,0.0,0.0217195948691257,0.0159141077055127,0.5801381207700447,0.0516290232170499,0.02732791534999,0.5572827021819642,5,9201.553427355644,0.01,0.0290754839017388,0.0387762518850668,0.2150793554391809,2.377071189778049,,-1.7365646591180337,0.6996715631753714,0.4080440903473099,18.81527560124595,0.2116453948396619,1.0,0.6,0.8333333333333334,12,0.0061615262369185,0.1225834728023264,0.0123203087634704,0.0061587825265518,1.409446811539805,0.0621215934074157,0.343197295166374,0.0447788784863958,0.0440314961835321,0.64337654548342,4.196558095266928,1.441728997029906,1.4342646881877854,0.3468521647525081,0.324420106711304,0.2550959825133535,1.8431439404457115,0.3852442074421657,0.6114727768021986,0.2163552505283505,0.2043701304789314,-2.2688352762886583,0.014020908192144,0.010158810553697,-4.267205621146751,0.627570121163652,0.5994963360043921,1.15711516329945,0.1849244578743037,0.1517537290806545,-1.6878078731101571,0.6887000282642619,0.6549763456556275,-0.6964166751330483,1.224027895525075e-05,1.1036102807976188e-05,-11.31077849067813,0.7370943362431713,0.6996715631753714,1.3992933501374438,0.0127831023775907,0.0132396258698217,0.0217195948691257,0.0142150255073855,0.0161396973255347,0.0516290232170499,0.0217195948691257,0.0516290232170499,5,0.0217195948691257,0.0516290232170499,5,0.0094161118890334,0.0377997371890685,4,0.0094161118890334,0.0377997371890685,4,0.0083788911069795,0.0361736746416543,3,0.0083788911069795,0.0361736746416543,3,0.0083788911069795,0.0361736746416543,3,0.1144714242553332,10.0,73,0.5962920493463575,0.0015153556069127,0.3679580150191762,0.0318565512163281,3,0.5102238416826503,0.0010715002706299,0.4798132753363001,0.0037066155829857,3,0.8095259878373541,0.0065296413361278,0.0070615097593448,0.9246806361043172,180.71585471781336,0.006161526236918572,0.00800336727251582,0.7698667357273142
6,10.0,0.009827704,2000,1.0,0.1144714242553332,3.433424561142897e-05,2,1,2,2,0.348,0.0,0.2472219460720543,0.0065296413361278,0.0656990601011571,0.0556272116339383,0.2524083352692749,0.1696639786072144,0.6375244616825405,0.0311064082148532,5,1202.6382812475315,0.01,0.0390258266425649,0.0181836179410421,0.0304044952375167,2.5824414892082497,,-0.2525198470641869,0.6153680578156756,0.5975378015843044,8.107636635551119,0.5656490675965896,1.0,0.6666666666666666,1.0,12,0.0012581463913493,0.0162452245080972,0.0047994167514131,0.0060575631427625,1.317025942989334,0.0897107218856981,0.2753761211163587,0.0679643557982836,0.0679590469392829,1.4217872451849956,3.714256170817968,1.4264329321325653,1.3121784349239882,0.3657714434491166,0.3595458425979714,0.5756787490916149,1.5642015624137782,0.433009549234685,0.4473755100429356,0.2673237787537126,0.267129575269104,-1.2224021348687852,0.0142589550063891,0.0101320700727036,-4.250370148140594,0.6216459000237424,0.5904693091921314,1.1410602566491417,0.2097766468744075,0.1509690861624067,-1.5617119005863045,0.6503821379270263,0.5920494586882415,-0.9313265556497322,1.65178537145116e-05,1.2614691874827154e-05,-11.011068718740912,0.6948866040420122,0.6153680578156756,1.052979618452375,0.0500168281712297,0.0511657466294281,0.0656990601011571,0.874896679207965,0.8680127272324422,0.1696639786072144,0.0656990601011571,0.1696639786072144,5,0.0656990601011571,0.1696639786072144,5,0.0250911038833438,0.1386503518830324,4,0.0250911038833438,0.1386503518830324,4,0.0250911038833438,0.1386503518830324,4,0.0250911038833438,0.1386503518830324,4,0.0250911038833438,0.1386503518830324,4,0.1144714242553332,10.0,74,0.249952231436779,0.0010776572728674,0.3018433033297991,0.0131045355005448,2,0.2795390819588162,0.0011269248929899,0.0619679426166232,0.0017817255507591,2,0.7513880841817354,0.0065296413361278,0.0093759489471833,0.6964245830380129,39.61379684188597,0.001258146391349359,0.0018441017108376183,0.6822543376839504
10,10.0,0.009827704,2000,1.0,0.1144714242553332,3.433424561142897e-05,2,2,2,2,0.4895,0.0,0.1090216210895237,0.0,0.0250290951013045,0.0184193083042588,0.4998808904332637,0.9561167364802492,0.3779383503550411,0.0886840951436114,5,7632.477767647236,0.01,0.035484024279234,0.0889843351799214,0.0708886085241178,38.20021189780904,,-1.433211714342627,0.5935214376749539,0.5260564831855233,27.756936891282308,0.4426943682820144,1.0,0.3,1.0,12,0.0006584087304786,0.0381337679694296,0.0067935676847938,0.0061351589543151,1.3526803225718402,0.0770612435427436,0.302088048228053,0.0572792465897907,0.0568763778586751,1.2206677156606025,3.7768974058239255,1.4616967741384912,1.3289028804871437,0.3693491936645708,0.3619136751879129,0.5248215097800019,1.6403256320158237,0.434984385255086,0.4948947782336615,0.2603426065844795,0.256448822054386,-1.437707146559579,0.0142692128554373,0.0102250916144016,-4.249651009811063,0.6284970307276972,0.5935214376749539,1.1274775492192617,0.2213196351650777,0.1484462467813454,-1.5081473094034432,0.6168344955731058,0.5626238076971314,-1.0688162745210978,1.893836793226218e-05,1.2761660946707636e-05,-10.87432064433833,0.6223364918159178,0.5639557261007164,0.9559994707255968,0.0148311096405279,0.0153977201709441,0.0250290951013045,0.0655812473193262,0.1121170672655478,0.9561167364802492,0.0250290951013045,0.9561167364802492,5,0.0250290951013045,0.9561167364802492,5,0.0124410674215971,0.9558946255620758,4,0.0124410674215971,0.9558946255620758,4,0.0107943946046705,0.944427254002286,3,0.0107943946046705,0.944427254002286,3,0.0107943946046705,0.944427254002286,3,0.1144714242553332,10.0,75,0.5962920493463575,0.0015153556069127,0.3679580150191762,0.0318565512163281,3,0.5826971999514103,0.0014800181626069,0.3310397770387644,0.1205482397282634,3,0.2315241593426202,0.0065296413361278,0.0070615097593448,0.9246806361043172,180.71585471781336,0.0006584087304786932,0.002993222071499827,0.21996654934085175
6,50.0,0.009827704,2000,1.0,0.1144714242553332,3.433424561142897e-05,2,1,2,2,0.383,0.0,0.2879673255947221,0.0065296413361278,0.064947358333159,0.0549026832175805,0.2556276075528406,0.199287299429447,0.5945233896607571,0.0192904846288173,5,1388.72591223887,0.01,0.0387906338927364,0.0235742866318498,0.036131227383942,3.0684434986126368,,-0.4118960587249585,0.5981836551554507,0.5671518147305783,7.223122923746141,0.3801643644076916,1.0,0.8333333333333334,1.0,12,0.000949132785758,0.0191633580011718,0.0051364863365022,0.0060856191222602,1.3152407148829168,0.0885926533498272,0.2740197020204482,0.067173409480863,0.0672066978995514,1.4587211525274826,3.722831167740462,1.4450434788418474,1.3144844454176297,0.3672459527198533,0.3631142895028462,0.5670881734221541,1.5810576077426806,0.4236418811556595,0.4580939950984063,0.2598088406372418,0.2590912859344884,-1.2990152378087407,0.01387224576689,0.0100021527472376,-4.277865142341225,0.6218654194466914,0.5981836551554507,1.1848711978263862,0.2301614494417768,0.1495522062148943,-1.4689742622188025,0.6035062747044336,0.5492520019457708,-1.157329797575437,1.9562206662964e-05,1.2442343319627165e-05,-10.841911084640786,0.6169587311215913,0.5371759188232478,0.9118013389145668,0.0493090974801973,0.0504515938393853,0.064947358333159,0.586204077913042,0.9980787916397824,0.199287299429447,0.064947358333159,0.199287299429447,5,0.064947358333159,0.199287299429447,5,0.023588670861681,0.1741901551738484,4,0.023588670861681,0.1741901551738484,4,0.023588670861681,0.1741901551738484,4,0.023588670861681,0.1741901551738484,4,0.023588670861681,0.1741901551738484,4,0.1144714242553332,10.0,76,0.249952231436779,0.0010776572728674,0.3018433033297991,0.0131045355005448,2,0.2940752794106189,0.0011479838736599,0.0699883888722311,0.0022503019594537,2,0.4852406020336142,0.0065296413361278,0.0093759489471833,0.6964245830380129,39.61379684188597,0.0009491327857580585,0.0021638416779660727,0.4386331936494571
10,50.0,0.009827704,2000,1.0,0.1144714242553332,3.433424561142897e-05,2,2,2,2,0.303,0.0,0.0599847905295591,0.0,0.0230126088071743,0.0167590082071305,0.575181542639625,0.1892472197694511,0.0800145315258678,0.3421542950315902,5,8382.273137764985,0.01,0.0315592170178222,0.057971573258645,0.1212956276645091,8.22363172099166,,-1.4692948647585546,0.6790803471859362,0.4181653575724591,12.421877621980876,0.2063434820927055,1.0,0.8,0.8333333333333334,12,0.0025689565808976,0.069537989140834,0.0086905742826495,0.0061216177017519,1.389202083707773,0.0695637358310123,0.3287295418202683,0.0507016294768749,0.0500108768877943,0.8535708604206452,4.002393543256678,1.4244650995253765,1.3868925679726574,0.3498946752900005,0.3354257417872725,0.3882674517894704,1.7489170732999308,0.4056242574072558,0.5589967811330543,0.2337530888643573,0.2258315499066883,-1.8754765169937175,0.0137125307550901,0.0101291962446135,-4.2894452105326115,0.6250621937391095,0.6104467961640392,1.1973376411409862,0.1918458072833546,0.1518040167982609,-1.6510633166673885,0.6853088709799192,0.6354769379261076,-0.7534803096190082,1.300708878536988e-05,1.1270469640973155e-05,-11.250016057937652,0.7245923708482845,0.6790803471859362,1.3395790646432284,0.013398523248411,0.0138658925658061,0.0230126088071743,0.0224278394496006,0.0283685353585517,0.1892472197694511,0.0230126088071743,0.1892472197694511,5,0.0230126088071743,0.1892472197694511,5,0.011182954281167,0.1757477291796586,4,0.011182954281167,0.1757477291796586,4,0.0099105431363648,0.1719665327249556,3,0.0099105431363648,0.1719665327249556,3,0.0099105431363648,0.1719665327249556,3,0.1144714242553332,10.0,77,0.5962920493463575,0.0015153556069127,0.3679580150191762,0.0318565512163281,3,0.5313956224099897,0.0011881965970708,0.4072224710753294,0.0176785819660388,3,0.5684924339983501,0.0065296413361278,0.0070615097593448,0.9246806361043172,180.71585471781336,0.0025689565808976137,0.004941226305276827,0.5199026359416441
6,2.0,0.009827704,2000,1.0,0.1144714242553332,2.0265311283601023e-06,0,0,2,2,0.084,0.0,0.2258179987671864,0.0,0.0559806814295617,0.0643347376933733,0.0441496513840329,0.0483393951010789,0.0855376682629345,0.0135234853980371,5,43.49167432015302,0.01,0.0392002631874885,0.0002652431500445,0.0047205693584199,0.863501369877079,,-0.7143330665901442,0.8723105821092338,0.804228699224286,0.3941322694399628,394132269439.9628,1.0,1.0,1.0,1,0.0017035554184084,0.0013067282929348,0.0030102837113432,0.0059066906542496,1.2516648996502806,0.0832821764834015,0.2244745848161907,0.0646595485563206,0.0663957406264569,1.0309929501877384,3.376443060760583,1.4075141299617675,1.2168228064996582,0.3711375634464146,0.3883775808810913,-0.9200059926520316,1.357487286294217,0.3745701128975732,0.3056354072529748,0.2458007660119448,0.267275438616126,-0.52596618264038,0.0147880203216043,0.010365575395448,-4.213937863713111,0.6258356741546431,0.582489845665402,1.3504281709816337,0.0778836992379798,0.0474240080149743,-2.5525386004025448,0.4094013522721357,0.5509759633201528,0.9406626072611654,1.5558915369216606e-06,1.5627309093781529e-06,-13.373461840986222,0.45077312398693,0.8723105821092338,0.5862745504971206,0.0559806814295617,0.0585594467234958,0.0784640849270622,0.1329132021096048,0.0753604075781197,0.0483393951010789,0.0559806814295617,0.0483393951010789,5,0.0559806814295617,0.0483393951010789,5,0.0311965396277562,0.0106091644793411,4,0.0311965396277562,0.0106091644793411,4,0.0311965396277562,0.0106091644793411,4,0.0311965396277562,0.0106091644793411,4,0.0311965396277562,0.0106091644793411,4,0.1144714242553332,10.0,78,0.1112973347763841,0.001113715768839,0.0849646052719162,0.0188314105174432,3,0.8927244203358281,0.997425246872534,0.7245509690744777,0.9690205077643266,5,4.464726759125827,0.0015306158963641,0.0005858721808942,2.612542370637583,0.9316782095796516,0.0017035554184084102,0.00034397333616442396,4.9525798639057514
10,2.0,0.009827704,2000,1.0,0.1144714242553332,2.0265311283601023e-06,0,0,2,2,0.0165,0.0,0.0122963858507848,0.0,0.0434819935509191,0.0495832788930005,0.1979808264375299,0.0564926233300505,0.1079410691809105,0.0045180218627178,5,272.37422133427367,0.01,0.0411489902127548,0.0002191916305726,0.0036039769598998,1.2992187964863071,,-0.8188753098839775,0.7188487063841803,0.8112578850208578,0.5391519252019011,1.0783038504038025,1.0,0.4,1.0,1,0.001755610519104,0.0012495206975555,0.0030051312166596,0.0059072710223368,1.227496190957146,0.075433991003225,0.2049764775918226,0.05927592664973,0.0613432147546838,1.4535689413578965,3.241454100397908,1.3318190741908065,1.1760220255443543,0.357408524956841,0.3843299195668992,-0.8411886693244822,1.3498069751859678,0.3704892882617067,0.2999616008838037,0.2433462139204653,0.2660085437443791,-0.507955649807697,0.0142238520900049,0.0102794054419131,-4.252834998886357,0.6307954655313937,0.5973511935446164,1.4014737078241737,0.089301595197746,0.067722294295975,-2.415735927902613,0.4860338539979527,0.6590839571037843,0.5108818426991062,1.861679626098151e-06,1.5483403146517486e-06,-13.1940314529368,0.4907944861020538,0.7188487063841803,0.1728756638365242,0.0434819935509191,0.0453860929293191,0.0598817501987633,0.1774794317171282,0.0898511524955528,0.0564926233300505,0.0434819935509191,0.0564926233300505,5,0.0434819935509191,0.0564926233300505,5,0.0433539596610851,0.0465342942819388,4,0.0433539596610851,0.0465342942819388,4,0.0433539596610851,0.0465342942819388,4,0.0433539596610851,0.0465342942819388,4,0.0433539596610851,0.0465342942819388,4,0.1144714242553332,10.0,79,0.1805791272863642,0.0013028104205728,0.0656051617219954,0.0055069460514163,3,0.1681720738607267,0.0009685461592258,0.0770604490394369,0.007027383144329,3,8.039369277087344,0.0015306158963641,0.000436917969728,3.5032111343848045,2.5487747044058824,0.0017556105191040543,0.0002069194083814037,8.484513525517285
6,10.0,0.009827704,2000,1.0,0.1144714242553332,2.0265311283601023e-06,0,0,2,2,0.183,0.0,0.6695757432493183,0.0,0.0030832697127744,0.0071125827949405,0.0864901746081504,0.0594435990131858,0.1154853342224443,0.0009543617997529,4,115.6964258093879,0.01,0.0364329405213465,0.0005589237389917,0.0109292788326621,19.279402890672177,,-0.0133547691540799,0.8405673706360499,0.7524151089603264,0.6125247673243087,1.8375743019729265,1.0,0.6666666666666666,1.0,1,0.0014012280198557,0.0016558863326278,0.0030571143524835,0.0059106626037995,1.2838020934402472,0.0930025575421,0.2498260605533849,0.0713457880262561,0.0722574006108834,0.5790399703972821,3.3977277303267623,1.3743574245803436,1.2231068935905816,0.3634363448140695,0.3780623351651662,-0.9567916762364398,1.4223439890005043,0.4111056594791927,0.3523062071903829,0.2650805132705512,0.2787373402928016,-0.6637745202613476,0.0143937293953601,0.0104201792806661,-4.240962625895381,0.6328685350922618,0.597904337441423,1.3781233204125631,0.0924434598683222,0.0684216932951654,-2.381158066016725,0.4882098042249264,0.6439922577923627,0.437779018793048,1.8103757483652749e-06,1.81537578972635e-06,-13.221976138449644,0.5249290738513799,0.8405673706360499,0.2148692341948179,0.0030832697127744,0.0039650833883551,0.014289395283692,0.1749866187231887,0.1120257849309584,0.0594435990131858,0.024289271382098,0.0740721510550167,5,0.0030832697127744,0.0594435990131858,4,0.0030832697127744,0.0594435990131858,4,0.0030832697127744,0.0594435990131858,4,0.0030832697127744,0.0594435990131858,4,0.0030832697127744,0.0594435990131858,4,0.0030832697127744,0.0594435990131858,4,0.1144714242553332,10.0,80,0.1112973347763841,0.001113715768839,0.0849646052719162,0.0188314105174432,3,0.072623299959402,0.0005408013834838,0.0845836340150936,0.0113833742076616,3,1.6793367087681617,0.0015306158963641,0.0005858721808942,2.612542370637583,0.9316782095796516,0.0014012280198557599,0.0008207757327885676,1.707199620894149
10,10.0,0.009827704,2000,1.0,0.1144714242553332,2.0265311283601023e-06,0,0,2,2,0.06,0.0,0.0570822749546345,0.0,0.0200794274380926,0.0244763211079575,0.1896611201876264,0.0634155496304213,0.1166531451826423,0.0061117056859305,5,695.163201083451,0.01,0.0376641807606484,0.0004478527388148,0.008391522591063,3.158234955948774,,-0.3938311654205398,0.7742879002050689,0.7498878890327043,0.7929834654937411,0.7929834654937411,1.0,0.4,1.0,1,0.0015177611339521,0.0015259185923915,0.0030436797263436,0.0059105962359624,1.264065514942823,0.0851672779919429,0.2343331258235697,0.065945548189807,0.0672274924170345,0.8613924559852157,3.4159675210455673,1.394334874386462,1.228460767990481,0.3651276005225816,0.3812162667780537,-0.9670228803696288,1.3978679076732028,0.3888065738050753,0.3349481527045581,0.2511735631670249,0.2691280588315394,-0.6314185061566551,0.0141326394809439,0.010255294884816,-4.259268299946891,0.6291460492810658,0.5999324028799198,1.4153733652703573,0.1020782388031644,0.0795322614375347,-2.28201571263829,0.5358033825247981,0.6629292472213382,0.213857656404392,2.0124040053938026e-06,1.8499514836711825e-06,-13.11618052797454,0.5375146537924441,0.7742879002050689,0.0130145244982257,0.0200794274380926,0.0211443086678838,0.0322052272178961,0.1769466495466383,0.1095972363708673,0.0634155496304213,0.0200794274380926,0.0634155496304213,5,0.0200794274380926,0.0634155496304213,5,0.0097230592335815,0.04051459058732,4,0.0080420788879797,0.0402257625070276,3,0.0080420788879797,0.0402257625070276,3,0.0080420788879797,0.0402257625070276,3,0.0080420788879797,0.0402257625070276,3,0.1144714242553332,10.0,81,0.1805791272863642,0.0013028104205728,0.0656051617219954,0.0055069460514163,3,0.170309957011571,0.001013846418855,0.0676956004532687,0.0037269400864781,3,3.3155267512980684,0.0015306158963641,0.000436917969728,3.5032111343848045,2.5487747044058824,0.0015177611339521825,0.00047598980872644883,3.188642080411514
6,50.0,0.009827704,2000,1.0,0.1144714242553332,2.0265311283601023e-06,0,0,2,2,0.2475,0.0,0.7890384841039851,0.0,0.0045792144298775,0.0089073574928251,0.0663952941671068,0.0601598045138701,0.1158162494229247,0.0092777639037941,4,147.1678690337448,0.01,0.0349188839926577,0.000772631109987,0.0158596245521472,13.13758187896834,,0.1557182024402463,0.7868652004938483,0.699526264318474,0.5833548333283839,1.1667096666567678,1.0,0.3333333333333333,1.0,1,0.001180110112172,0.0019041340365317,0.0030842441487037,0.00591250275044,1.290291102760335,0.0939018851934785,0.254867853970478,0.071880518351226,0.0725867860262379,0.5045910964689413,3.565768781402194,1.411966881787912,1.2713796775749335,0.3656358999462381,0.3702508706671197,-1.0830600977706994,1.459296982555924,0.4168169653894315,0.377954800955528,0.2643893099936529,0.2755668689354779,-0.7625205584022171,0.0138917279069615,0.0099565957127961,-4.276461730603555,0.6164982823637828,0.5961913709622361,1.472299303404318,0.0974491848406839,0.0739064013739021,-2.3284242179616146,0.5155517240877742,0.6517823252612779,0.3122754778649797,1.9547491660751034e-06,1.83303096807417e-06,-13.145248676556482,0.538803027134454,0.7868652004938483,0.0669328945749992,0.0045792144298775,0.0054805313307584,0.0166623267178394,0.1720972547619306,0.1151916889929736,0.0601598045138701,0.0328072067676606,0.0802570928296812,5,0.0045792144298775,0.0601598045138701,4,0.0045792144298775,0.0601598045138701,4,0.0045792144298775,0.0601598045138701,4,0.0045792144298775,0.0601598045138701,4,0.0045792144298775,0.0601598045138701,4,0.0045792144298775,0.0601598045138701,4,0.1144714242553332,10.0,82,0.1112973347763841,0.001113715768839,0.0849646052719162,0.0188314105174432,3,0.061480804034863,0.0004488041114177,0.0727555076911123,0.0074781390852655,3,1.0054138946676283,0.0015306158963641,0.0005858721808942,2.612542370637583,0.9316782095796516,0.0011801101121720402,0.0011575856521391056,1.0194581368482856
10,50.0,0.009827704,2000,1.0,0.1144714242553332,2.0265311283601023e-06,0,0,2,2,0.0315,0.0,0.0460864207360683,0.0,0.02518078798267,0.0300725048353554,0.1787931618880021,0.0579315684013696,0.1111089488251059,0.0048203591322804,5,413.5321422033464,0.01,0.0391979474345909,0.000301185183459,0.0053423541730503,2.3006257167662625,,-0.6496763361724514,0.7290301356578517,0.7723598700652466,0.5208080993543273,0.8680134989238788,1.0,0.4,1.0,1,0.0016690185194455,0.0013496074712642,0.0030186259907098,0.005908148536165,1.2484866322592727,0.080614147206917,0.221932123639339,0.0628457914093922,0.0644400017713427,1.1012034115365965,3.2903964008170754,1.3638112651927672,1.1910080440898962,0.3646936016858475,0.3868717752924719,-0.8654772625572544,1.3820459378941192,0.383242243261476,0.3235649649479708,0.2499085942848808,0.2683900920217965,-0.5890651688295542,0.0146475405880521,0.0101662247966277,-4.2234828355608025,0.6205815783947846,0.57850411859278,1.377242132842831,0.0902431912423031,0.0662583129044722,-2.405247127913716,0.4849151782071713,0.639664268140205,0.490430247687818,1.8079696539910917e-06,1.5149602260690067e-06,-13.22330608043211,0.4763570752831579,0.7290301356578517,0.2395703895437514,0.02518078798267,0.0265026732243117,0.0385340532990843,0.1756510151608218,0.0997442629131264,0.0579315684013696,0.02518078798267,0.0579315684013696,5,0.02518078798267,0.0579315684013696,5,0.0216426334847439,0.0376830200584697,4,0.0216426334847439,0.0376830200584697,4,0.0216426334847439,0.0376830200584697,4,0.0216426334847439,0.0376830200584697,4,0.0216426334847439,0.0376830200584697,4,0.1144714242553332,10.0,83,0.1805791272863642,0.0013028104205728,0.0656051617219954,0.0055069460514163,3,0.1546799495169104,0.000897674522945,0.0778246412759993,0.0057729430314681,3,5.374928424833918,0.0015306158963641,0.000436917969728,3.5032111343848045,2.5487747044058824,0.0016690185194455345,0.0003042064820757704,5.486465995257204
6,2.0,0.009827704,2000,1.0,0.1144714242553332,2.5520253774201465e-06,2,1,2,2,0.344,0.0,0.1988977859342124,0.0003120523783544,0.0440079628358355,0.0359721616830516,0.4785413244797289,0.2374905562986524,0.6971355419925079,0.7685560496817185,5,877.2619562528657,0.01,0.0332390728348533,0.0163907032427128,0.0215971572878893,5.396536012915932,,0.0935171128683276,0.9714761124734644,0.4879966178406992,1.9338250317038033,0.5525214376296581,1.0,0.5,1.0,12,0.0019293494429206,0.0138229769281384,0.0040186956347296,0.0059480450776502,1.3702245091407994,0.0881851520990905,0.3149746016992008,0.0656112031970521,0.0642217960337158,0.9096625765693972,4.013097845058167,1.4216405483380112,1.38956347301051,0.350532764924312,0.333884882265914,0.3061653352426511,1.6895575337940356,0.4297146052691464,0.524466680332573,0.2559379661724348,0.2463601234638444,-0.0096159888556497,0.0140154470024828,0.0101129457473464,-4.267595200297993,0.6236423885714407,0.5981997173296256,-0.3980704530706123,0.1492465548834563,0.1372331863261639,-1.9021556098337529,0.6979305002189402,0.7199415636645221,-0.3800871964200185,3.5070657525672534e-06,4.795409344664278e-06,-12.560730838032104,0.7945803355932187,0.9714761124734644,-0.4000758590779669,0.0316616839910932,0.032246838222226,0.0440079628358355,0.8599065043816572,0.9940095652972144,0.2374905562986524,0.0440079628358355,0.2374905562986524,5,0.0440079628358355,0.2374905562986524,5,0.0183276984574597,0.2265741764096753,4,0.0183276984574597,0.2265741764096753,4,0.0183276984574597,0.2265741764096753,4,0.0183276984574597,0.2265741764096753,4,0.0183276984574597,0.2265741764096753,4,0.1144714242553332,10.0,84,0.0993476483651403,0.0012254265027272,0.249509659029801,0.008710062656196,3,0.172243227277402,0.0019791008596718,0.0843196345257543,0.0037519474201613,3,1.5636952084006597,0.0003120523783544,0.0043830133478269,0.0711958539914371,8.191294680037027,0.001929349442920619,0.0012956776367953028,1.4890659436652967
10,2.0,0.009827704,2000,1.0,0.1144714242553332,2.5520253774201465e-06,2,1,2,2,0.1225,0.0,0.026116424776641,0.0003120523783544,0.0183461117220224,0.0126943644122768,0.4124166487709926,0.3917043295996965,0.4701957947135684,0.0284309519947718,5,6557.763669937974,0.01,0.0316159553320632,0.025160540515917,0.0266226163467763,21.350809127009686,,-1.1865086520995134,0.8199452757216963,0.4356865122249594,5.6809205027392515,0.6455591480385513,1.0,0.6,1.0,12,0.0017532839329745,0.017541799798659,0.0041892627552789,0.0059425466882535,1.4019340146919663,0.0679142979344146,0.3378527223778152,0.0493871167120679,0.048385064697485,0.7452537812242978,3.972623094709744,1.4960304745206014,1.3794266056597304,0.3684677180926303,0.352645364186388,0.3187737841604807,1.721352303088028,0.4044015530637332,0.543110204639777,0.2366257908132884,0.2286087907506837,-0.0891898590813734,0.0140504896622534,0.0101821301259612,-4.265098032403736,0.623896656009461,0.6004444820544743,-0.4019107550131305,0.120654451526602,0.1034811559053549,-2.114824591391147,0.6070236130846361,0.7032393227512818,-0.086661316681776,2.410008248713887e-06,2.4608460567587217e-06,-12.93588038776471,0.6224004031872887,0.8199452757216963,0.0919940589216794,0.0097184441401622,0.0100185373746459,0.0183461117220224,0.3812612642782247,0.6376217902627842,0.3917043295996965,0.0183461117220224,0.3917043295996965,5,0.0183461117220224,0.3917043295996965,5,0.0090659620632014,0.3914530220976338,4,0.0090659620632014,0.3914530220976338,4,0.0090659620632014,0.3914530220976338,4,0.0090659620632014,0.3914530220976338,4,0.0090659620632014,0.3914530220976338,4,0.1144714242553332,10.0,85,0.3536898721494038,0.0006329814152455,0.2011739527725473,0.0048320663125436,2,0.4214433281908509,0.0016737755910064,0.0780285265778161,0.0031482257451416,3,1.6604798560118603,0.0003120523783544,0.002898834000414,0.1076475501218209,63.62144110943045,0.00175328393297456,0.000998489550430872,1.7559361860301654
6,10.0,0.009827704,2000,1.0,0.1144714242553332,2.5520253774201465e-06,2,1,2,2,0.4965,0.0,0.1824785930717048,0.0003120523783544,0.0382123055209452,0.0425631503694769,0.5196408772342002,0.1020269979946884,0.1800809276040381,0.7910995665723856,5,548.3153559411555,0.01,0.032316532993654,0.0027191042227602,0.0580215364102795,2.670003722721327,,0.4758661780789213,0.988552095313484,0.6004340956503097,1.8525461754872312,0.6947048158077118,1.0,0.5,1.0,1,0.0007103412659149,0.0040357701663711,0.0033254289004562,0.0059320401100519,1.3061629175108955,0.0948320759313917,0.2670937684883393,0.0722423537762704,0.0724140934561975,1.488944971201121,3.7074726310196753,1.4243180836849234,1.3103504129446244,0.3658498848981532,0.359666379607802,0.5098649726359736,1.5556131392521706,0.4279766015103968,0.4418697696845677,0.265313675555764,0.2656157773466192,0.3020417769633984,0.0145867294837028,0.0100203933558181,-4.227643103076221,0.6110100635564134,0.5751660995861306,-0.471687329856614,0.1695209516077147,0.1434910282153708,-1.7747787514954072,0.7031896514108223,0.6691056125528381,-0.5583860693552586,3.895219648006691e-06,5.48650003790741e-06,-12.455760487932013,0.813980597356938,0.988552095313484,-0.5194998036096673,0.0382123055209452,0.0390071907167056,0.05046995487078,0.2559813330581737,0.1822344517592521,0.1020269979946884,0.0382123055209452,0.1020269979946884,5,0.0382123055209452,0.1020269979946884,5,0.0060057656852637,0.0735525555937905,4,0.0060057656852637,0.0735525555937905,4,0.0060057656852637,0.0735525555937905,4,0.0060057656852637,0.0735525555937905,4,0.0060057656852637,0.0735525555937905,4,0.1144714242553332,10.0,86,0.0993476483651403,0.0012254265027272,0.249509659029801,0.008710062656196,3,0.1178990872499902,0.0021921565888959,0.0589679259211619,0.0034542115867273,3,0.1908232927455763,0.0003120523783544,0.0043830133478269,0.0711958539914371,8.191294680037027,0.0007103412659149656,0.003988649596533131,0.17809066670894894
10,10.0,0.009827704,2000,1.0,0.1144714242553332,2.5520253774201465e-06,2,2,2,2,0.511,0.0,0.1300454179150523,0.0,0.0122362617088671,0.0085431611241579,0.4487051094386312,0.1777810080951515,0.0690836310711377,0.2456229352907643,5,8482.56313526429,0.01,0.0273566367704635,0.0480071780128045,0.0765327978624479,14.5290295618898,,-1.9411313641079933,0.8793989056932092,0.3177070437413273,5.995942128782714,0.4282815806273367,1.0,0.6,1.0,12,3.9511316199376464e-05,0.0565805573208818,0.0059967145933572,0.0059572032771578,1.4317654178046426,0.0523277114726091,0.3589082407371797,0.0372735542435844,0.0365226535084563,0.4225627910646827,4.463777457304826,1.4540844223295677,1.4959953710820248,0.3416738494410336,0.3085387919243917,0.0026021406570185,1.885906047559,0.3621092014893486,0.634408367254091,0.2015560068850595,0.1883283663467087,-0.5576751856176095,0.0139440972931778,0.0100965149611861,-4.272698993366366,0.6230472308716171,0.6000619412282965,-0.3902590414600559,0.1104618802777077,0.0896168070322357,-2.203084792404219,0.56556963071194,0.6799608061672693,0.0630421675954315,2.2145337555407245e-06,2.397496061135701e-06,-13.02046867073671,0.591140249093253,0.8793989056932092,0.2399522322380588,0.0066518631728311,0.0067413584907755,0.0122362617088671,0.0132386236176235,0.0162312615006381,0.1777810080951515,0.0122362617088671,0.1777810080951515,5,0.0122362617088671,0.1777810080951515,5,0.0034406093576996,0.1338616632207735,4,0.0034406093576996,0.1338616632207735,4,0.0033092237399604,0.0733605643002204,3,0.0033092237399604,0.0733605643002204,3,0.0033092237399604,0.0733605643002204,3,0.1144714242553332,10.0,87,0.3536898721494038,0.0006329814152455,0.2011739527725473,0.0048320663125436,2,0.3320027197456383,0.0005602279749524,0.2116733214735109,0.0030851317607685,2,0.0144011604250224,0.0003120523783544,0.002898834000414,0.1076475501218209,63.62144110943045,3.9511316199376464e-05,0.0023285257997322146,0.01696838240053872
6,50.0,0.009827704,2000,1.0,0.1144714242553332,2.5520253774201465e-06,2,1,2,2,0.4855,0.0,0.1739865697773389,0.0003120523783544,0.0337700786268154,0.0378635902867542,0.4879757519766396,0.1084089204587096,0.1937235898967529,0.7759414539373354,5,539.7591550173673,0.01,0.0319776244947268,0.0029692227150912,0.0633720411145948,3.2102063384781836,,0.3953796604869743,1.0002311910444757,0.5804249595526284,2.0252450039299483,0.934728463352284,1.0,0.6666666666666666,1.0,1,0.0009275680520449,0.004267423390812,0.003339855338767,0.0059304949371639,1.3191410155099486,0.0955703154993211,0.276980778945516,0.0723761008168125,0.072259638649172,1.349587471601449,3.5876362256457637,1.456297729584535,1.277493552670249,0.3758019967772064,0.3782143680862614,0.5837938694000921,1.5757995618917158,0.4314771543199039,0.4547628018066399,0.263955680844659,0.2644478621774538,0.2547502735319208,0.0142421184490333,0.0102974833529354,-4.251551616574795,0.6359170444148224,0.5965834038971174,-0.4156158326265335,0.1461001059204944,0.131781449851032,-1.9234632352394732,0.6801793164929171,0.7137384877975466,-0.3586801536048444,3.434330121147771e-06,4.793858710520903e-06,-12.581688666985496,0.7785186435315591,1.0002311910444757,-0.3814097245873968,0.0337700786268154,0.0344841364694585,0.0453365557639886,0.2752232526451807,0.1975385965863683,0.1084089204587096,0.0337700786268154,0.1084089204587096,5,0.0337700786268154,0.1084089204587096,5,0.0054482888757308,0.0906358524967009,4,0.0054482888757308,0.0906358524967009,4,0.0054482888757308,0.0906358524967009,4,0.0054482888757308,0.0906358524967009,4,0.0054482888757308,0.0906358524967009,4,0.1144714242553332,10.0,88,0.0993476483651403,0.0012254265027272,0.249509659029801,0.008710062656196,3,0.0920987460768143,0.0016848883023238,0.0606975477324318,0.0027726587271668,3,0.2231506435464534,0.0003120523783544,0.0043830133478269,0.0711958539914371,8.191294680037027,0.0009275680520449896,0.00432297185030993,0.21456721999669942
10,50.0,0.009827704,2000,1.0,0.1144714242553332,2.5520253774201465e-06,2,1,2,2,0.2845,0.0,0.1149906142078552,0.0003120523783544,0.0194906933661367,0.0135933637074537,0.4984114863582382,0.8572865259278487,0.3636956571751326,0.1488797490531959,5,8613.01677922777,0.01,0.0311407933194022,0.0588479593730313,0.0431717325608833,43.98440372661669,,-1.1211434309729629,0.8657464147902391,0.418010044446547,8.471078774065976,0.4868436077049412,1.0,0.5,1.0,12,0.001034913952498,0.0279943003623573,0.0049325200409819,0.0059674339934799,1.3981503927917407,0.0672563109036729,0.3351502151298661,0.0489003618597749,0.0480469797161363,0.8079376351994397,3.981152631935334,1.4765497698146184,1.3815713833825225,0.3640628406192061,0.3478730946721712,0.3167394698081405,1.7649214294393636,0.4112463284546301,0.5681061734960206,0.2374740868334293,0.2267418007215108,-0.1941289275331985,0.0140938303772715,0.0100556938316153,-4.26201813925179,0.6211766500600914,0.5926996452666845,-0.4086288001880311,0.1499292411692558,0.1307310947525917,-1.8975918217216696,0.6813177929089574,0.6923656995706283,-0.3960534100896123,3.7832958741127887e-06,4.435170343919123e-06,-12.48491500386955,0.7652732831927174,0.8657464147902391,-0.5144675153024046,0.0104812714100116,0.0108081263462128,0.0194906933661367,0.0917987569797448,0.142001688617804,0.8572865259278487,0.0194906933661367,0.8572865259278487,5,0.0194906933661367,0.8572865259278487,5,0.0102229629263111,0.8559157821420532,4,0.0102229629263111,0.8559157821420532,4,0.0102229629263111,0.8559157821420532,4,0.0102229629263111,0.8559157821420532,4,0.0102229629263111,0.8559157821420532,4,0.1144714242553332,10.0,89,0.3536898721494038,0.0006329814152455,0.2011739527725473,0.0048320663125436,2,0.4173737640474392,0.000805404594193,0.1009613229377211,0.0076515010094648,2,0.6283097715564329,0.0003120523783544,0.002898834000414,0.1076475501218209,63.62144110943045,0.0010349139524980433,0.0016774030979165384,0.6169739127008199
6,2.0,0.009827704,2000,1.0,0.1144714242553332,1.8900726699282955e-05,0,1,2,2,0.559,0.0,0.1903113588723844,0.0001518233268629,0.0774816298621376,0.0829003617336742,0.2337632403320661,0.09873977128515,0.1591457838094845,0.024685938173163,5,508.6393138678572,0.01,0.0379483166837435,0.0021993859241728,0.039013045869294,1.2743636325260177,,-0.1531145710948844,0.7087309473717702,0.7117229391946844,1.7965184926673765,0.3477132566452986,1.0,0.6666666666666666,1.0,1,0.0001473349942601,0.0035702510611028,0.0034229160668426,0.0059731692773927,1.2411204964815867,0.080134758116182,0.2160145977874059,0.0625548309322408,0.0644377780765877,-1.0573238369202826,3.3627020096953064,1.3744262651845842,1.2127448203561977,0.3649436710484415,0.3817077491577499,1.584071409270874,1.4467987331227654,0.4105141995097229,0.3693533454545359,0.262877248628292,0.2738593062842198,0.2252896267696841,0.0142734390454381,0.0101429791187199,-4.249354878250032,0.6211795286027174,0.5906006913040949,0.1445844405645087,0.1718017245711203,0.149714750237021,-1.7614142312337018,0.7048612314915033,0.6854935392832475,-0.5760223538825504,1.2370018221276147e-05,1.1535254490134612e-05,-11.300234898539449,0.7786214734154246,0.7087309473717702,0.5444554588760098,0.0774816298621376,0.0789514953079688,0.0922679600309162,0.2353708634901832,0.1433267166531203,0.09873977128515,0.0774816298621376,0.09873977128515,5,0.0774816298621376,0.09873977128515,5,0.0256784219485525,0.0130787463337934,4,0.0256784219485525,0.0130787463337934,4,0.0256784219485525,0.0130787463337934,4,0.0256784219485525,0.0130787463337934,4,0.0256784219485525,0.0130787463337934,4,0.1144714242553332,10.0,90,0.1620006012258238,0.0006952781751161,0.0375595914088771,0.0009310343130882,2,0.1521904863990907,0.0008001087730612,0.0370772095020587,0.0014638732039597,2,0.0598968872576288,0.0001518233268629,0.0020895838843355,0.0726572060595782,8.624954109559246,0.00014733499426019658,0.0025663148639773225,0.05741111362767625
10,2.0,0.009827704,2000,1.0,0.1144714242553332,1.8900726699282955e-05,0,1,2,2,0.462,0.0,0.1198509754178058,0.0001518233268629,0.0199421698846404,0.0238956576512598,0.4056886893106075,0.0680456756081261,0.1475584780906113,0.0413103922349899,5,3776.3195426857887,0.01,0.0366784969806033,0.0026171288976086,0.0482627196402273,3.4121500319047606,,-0.6756847421396178,0.7228342621829348,0.6707995979559311,9.864347424235058,0.8577693412378311,1.0,0.2,1.0,1,0.0005643683690384,0.004033521451015,0.0034691530819765,0.0059741375073855,1.2499550651167084,0.0727688312087026,0.223107602761435,0.0569456811566586,0.0581215759640165,-1.2860276204570855,3.5071646295584857,1.368307913124213,1.254807913186696,0.357493212074514,0.3657331015294067,1.4994235536980345,1.4633753505916018,0.4030987632056987,0.3807456513950872,0.2554040298792936,0.2663922614794311,0.1872766506924875,0.0143293033240605,0.0101942005701015,-4.245448654928167,0.6248754667258686,0.5904234331039111,0.1374780670481522,0.1817947211461705,0.15267324919693,-1.7048771342600508,0.6943704264047849,0.6667406413916227,-0.6661472106363782,1.1920691273154754e-05,1.14520042571453e-05,-11.337234905294258,0.7930988453215615,0.7228342621829348,0.5811693221757737,0.0199421698846404,0.0208261431072737,0.0309186599618652,0.2410042892479493,0.1336254694157584,0.0680456756081261,0.0199421698846404,0.0680456756081261,5,0.0199421698846404,0.0680456756081261,5,0.0056076042033686,0.0459811447504854,4,0.0056076042033686,0.0459811447504854,4,0.0041897568598426,0.0459231339243836,3,0.0041897568598426,0.0459231339243836,3,0.0041897568598426,0.0459231339243836,3,0.1144714242553332,10.0,91,0.5116614717170455,0.0012610411670065,0.373176792297999,0.0369349051213558,3,0.5072478195749663,0.0017723251547538,0.5013805653862926,0.0804566939217089,3,0.2803479705756949,0.0001518233268629,0.0014172507426035,0.1071252406501042,18.58795038052207,0.0005643683690384864,0.0023396571147576016,0.2412184099450647
6,10.0,0.009827704,2000,1.0,0.1144714242553332,1.8900726699282955e-05,0,1,2,2,0.5055,0.0,0.161739758873787,0.0001518233268629,0.0679206737953224,0.0731091872191363,0.2271343000576247,0.0955766954330211,0.1628357593346905,0.0186235239553136,5,617.233954804119,0.01,0.0371023568181096,0.002658389961775,0.0481780094313081,1.4071812026046664,,-0.1609595695154045,0.7032853348822552,0.7065367050922627,2.6187115056473265,0.4246559198347016,1.0,0.5,1.0,1,0.0005897015005158,0.0040799573030904,0.0034902558025745,0.005979341873104,1.2477723315400189,0.0799995345759373,0.2213598266548444,0.0623350296156776,0.0639872980749241,-1.1468020977507605,3.4700607573608204,1.4267711091025117,1.2441721031313662,0.3743682407099272,0.383008114135454,1.4602455365614204,1.4527924103810548,0.4134939222010559,0.3734875047192627,0.2638826309774787,0.2746414313028808,0.2087646229724164,0.0140076271943603,0.0102191251971373,-4.268153298119133,0.6274540066980722,0.6031349239668531,0.1730984476038465,0.1864976690873434,0.1517858140585083,-1.679336538167558,0.6969703424639039,0.6480865975796221,-0.7003074435921369,1.2888202511725983e-05,1.1835154304494762e-05,-11.259198199012712,0.762950651719672,0.7032853348822552,0.5018516088941721,0.0679206737953224,0.0692556786819941,0.0821512091800923,0.2452081660126105,0.1477224165584398,0.0955766954330211,0.0679206737953224,0.0955766954330211,5,0.0679206737953224,0.0955766954330211,5,0.0164374205662812,0.0255536590467792,4,0.0164374205662812,0.0255536590467792,4,0.0164374205662812,0.0255536590467792,4,0.0143413965719487,0.0254631273064157,3,0.0143413965719487,0.0254631273064157,3,0.1144714242553332,10.0,92,0.1620006012258238,0.0006952781751161,0.0375595914088771,0.0009310343130882,2,0.1532644273851171,0.0007706418396308,0.0392623359864994,0.0015670978541458,2,0.1986200249990834,0.0001518233268629,0.0020895838843355,0.0726572060595782,8.624954109559246,0.0005897015005158998,0.003075178883009744,0.19176169027889076
10,10.0,0.009827704,2000,1.0,0.1144714242553332,1.8900726699282955e-05,0,0,2,2,0.298,0.0,0.1716587719515805,0.0,0.0285997434253724,0.0327734802340679,0.493490739409899,0.0570975670468116,0.1307497825058724,0.0359468466164746,5,2721.332206856354,0.01,0.0409218963081986,0.0014413421423251,0.0231066545844576,1.9964363385217316,,-1.2397259838896637,0.6682450024067624,0.7227170615944274,4.918713784741795,0.5346428026893256,1.0,0.5,1.0,1,0.0006193034751185,0.0027049708688195,0.0033242743439381,0.0059728589056119,1.202719335053693,0.0528494166984643,0.1845851055781156,0.0424150247218211,0.0439011913016756,-0.8183708928036614,3.374299879621521,1.383366274017502,1.2161878597300977,0.3660122098747865,0.3827169452706189,1.570039961576368,1.3980168850698032,0.3736492361162302,0.3350547217571369,0.2421497639816564,0.2592183147332793,0.3862161143142511,0.0138297830161964,0.0100705731121666,-4.280930822785278,0.623322989831558,0.6031254755573366,0.1947446847760228,0.1879957207900921,0.1511149323506948,-1.6713360781660698,0.6751553861752024,0.6468231127308399,-0.7347848938928332,1.490750520709968e-05,1.2811422001802463e-05,-11.113645766655251,0.7465626726653269,0.6682450024067624,0.3179044283952701,0.0285997434253724,0.0297563809577468,0.0399643163190845,0.2330096308663943,0.1021421496044115,0.0570975670468116,0.0285997434253724,0.0570975670468116,5,0.0285997434253724,0.0570975670468116,5,0.0164408291061388,0.009767547644174,4,0.0147208196828465,0.0097424090469965,3,0.0147208196828465,0.0097424090469965,3,0.0147208196828465,0.0097424090469965,3,0.0147208196828465,0.0097424090469965,3,0.1144714242553332,10.0,93,0.5116614717170455,0.0012610411670065,0.373176792297999,0.0369349051213558,3,0.5397918174359381,0.0021630757897938,0.5242642950755086,0.0883024623969232,3,0.5908379445918954,0.0001518233268629,0.0014172507426035,0.1071252406501042,18.58795038052207,0.0006193034751185351,0.0011045428224038633,0.5606876098934025
6,50.0,0.009827704,2000,1.0,0.1144714242553332,1.8900726699282955e-05,0,1,2,2,0.4925,0.0,0.1560101095046936,0.0001518233268629,0.0524025535395018,0.0569478510888677,0.1439107371109995,0.0978154039502225,0.1727398118988951,0.0609427013476793,5,598.6652523914047,0.01,0.0353181254444776,0.0028856309113113,0.055534571034571,1.8666152189795064,,0.1753858371342083,0.7957772111167044,0.6774626208033846,2.473992674251645,0.5301412873396382,1.0,0.5,1.0,1,0.0008384379264769,0.0043010537083371,0.0034626157818602,0.0059629307079167,1.2712311745230975,0.0885358386204104,0.2399858596362522,0.068245218492254,0.0694818387327618,-1.3204144949473742,3.55848566324925,1.436946270509635,1.2693350788743365,0.3727354376850413,0.37660360780252,1.3991333371009431,1.4782872936472318,0.4178838959761707,0.3908841836415575,0.264809423480401,0.2727701729429312,0.1423388886516627,0.0142534359531477,0.0103408178112015,-4.250757281812977,0.6334852838811464,0.598898249052506,0.1439896087834099,0.1726220805375827,0.1490935455379744,-1.7566505795603118,0.7028108647765627,0.6806682875372858,-0.584480829743965,9.069863638905774e-06,9.915800716256968e-06,-11.610553328249498,0.8256331455863198,0.7957772111167044,0.8893091868153397,0.0524025535395018,0.0534198386767989,0.0650211610503026,0.2566513641688301,0.1637526675776328,0.0978154039502225,0.0524025535395018,0.0978154039502225,5,0.0524025535395018,0.0978154039502225,5,0.0076135228290038,0.049629574967484,4,0.0076135228290038,0.049629574967484,4,0.0076135228290038,0.049629574967484,4,0.0076135228290038,0.049629574967484,4,0.0076135228290038,0.049629574967484,4,0.1144714242553332,10.0,94,0.1620006012258238,0.0006952781751161,0.0375595914088771,0.0009310343130882,2,0.1201278097069858,0.0006139554635338,0.0449095745354963,0.0018355945154329,2,0.2424107219903234,0.0001518233268629,0.0020895838843355,0.0726572060595782,8.624954109559246,0.0008384379264769325,0.003666765722449812,0.22865871177522673
10,50.0,0.009827704,2000,1.0,0.1144714242553332,1.8900726699282955e-05,0,0,2,2,0.411,0.0,0.3214002598082648,0.0,0.020933547601615,0.0249349213059047,0.4007753658371807,0.0633374946666688,0.1335860658319038,0.0575140553146816,5,3291.2944342967576,0.01,0.0376641317853555,0.0018608787409839,0.0336485692456811,3.0256455270764704,,-0.6642964793428666,0.771630000711616,0.6766227267847671,2.8918306638580527,0.3614788329822566,1.0,0.5,1.0,1,0.0001592020880425,0.003188507109434,0.0033477091974765,0.0059607679561977,1.2397009432796788,0.0705229312193158,0.2148701757551802,0.0554452116184566,0.056798289342504,-1.1722615881461396,3.4819717530351593,1.4107538556702155,1.2475987290314037,0.3692774579146073,0.3781436434795106,1.471096908256463,1.4419140636653005,0.3863595385293956,0.3659714418478478,0.2476245949084436,0.2596258058790095,0.2528239202553574,0.0141126335623953,0.0100990596809035,-4.2606848854310115,0.6236351169137401,0.5937805669059255,0.1621828198429025,0.1735194233029164,0.1511505092822685,-1.7514657359884254,0.7053075465586633,0.68522363237469,-0.5897630374141586,1.0426255555378987e-05,1.0934746670570947e-05,-11.471183360564549,0.8151994164895577,0.771630000711616,0.7297271828111418,0.020933547601615,0.0218742072525561,0.031997009063543,0.2180712479154183,0.1193494549136243,0.0633374946666688,0.020933547601615,0.0633374946666688,5,0.020933547601615,0.0633374946666688,5,0.0067974159210902,0.0374033441618589,4,0.0067974159210902,0.0374033441618589,4,0.0054004287729863,0.0373425427656778,3,0.0054004287729863,0.0373425427656778,3,0.0054004287729863,0.0373425427656778,3,0.1144714242553332,10.0,95,0.5116614717170455,0.0012610411670065,0.373176792297999,0.0369349051213558,3,0.4295908860204162,0.0010743965701284,0.0266170839682849,0.0007501465548699,2,0.1091351025057349,0.0001518233268629,0.0014172507426035,0.1071252406501042,18.58795038052207,0.00015920208804251186,0.0016227945786717417,0.09810366027523881
6,2.0,0.009827704,2000,1.0,0.2620741394208896,1.3107375774432163e-05,0,0,2,2,0.411,0.0,0.7936855309717793,0.0,0.0535232163439478,0.0583566586534206,0.1313718776827217,0.0897884064582925,0.1474468719040289,0.0788875707867454,5,441.780301894786,0.01,0.0358409967257421,0.0016588704061209,0.0322079582637175,1.6775599934297571,,0.2941885927994649,0.8922486246607836,0.6677318403237901,2.7981316321942566,0.9327105440647522,1.0,0.3333333333333333,1.0,1,0.0003223988723212,0.0029388244072918,0.003261223279613,0.0059390516520251,1.2637763015967425,0.0872614789761373,0.2341043034776061,0.0674794235674626,0.068889038277108,-1.2988770225078836,3.474627486672127,1.4048642441519306,1.2454872751906672,0.3702555339889913,0.3772895587913804,-0.2324885378870225,1.4851272723935212,0.418700646191627,0.3955004738976746,0.2640882592846253,0.2720955432235236,-1.3923026394277385,0.0141612160968949,0.009959989982047,-4.257248311855177,0.6158914208411277,0.5863459463992635,-1.2754230464041945,0.1680810505275182,0.1453383050186764,-1.7833089723012032,0.7019831200813516,0.6816389612155345,0.6327518699990066,6.050104383585098e-06,7.732714449973463e-06,-12.015435032585223,0.8606660301386968,0.8922486246607836,0.898257344343248,0.0535232163439478,0.0546528842772904,0.0668938753390235,0.2117064036627563,0.1408458055910379,0.0897884064582925,0.0535232163439478,0.0897884064582925,5,0.0535232163439478,0.0897884064582925,5,0.0123590800043943,0.033202421993994,4,0.0123590800043943,0.033202421993994,4,0.0123590800043943,0.033202421993994,4,0.0123590800043943,0.033202421993994,4,0.0123590800043943,0.033202421993994,4,0.2620741394208896,10.0,96,0.2877757170189351,0.00218583920772,0.0056752461467568,0.0001585319325561,2,0.1052354815500486,0.0005839961256171,0.041098631732213,0.0015327093938757,2,0.1537998631517882,0.0016259064576765,0.0003275932667225,4.963186435249614,5.787752918070432,0.00032239887232125364,0.002068191155805623,0.15588446523245553
10,2.0,0.009827704,2000,1.0,0.2620741394208896,1.3107375774432163e-05,0,0,2,2,0.068,0.0,0.0304882179293176,0.0,0.0592465466828879,0.0650796504493271,0.6021054657908321,0.0645110355568015,0.1415726889483615,0.0499877203893578,5,1493.4901412066292,0.01,0.0443580861800961,0.0007318310006269,0.0103795217855285,1.0888573118377902,,-1.5494391431887178,0.7608505719030602,0.8103974739128547,3.436458983904783,0.6872917967809566,1.0,0.3,1.0,1,0.0013121079033418,0.0018565584812208,0.0031686663845626,0.0059480368837136,1.1832778514616884,0.0418469411751622,0.1682884276313137,0.0339137052910214,0.0353443790765058,-0.6437396542259166,3.1828002637983768,1.2937194645353205,1.1577613954037254,0.3533892283247613,0.3807520398834633,0.0046569389029312,1.3354128420392812,0.3533274504282577,0.2892404890190861,0.2343997616543861,0.2569868717705849,-1.1153202278027163,0.0138449677419471,0.0100942427024532,-4.279833452304353,0.6219372839238047,0.604037259928355,-1.2267104601943952,0.1734595308569586,0.1505483299773768,-1.7518109583475028,0.7060276258256349,0.6831040057138735,0.5845141222383708,1.1046351460988096e-05,1.1358886254794625e-05,-11.413410369049387,0.8092168396661559,0.7608505719030602,0.2114080067013614,0.0592465466828879,0.0612749132595302,0.0747174914055633,0.2663186791803597,0.0938883521079234,0.0645110355568015,0.0592465466828879,0.0645110355568015,5,0.0592465466828879,0.0645110355568015,5,0.0534297391657736,0.0049247802787816,4,0.0515666091476487,0.004886130594081,3,0.0515666091476487,0.004886130594081,3,0.0515666091476487,0.004886130594081,3,0.0515666091476487,0.004886130594081,3,0.2620741394208896,10.0,97,0.5880867067042825,0.0045804030144588,0.3880849890614534,0.0577148317656638,3,0.4383813665741036,0.0014806594818654,0.0204965875631862,0.0008289930146072,2,2.506264001249938,0.0016259064576765,0.0002599377253325,6.254984556766834,9.319809610249989,0.0013121079033418161,0.000521476126061455,2.5161418476656907
6,10.0,0.009827704,2000,1.0,0.2620741394208896,1.3107375774432163e-05,0,1,2,2,0.517,0.0,0.1799104314402435,0.0016259064576765,0.0570319137523556,0.0617204262017006,0.1725971881537955,0.0968789268621446,0.1650977532795039,0.0519768940525509,5,557.187559267765,0.01,0.0359119879178283,0.0024911475609386,0.0473627865171165,1.6986792216514586,,0.1649933445976976,0.8122536044866379,0.6838124766822202,2.6277047513709033,0.5630795895794792,1.0,0.8333333333333334,1.0,1,0.000463053664526,0.0038776080584997,0.0034145543939736,0.0059599281529071,1.2648297815275078,0.0875854087579152,0.2349375530681607,0.067736844993181,0.0690860583742663,-1.3062421546695298,3.4984186584575876,1.404336777835973,1.2523110545283709,0.3660327783653261,0.3750775937836849,-0.2538131898850286,1.4720682851957738,0.4175858495260555,0.3866684086300324,0.2644086821600752,0.2737222697380169,-1.3572122981913377,0.0143337111195735,0.0100993053175815,-4.245141095124478,0.6220215192454625,0.5860254515205578,-1.282317901029621,0.1813022533367348,0.153862235645385,-1.7075897325245206,0.7215332719860963,0.6657146584323954,0.5106651438932256,8.9852758347569e-06,1.0109445016152964e-05,-11.619923338727862,0.8325572572946528,0.8122536044866379,0.4535278329906343,0.0570319137523556,0.0581269761476115,0.0700023887051349,0.2428993823408547,0.1555149506355124,0.0968789268621446,0.0570319137523556,0.0968789268621446,5,0.0570319137523556,0.0968789268621446,5,0.0101831125064998,0.039680003584777,4,0.0101831125064998,0.039680003584777,4,0.0101831125064998,0.039680003584777,4,0.0101831125064998,0.039680003584777,4,0.0101831125064998,0.039680003584777,4,0.2620741394208896,10.0,98,0.2877757170189351,0.00218583920772,0.0056752461467568,0.0001585319325561,2,0.1256290153862767,0.0006496508365806,0.0417944785101946,0.001648923207506,2,0.1561009100073395,0.0016259064576765,0.0003275932667225,4.963186435249614,5.787752918070432,0.00046305366452608536,0.0031576401072598626,0.14664548485480003
10,10.0,0.009827704,2000,1.0,0.2620741394208896,1.3107375774432163e-05,0,0,2,2,0.206,0.0,0.097536783719554,0.0,0.030473999687305,0.0347320985172087,0.5174315552968852,0.0569993381770737,0.1319337213068969,0.0495464434199892,5,2363.220576926761,0.01,0.0419239998602722,0.0011065575143069,0.0171982390444504,1.8704252399404817,,-1.2043385454960776,0.7178084069067703,0.748944901781386,2.912186144881827,0.4160265921259753,1.0,0.4,1.0,1,0.0009405601978295,0.0023097294297711,0.0032502896276007,0.0059601599969273,1.1989044938757918,0.0513886478933822,0.1814082180569105,0.0412601445086893,0.0428256325537801,-0.8470980351461883,3.275055738111292,1.3412463668853187,1.1863348882130127,0.3594033225624299,0.3829455409331849,-0.0749235721362799,1.3814136368519612,0.3722394149512174,0.3231073493859625,0.2419896020507136,0.2613098210384287,-1.2202906795568158,0.0143378399885894,0.010164084632097,-4.24485308356704,0.6244685176826953,0.5886993133736135,-1.2777543109338505,0.1799214654841066,0.1575577441650751,-1.71523482616579,0.706832640254096,0.6877521364666721,0.5321018928449518,1.2673027435695275e-05,1.2121789015916376e-05,-11.276034646973194,0.7995924547330361,0.7178084069067703,0.0421454664652303,0.030473999687305,0.0317094643311336,0.0420128315331875,0.2392325816096261,0.099569244133991,0.0569993381770737,0.030473999687305,0.0569993381770737,5,0.030473999687305,0.0569993381770737,5,0.0200031142577827,0.005769826387264,4,0.018377838720332,0.0056845527155434,3,0.018377838720332,0.0056845527155434,3,0.018377838720332,0.0056845527155434,3,0.018377838720332,0.0056845527155434,3,0.2620741394208896,10.0,99,0.5880867067042825,0.0045804030144588,0.3880849890614534,0.0577148317656638,3,0.4598225059933175,0.0013602316773821,0.021431022104197,0.0007072751598713,2,1.1602684677461663,0.0016259064576765,0.0002599377253325,6.254984556766834,9.319809610249989,0.0009405601978295674,0.0008491281080291917,1.1076776153513368
6,50.0,0.009827704,2000,1.0,0.2620741394208896,1.3107375774432163e-05,0,0,2,2,0.303,0.0,0.4682229130342097,0.0,0.2377255842653656,0.2466893199572184,0.3816349535139026,0.1982167113471464,0.2166301472034559,0.0067648790083351,5,279.8851155619365,0.01,0.041411309390262,0.0013973245662095,0.0220475285323288,0.8338047078932964,,-0.7224110743409323,0.6686226343004519,0.7680783277611868,3.210484356737026,0.621384069045876,1.0,0.3333333333333333,1.0,1,0.0006660764087135,0.0026510444518011,0.0033171208605146,0.0059710715763127,1.20755830269097,0.063290870859097,0.1886003891810109,0.0501484115830008,0.0523445260169595,-0.840376736509531,3.243120493561629,1.315591907452135,1.1765359816030772,0.3572294194737056,0.3796698216962952,-0.0479492259605179,1.38729612691589,0.3866277414965166,0.3273566202862507,0.2514355254910172,0.2696317069782514,-1.191346872115486,0.0143983153257831,0.0102168921244239,-4.240644070509253,0.6269070766170937,0.5886089806557823,-1.2794980045491662,0.1808183511893035,0.1518386513353097,-1.7102623362339933,0.6932396412918475,0.6668228552067343,0.5353624832826868,1.4266060565782744e-05,1.2284590660885928e-05,-11.157627228653908,0.7523939765083988,0.6686226343004519,-0.1125849275476467,0.2377255842653656,0.2408748611472057,0.2614675144590839,0.2528411684227062,0.1988325618405151,0.1982167113471464,0.2377255842653656,0.1982167113471464,5,0.2377255842653656,0.1982167113471464,5,0.2377255842653656,0.1982167113471464,5,0.2234627992100236,0.1148318948382547,4,0.2234627992100236,0.1148318948382547,4,0.2234627992100236,0.1148318948382547,4,0.2234627992100236,0.1148318948382547,4,0.2620741394208896,10.0,100,0.2877757170189351,0.00218583920772,0.0056752461467568,0.0001585319325561,2,0.1863873780110131,0.0010435463187049,0.0295554836986739,0.0012270178880544,2,0.4648127787729059,0.0016259064576765,0.0003275932667225,4.963186435249614,5.787752918070432,0.000666076408713575,0.0013800496885201675,0.4826466860246251
10,50.0,0.009827704,2000,1.0,0.2620741394208896,1.3107375774432163e-05,0,0,2,2,0.103,0.0,0.0652892280570926,0.0,0.0289284030622279,0.0333234312837145,0.4604144455416178,0.0562726415240669,0.1252868449705796,0.0523421926747793,5,2003.3075105442265,0.01,0.0417601594864029,0.0007431002879825,0.0117450108733955,1.9452384358382588,,-0.8727169904241576,0.8404005961277292,0.7796820792970865,2.2635108795988703,0.5389311618092548,1.0,0.5,1.0,1,0.0012695204740552,0.0018795314273725,0.0031490519014278,0.0059376320617464,1.2066894944080768,0.0586826838193246,0.1878806550083698,0.0467877044834096,0.0485766114894043,-0.8853570559185323,3.322360254014032,1.388646016830434,1.2006754502283052,0.367379337406742,0.3897261017664816,-0.112331692551417,1.3589567076664917,0.3626429778970169,0.3067172786398794,0.2391419655662851,0.2589511800214588,-1.1662845729548814,0.0141156691935087,0.0100473565247477,-4.260469808304248,0.6146813223695049,0.592878779964475,-1.2726929992905518,0.1703133820335898,0.1526132091587501,-1.770115115225163,0.7222869563814824,0.6973357001497877,0.596698128154404,7.898759999812875e-06,9.264944236379616e-06,-11.748804772860131,0.8346306062124498,0.8404005961277292,0.6068185363727515,0.0289284030622279,0.030203349790959,0.0408385409979565,0.2216990137904582,0.0978888795972138,0.0562726415240669,0.0289284030622279,0.0562726415240669,5,0.0289284030622279,0.0562726415240669,5,0.0187544967167144,0.0082089475608137,4,0.0187544967167144,0.0082089475608137,4,0.0172029399176244,0.0080030162236656,3,0.0172029399176244,0.0080030162236656,3,0.0172029399176244,0.0080030162236656,3,0.2620741394208896,10.0,101,0.5880867067042825,0.0045804030144588,0.3880849890614534,0.0577148317656638,3,0.388392231145137,0.0012407999352485,0.0242016936990874,0.0007700681322728,2,2.199196671916504,0.0016259064576765,0.0002599377253325,6.254984556766834,9.319809610249989,0.0012695204740552813,0.0006143109818831134,2.0665762317380096
6,2.0,0.009827704,2000,1.0,0.2620741394208896,1.4506386445202115e-05,1,2,2,2,0.2625,0.0,0.0584261602301856,0.0009376118858893,0.0576456078924232,0.0470544003998348,0.1830969959005163,0.1453436554449602,0.0829693501543887,0.3514358075748046,5,1691.0460979907043,0.01,0.0301682273971294,0.0463583176730972,0.1524302652709018,2.521330952328524,,-0.6695048131644825,0.6905157825881721,0.4066958083789432,15.883105604700342,0.7685373679693713,1.0,0.3333333333333333,1.0,12,0.0037059080104661,0.0894627398461709,0.0098372551263977,0.0061313471159316,1.3884206358043396,0.0792693052448576,0.328166867905945,0.0584335817035356,0.0569973900806131,-1.277098686381195,4.265528919390361,1.4316093809724024,1.4505661871796067,0.3434837333264434,0.3174378096625381,-0.2949100189771501,1.802004170251044,0.4147662976247463,0.5888994734182319,0.2395029473957618,0.2239577000233368,0.8803545734060484,0.0143115312901182,0.0103577105712258,-4.246689682744763,0.6354776005853705,0.5970687058862627,-0.5285185873633201,0.186376791961047,0.1442278479778932,-1.6799848911289854,0.6703172525218751,0.6267112327432931,0.5085010858434843,1.3287451435224472e-05,1.1880013041849855e-05,-11.228690469224846,0.7533138027401138,0.6905157825881721,0.1165104208861438,0.0412606845626412,0.0422569087444399,0.0576456078924232,0.0492496743798243,0.0543147206383816,0.1453436554449602,0.0576456078924232,0.1453436554449602,5,0.0576456078924232,0.1453436554449602,5,0.027749900044455,0.1186703980929317,4,0.027749900044455,0.1186703980929317,4,0.027749900044455,0.1186703980929317,4,0.027749900044455,0.1186703980929317,4,0.027749900044455,0.1186703980929317,4,0.2620741394208896,10.0,102,0.2608729970386403,0.0007813802377185,0.1330236738957936,0.0138875537843639,2,0.206527903905701,0.0006271404661264,0.2999460903362388,0.0022772892289738,2,0.5085180775820559,0.0009376118858893,0.0021169467126325,0.4429076463258715,54.17233841919049,0.003705908010466108,0.007855201237722454,0.4717776029300814
10,2.0,0.009827704,2000,1.0,0.2620741394208896,1.4506386445202115e-05,1,2,2,2,0.2745,0.0,0.0519921262008523,0.0009376118858893,0.0229757844982211,0.0167346410807573,0.5749977734597009,0.142675698392388,0.0627208060105867,0.3730513268510833,5,8658.350094732103,0.01,0.0312502164987978,0.0532395726110924,0.13512481398589,6.209829240147792,,-1.5100958404121874,0.6756404381624554,0.4141538158958735,21.44320138141333,0.3072091888454632,1.0,0.4,1.0,12,0.0031485923221314,0.0771121517115096,0.0092833724676662,0.0061347801455347,1.3927240796719895,0.0691805411819433,0.3312615988477316,0.0503870405621791,0.0496104741248619,-1.5424637071115768,4.022946700555456,1.4475970345779798,1.3920146441986676,0.3565092902477939,0.3384933717571604,-0.119899403751847,1.756848608167446,0.4063333153897134,0.5635216405337795,0.2333846377669675,0.2252279687694085,1.0121717960048786,0.0141109047672977,0.0101507043898486,-4.260807392756602,0.6288494248775427,0.5955475308167117,-0.5116391953657696,0.1851241490749066,0.1511069448144604,-1.686728602894101,0.6828566360127039,0.6533434622195954,0.5090391514122204,1.3328380626070122e-05,1.1514405582215218e-05,-11.22561491456896,0.7319986750202322,0.6756404381624554,0.1157015121077436,0.013376709640967,0.0138514291030838,0.0229757844982211,0.0203398728634283,0.0251468467759438,0.142675698392388,0.0229757844982211,0.142675698392388,5,0.0229757844982211,0.142675698392388,5,0.0114913657140187,0.1304736260141646,4,0.0114913657140187,0.1304736260141646,4,0.0102040802058808,0.127209815113773,3,0.0102040802058808,0.127209815113773,3,0.0102040802058808,0.127209815113773,3,0.2620741394208896,10.0,103,0.5739159096444235,0.0017047332295529,0.4229039762445975,0.1859785094179892,3,0.5288703182306423,0.0011718465634641,0.4226005999193152,0.0126719551388916,3,0.6293824452022068,0.0009376118858893,0.0016971210901127,0.5524720017633301,248.30965390450993,0.003148592322131498,0.005425558377812679,0.5803259504141318
6,10.0,0.009827704,2000,1.0,0.2620741394208896,1.4506386445202115e-05,1,2,2,2,0.4105,0.0,0.0990054524615626,0.0009376118858893,0.0580811409741471,0.0481224950962171,0.1793415620956186,0.9762701055320764,0.394040778089028,0.0650172071342633,5,1793.6175335219104,0.01,0.0349960310157853,0.1011529034061798,0.0809278612305872,16.80872808553519,,-0.7953088805615403,0.5996481394079294,0.516375788794721,6.851659682005411,0.2234236852827851,1.0,1.0,1.0,12,0.0011210472247125,0.0438303758504555,0.0072824958282013,0.0061614486034887,1.3470010626009152,0.0866170654516866,0.2978806862927378,0.0649472666933083,0.064169278513787,-0.6826964563467111,3.906823737364399,1.456741433655777,1.3627247004825247,0.3629659142929756,0.3497444216317892,-0.0370704440464374,1.6616701160584744,0.4365213306585805,0.5078231906062101,0.2622276006175337,0.2540204800006506,1.113245887193576,0.0141713164245523,0.0102800008466934,-4.256535327367992,0.6299105968262312,0.5996481394079294,-0.5175592866381306,0.2584224282070679,0.1439379324715542,-1.3531597143733043,0.5471704320698746,0.4862228321479907,0.0256444303070853,2.169420182323884e-05,1.2388930599362051e-05,-10.73846553020713,0.5591733706382321,0.4957051121631444,-0.7197338999562282,0.042627364707202,0.0436589796073022,0.0580811409741471,0.0869872415116332,0.1188649872233741,0.9762701055320764,0.0580811409741471,0.9762701055320764,5,0.0580811409741471,0.9762701055320764,5,0.0238031360622178,0.9726171588811064,4,0.0238031360622178,0.9726171588811064,4,0.0238031360622178,0.9726171588811064,4,0.0238031360622178,0.9726171588811064,4,0.0238031360622178,0.9726171588811064,4,0.2620741394208896,10.0,104,0.2608729970386403,0.0007813802377185,0.1330236738957936,0.0138875537843639,2,0.2894638506345312,0.001165973233707,0.5398538734704618,0.2224861710133416,3,0.2747560640705312,0.0009376118858893,0.0021169467126325,0.4429076463258715,54.17233841919049,0.0011210472247125446,0.004308317402055383,0.26020534702891734
10,10.0,0.009827704,2000,1.0,0.2620741394208896,1.4506386445202115e-05,1,2,2,2,0.342,0.0,0.0693347141867795,0.0009376118858893,0.0242487543593263,0.0178358812624534,0.5434659252553019,0.4277690094671986,0.167089800093681,0.2301536591360516,5,8229.405498677479,0.01,0.0333518920460536,0.0786084883796186,0.1017675951486268,17.640865305012014,,-1.463792530405939,0.6044368440140874,0.4605155893303656,19.07949018759434,0.278939915023309,1.0,0.6,1.0,12,0.0019383872058908,0.0562467291766483,0.0080915960666493,0.0061532088607584,1.3676377440893526,0.072782033129621,0.3130849771805792,0.0536247391573876,0.0531413518278658,-1.110374812901345,3.888205336160408,1.4440769592154583,1.3579476980021048,0.3597835737020864,0.3486713729551992,-0.0241209042615375,1.7093144508115343,0.4209682744883983,0.5360923841721227,0.2468789002325458,0.2390586491790408,1.0679511456096442,0.0141253946028945,0.0101192616360457,-4.259781065851737,0.6192636425288391,0.5952867682256213,-0.5212163584113642,0.2064001840572234,0.1515688280567602,-1.5779383536250136,0.6423582534663522,0.6044368440140874,0.3717715339910893,1.7877748235655945e-05,1.2876879802962576e-05,-10.931953733752849,0.6598614914169925,0.5907601401133294,-0.3166843799395951,0.0143719118711266,0.0148869775569073,0.0242487543593263,0.0308701317691853,0.0426302590446589,0.4277690094671986,0.0242487543593263,0.4277690094671986,5,0.0242487543593263,0.4277690094671986,5,0.0114910939860241,0.4138454665390496,4,0.0114910939860241,0.4138454665390496,4,0.0100781219319168,0.4067104961485295,3,0.0100781219319168,0.4067104961485295,3,0.0100781219319168,0.4067104961485295,3,0.2620741394208896,10.0,105,0.5739159096444235,0.0017047332295529,0.4229039762445975,0.1859785094179892,3,0.5628126123965149,0.0013537303320177,0.3800258337590248,0.0458493318412975,3,0.4940836267875662,0.0009376118858893,0.0016971210901127,0.5524720017633301,248.30965390450993,0.001938387205890831,0.004193020700420073,0.4622889664476581
6,50.0,0.009827704,2000,1.0,0.2620741394208896,1.4506386445202115e-05,1,1,2,2,0.342,0.0,0.2576353071104652,0.0,0.0657942604916833,0.0557325758797675,0.2384951958454801,0.1724738908263799,0.6157273951887929,0.0084108627794269,5,1461.9288537941825,0.01,0.0396259995838438,0.0209566287027792,0.0342170182771635,2.621412407974115,,-0.6560994857840403,0.5819123605904114,0.5973293241512053,6.188309169399331,0.2710208395357371,1.0,0.8333333333333334,1.0,12,0.0010142523932006,0.0180037746193226,0.0050826255516102,0.0060968779448109,1.3037951946414394,0.0886575470118207,0.2652793918453044,0.0674928745051979,0.0678443970923513,-0.1739142755371746,3.7487222642190146,1.4481896960959162,1.321415052379224,0.3684757729940106,0.3613596674887488,0.0755934108243035,1.5702226514986524,0.4385243315005223,0.451217425546424,0.2695253998468923,0.2693356054222708,1.2931232572287517,0.014511422427591,0.010116072356525,-4.232819186043674,0.6153408822984228,0.5819123605904114,-0.5683552491379746,0.2672700728946239,0.145012873378952,-1.3194956228437416,0.5391286323837242,0.475821971766529,-0.0364147187498587,2.229211054684812e-05,1.2051542338917116e-05,-10.71127772923249,0.5404786268375106,0.4743883424163486,-0.7949321405912531,0.0501128117441873,0.0512906554034319,0.0657942604916833,0.7136618393913122,0.9610464553486868,0.1724738908263799,0.0657942604916833,0.1724738908263799,5,0.0657942604916833,0.1724738908263799,5,0.024501075479931,0.143440061526691,4,0.024501075479931,0.143440061526691,4,0.024501075479931,0.143440061526691,4,0.024501075479931,0.143440061526691,4,0.024501075479931,0.143440061526691,4,0.2620741394208896,10.0,106,0.2608729970386403,0.0007813802377185,0.1330236738957936,0.0138875537843639,2,0.3164083494934066,0.0012363831436847,0.0646544226243512,0.0018305034468383,2,0.547731320641269,0.0009376118858893,0.0021169467126325,0.4429076463258715,54.17233841919049,0.0010142523932006736,0.002006743977428321,0.5054219195915847
10,50.0,0.009827704,2000,1.0,0.2620741394208896,1.4506386445202115e-05,1,2,2,2,0.3225,0.0,0.0612655765725213,0.0009376118858893,0.0252982627064209,0.0187467299466676,0.4762611366318248,0.4894053038050254,0.1899416608018006,0.1306594030810717,5,7920.260452017953,0.01,0.0340827626245396,0.0842165492768831,0.102925038519903,19.34541155985427,,-1.6336661290693963,0.6063356378898457,0.4851337528179934,12.329094480722611,0.148543306996658,1.0,0.8,1.0,12,0.0021068847099412,0.0554809006138729,0.0082924659793933,0.006185581269452,1.3627697822291474,0.0769955613472572,0.309519233260595,0.0569555709615501,0.0564083597017095,-0.9828330195578826,3.8393869040136974,1.4884801060142538,1.3453126934394553,0.3737478229790671,0.3621371416662657,0.0105865484244687,1.6844655701491908,0.429137996978296,0.5214483444446585,0.2529721922411668,0.2468809709707994,1.100115556544449,0.0139755365170478,0.0102806644227987,-4.270446869475904,0.6331317806917607,0.6063356378898457,-0.4929535154439173,0.2339733425545745,0.1479107566441844,-1.4525480908208386,0.585413751980989,0.5389718410484385,0.1937437412002084,2.105466767469828e-05,1.275394957669329e-05,-10.768388280151116,0.5745309925238613,0.520315824457776,-0.6484128544930796,0.0151906597774131,0.0157512673561688,0.0252982627064209,0.0333110479547714,0.0471086306456049,0.4894053038050254,0.0252982627064209,0.4894053038050254,5,0.0252982627064209,0.4894053038050254,5,0.0129019532833404,0.4819804309731413,4,0.0129019532833404,0.4819804309731413,4,0.0129019532833404,0.4819804309731413,4,0.0129019532833404,0.4819804309731413,4,0.0129019532833404,0.4819804309731413,4,0.2620741394208896,10.0,107,0.5739159096444235,0.0017047332295529,0.4229039762445975,0.1859785094179892,3,0.5793857347890032,0.0014312178314483,0.3755072464705029,0.0525667149298968,3,0.5247801051049903,0.0009376118858893,0.0016971210901127,0.5524720017633301,248.30965390450993,0.0021068847099412766,0.004127347872748249,0.5104693800715131
6,2.0,0.009827704,2000,1.0,0.2620741394208896,3.853466155588228e-05,2,1,2,2,0.1985,0.0,0.0375742445016287,1.754096899426842e-05,0.1007017629857611,0.1058892615977443,0.0004276631908291,0.0940451793040155,0.1821466960128572,0.0004877247972665,5,1031.2798739754696,0.01,0.0388981286706044,0.0051136868456266,0.0991677905137816,0.933898042254863,,-2.2734829495350497,0.609724703998068,0.6548862408323055,30.062032105008925,0.8088439131392536,1.0,0.1666666666666666,1.0,2,0.0006474665663597,0.0067317627015399,0.0040203509414403,0.0060842961351801,1.2166011308971918,0.066102002269851,0.1960610124595115,0.0522707668592887,0.0542573243759437,0.7295759734801364,3.585062343730411,1.4823612966949715,1.2767758640622764,0.3827787522812685,0.3842710102905671,0.1741963914779737,1.4933532238532008,0.4172557110494135,0.4010240772146338,0.2626251504103357,0.2697856195426339,1.142940831087336,0.0136391175083988,0.0100662350943,-4.294813327457617,0.6253392562730399,0.609724703998068,1.4185599038583028,0.4251196978280263,0.1128823461284192,-0.8553845077630714,0.295056088506212,0.2553473504322063,-1.6394961888364317,3.406910569870222e-05,8.950537571387838e-06,-10.287119575573325,0.2852003221238246,0.2531196346161555,0.4318619036306596,0.098590224294386,0.1007017629857611,0.1183757975130858,0.3081385261676947,0.1442563825668615,0.0940451793040155,0.1007017629857611,0.0940451793040155,5,0.1007017629857611,0.0940451793040155,5,0.0531622100619697,0.0025526877381733,4,0.0531622100619697,0.0025526877381733,4,0.0531622100619697,0.0025526877381733,4,0.0531622100619697,0.0025526877381733,4,0.0531622100619697,0.0025526877381733,4,0.2620741394208896,10.0,108,0.3326702436314356,0.0010863223524605,0.5779027531731915,0.2140070540924989,3,0.4398877208907346,0.0021289591654496,0.4607995294699124,0.0327628096809636,3,2.736642989656472,1.754096899426842e-05,0.0028626488319217,0.0061275308374071,98.73664486050262,0.0020639451937398117,0.0005657364715110415,3.648244894353659
10,2.0,0.009827704,2000,1.0,0.2620741394208896,3.853466155588228e-05,2,2,2,2,0.2695,0.0,0.0460474199492138,0.0,0.0245907610427852,0.0180631555983439,0.3842697047886212,0.4091786025919177,0.1604651181538977,0.0880274413927494,5,7284.0860798929,0.01,0.0344629572530583,0.0823272622772155,0.1124477838382553,16.639525791007124,,-1.9862141437427752,0.5893602948849637,0.4930474081677611,59.44076200190123,0.4884203944281119,1.0,0.4,1.0,12,0.002650407061743,0.0594319674908111,0.0088883357729019,0.0062379287111589,1.3548440244028563,0.0781494539188781,0.3036863365640648,0.0580364393024489,0.0575849812574301,-1.1973482405855014,3.821386235653508,1.4975752224959125,1.3406132457047577,0.3767263313107098,0.3656370275115969,0.007542068348319,1.6866475371798018,0.4357693251286212,0.5227428529739452,0.2577370087970247,0.250104242646892,0.6923578136799354,0.014347650633335,0.0101920891168502,-4.244169069111269,0.6262234081912522,0.5893602948849637,1.3356845591688666,0.2834779188468287,0.1402111548944277,-1.2606210465132393,0.4840479624763496,0.4436824420772008,-0.1621880473313373,2.637885514444412e-05,1.1786053767188003e-05,-10.542947810235349,0.4587528158844913,0.4060521177224598,0.8261429152424459,0.0145081572092626,0.0150905485429838,0.0245907610427852,0.0299084341263507,0.0423083177434249,0.4091786025919177,0.0245907610427852,0.4091786025919177,5,0.0245907610427852,0.4091786025919177,5,0.013325374729959,0.4045160304605245,4,0.013325374729959,0.4045160304605245,4,0.013325374729959,0.4045160304605245,4,0.013325374729959,0.4045160304605245,4,0.013325374729959,0.4045160304605245,4,0.2620741394208896,10.0,109,0.6360689753068335,0.002005251073685,0.4108265591966277,0.1290146417257409,3,0.5960668855499883,0.0015133158117201,0.3878877090769401,0.043828921226503,3,0.6006649245719708,1.754096899426842e-05,0.0023680304194452,0.007407408642317,364.131028420756,0.002650407061743046,0.004219514878254858,0.6281307539408946
6,10.0,0.009827704,2000,1.0,0.2620741394208896,3.853466155588228e-05,2,2,2,2,0.36,0.0,0.0715714486320048,0.0,0.0677000046501348,0.057124059855067,2.7446648533406496e-06,0.9765934373523664,0.3977947348838627,0.0004792010319995,5,1832.8365316966936,0.01,0.0363575604414639,0.112742066620137,0.0892160588800976,14.42530827581592,,-2.217204372841907,0.6053124383945173,0.506512557669503,19.19322818942963,0.2635225838365624,1.0,0.6666666666666666,0.8333333333333334,12,0.0017316577589624,0.0465774772337231,0.0080036228369809,0.0062719650780184,1.3199907786357434,0.0864523211482544,0.2776247506918655,0.0654115331187556,0.0653547911300501,-0.6639233258390449,3.914943582764054,1.4986407818628382,1.364800918806125,0.3739698416980518,0.357752659163256,-0.057080478107766,1.6641936790436715,0.4335964835577412,0.5093407292818535,0.2579874755138015,0.2521588485612299,0.7436343769213043,0.0136926941166838,0.0100030711582133,-4.290892864544822,0.6210737514989442,0.6053124383945173,1.4219901102135246,0.4287742730931745,0.1087897698443166,-0.8468246684760831,0.2790276464141275,0.2449067456381351,-1.7643526661700066,3.702048973399593e-05,8.567205159506455e-06,-10.204039022003238,0.2609336690131916,0.2244790266187172,0.1536275506721179,0.0512285907219478,0.0524435841931184,0.0677000046501348,0.0921757051237038,0.1246150621755177,0.9765934373523664,0.0677000046501348,0.9765934373523664,5,0.0677000046501348,0.9765934373523664,5,0.0199910929757698,0.9490021946063132,4,0.0199910929757698,0.9490021946063132,4,0.0199910929757698,0.9490021946063132,4,0.0199910929757698,0.9490021946063132,4,0.0199910929757698,0.9490021946063132,4,0.2620741394208896,10.0,110,0.3326702436314356,0.0010863223524605,0.5779027531731915,0.2140070540924989,3,0.3291673903450953,0.0011058902743055,0.4869685922461301,0.1956175963053611,3,0.3882894852299054,1.754096899426842e-05,0.0028626488319217,0.0061275308374071,98.73664486050262,0.0017316577589624998,0.0042447585979430835,0.40795199986204705
10,10.0,0.009827704,2000,1.0,0.2620741394208896,3.853466155588228e-05,2,1,2,2,0.397,0.0,0.1610918249090707,1.754096899426842e-05,0.024154468685712,0.0178159712388355,0.0009959441280803,0.3471749899464993,0.3092504352113308,2.85048207918102e-06,5,6614.404191388653,0.01,0.0388349354664172,0.0434117533379146,0.0528809656164683,14.373116397789444,,-2.355943094990113,0.6057097289854332,0.5710818901698951,23.87064424548611,0.2200059377464157,1.0,0.6,1.0,12,5.981619517364013e-06,0.0273083855910303,0.0061797284707103,0.0061857100902276,1.3067059242117545,0.0795238930722146,0.2675094087225564,0.0604636789282513,0.0607468315580822,-0.5509572232059594,3.749083922449986,1.4558010412758051,1.3215115227926348,0.3716537537719006,0.3628763435882076,0.0590415633604688,1.6015149420863743,0.4434496304147711,0.4709500200806065,0.2689510276431828,0.2671170209377399,0.8560631533035485,0.0140961382573691,0.0103615752780607,-4.261854401566755,0.6345352028327078,0.6057097289854332,1.3460597072528846,0.375839005262851,0.1234754885108569,-0.9785944047788177,0.3498854275242576,0.3106912399517114,-1.0304328423571667,3.14725464826242e-05,9.868362280101418e-06,-10.366394932378842,0.3333443419068543,0.2979776087472077,0.6073074757349799,0.0143526510644486,0.0149407939663459,0.024154468685712,0.1649612973816399,0.4156150183058533,0.3471749899464993,0.024154468685712,0.3471749899464993,5,0.024154468685712,0.3471749899464993,5,0.0105833587673768,0.3451418559342462,4,0.0105833587673768,0.3451418559342462,4,0.0105833587673768,0.3451418559342462,4,0.0105833587673768,0.3451418559342462,4,0.0105833587673768,0.3451418559342462,4,0.2620741394208896,10.0,111,0.6360689753068335,0.002005251073685,0.4108265591966277,0.1290146417257409,3,0.6427882221651321,0.0018603926626788,0.2980692986020123,0.0496172028138644,3,0.0026632109088929,1.754096899426842e-05,0.0023680304194452,0.007407408642317,364.131028420756,5.981619517364013e-06,0.002025019232931307,0.002953858126426458
6,50.0,0.009827704,2000,1.0,0.2620741394208896,3.853466155588228e-05,2,1,2,2,0.415,0.0,0.3104099003962264,1.754096899426842e-05,0.0237664112774198,0.0139622060343442,0.0012571211043733,0.2338288048428622,0.3571453411186456,5.5038133347081424e-06,4,1515.3347058690515,0.01,0.0394262627194218,0.0368125040719396,0.048807984993719,9.838624860667103,,-1.6929975520129878,0.5971136903850993,0.5441693837458136,6.128056358903421,0.1213476506713548,1.0,1.0,1.0,12,0.0001924651527047,0.0251680787671654,0.0059939519677432,0.006186417120448,1.2972304142049638,0.0872827197369658,0.2602315412176177,0.0666312567389774,0.0671339912054999,-0.3907330345603045,3.684695749841359,1.4509177512678904,1.304187957739139,0.3721386784058524,0.367706569006637,0.1055159970825487,1.6167665738995514,0.4302295234254215,0.4804282126602288,0.2614343244174194,0.2572746329514679,0.8444219125425648,0.0139709467780291,0.0100563336911355,-4.270775335781414,0.6225887926008207,0.5971136903850993,1.3862170566482586,0.3936766907202567,0.1192174423882145,-0.9322252884741304,0.3288710395481056,0.2883496517962923,-1.237270853788087,3.343893472458301e-05,9.673006312136202e-06,-10.305789626577477,0.321157525032483,0.2762692150020264,0.4416437230243218,0.0084873734944131,0.0096328333311998,0.0237664112774198,0.233911560802604,0.6036956577104707,0.2338288048428622,0.0741461197056699,0.2563492384491269,5,0.0237664112774198,0.2338288048428622,4,0.0237664112774198,0.2338288048428622,4,0.0237664112774198,0.2338288048428622,4,0.0237664112774198,0.2338288048428622,4,0.0237664112774198,0.2338288048428622,4,0.0237664112774198,0.2338288048428622,4,0.2620741394208896,10.0,112,0.3326702436314356,0.0010863223524605,0.5779027531731915,0.2140070540924989,3,0.3499358690528548,0.0013244532639796,0.4884987018145563,0.0931095196846885,3,0.0749254993458913,1.754096899426842e-05,0.0028626488319217,0.0061275308374071,98.73664486050262,0.00019246515270478302,0.002553272748896887,0.07537978572321952
10,50.0,0.009827704,2000,1.0,0.2620741394208896,3.853466155588228e-05,2,2,2,2,0.545,0.0,0.1113762617491974,0.0,0.0238302854945767,0.0175320985846345,0.3102133170235094,0.4635504220824258,0.2863499059884291,0.0228474116756246,5,6867.170045117888,0.01,0.0383489324192856,0.0545936446684353,0.0591198902596965,19.4521556272551,,-2.29318364960624,0.6016046938304161,0.5593021234343993,25.84714312307337,0.230572195567113,1.0,0.7,1.0,12,0.0003031743293967,0.0304313303055196,0.0065006499652277,0.006197475635831,1.3152482138555406,0.0803227438064863,0.2740254036012773,0.060761879031263,0.0609575616964538,-0.6554915048850655,3.675864548845291,1.4605709178136266,1.3017883563840054,0.3720600108414601,0.3709035039410027,0.1119878080040796,1.6132009057482213,0.441750197291089,0.4782203454775068,0.2674696546951016,0.2643047350735484,0.8336225642707876,0.0139649736195783,0.0101648619690243,-4.271202968625208,0.6290196658938612,0.6016046938304161,1.3727247067833277,0.3687880293926334,0.1275722742335324,-0.9975332460894036,0.3694120712196351,0.3251558338048773,-0.9246979752036608,3.103642828551828e-05,1.017342620790464e-05,-10.38034893739129,0.3438241331736872,0.3103414490995828,0.6293814045249745,0.0140915373358308,0.014674472923496,0.0238302854945767,0.1198190013090218,0.2756802945738396,0.4635504220824258,0.0238302854945767,0.4635504220824258,5,0.0238302854945767,0.4635504220824258,5,0.01054627387817,0.4626199722481388,4,0.01054627387817,0.4626199722481388,4,0.01054627387817,0.4626199722481388,4,0.01054627387817,0.4626199722481388,4,0.01054627387817,0.4626199722481388,4,0.2620741394208896,10.0,113,0.6360689753068335,0.002005251073685,0.4108265591966277,0.1290146417257409,3,0.6377630746516973,0.0018226350987782,0.3088573282979754,0.0654042028872029,3,0.1217933166152281,1.754096899426842e-05,0.0023680304194452,0.007407408642317,364.131028420756,0.0003031743293967137,0.0022715610316496344,0.1334651920739039
6,2.0,0.009827704,2000,1.0,0.2620741394208896,2.4271463406142064e-05,1,1,2,2,0.4535,0.0,0.4481210992699181,0.0,0.0627270155822531,0.0525576537375257,0.1994245569114445,0.4070773388340988,0.3336349048364735,0.0330048558970868,5,1552.1561014227902,0.01,0.0370795630479169,0.0472921659029616,0.051866850904945,6.489665338857127,,-0.5886893787659819,0.5902658470071707,0.5419822087923197,6.38531159929686,0.2717153872041217,1.0,0.6666666666666666,0.8333333333333334,12,0.000197542751037,0.0277268191636144,0.0059210215971421,0.0061185643481791,1.328835496279421,0.0894091011045942,0.2843029919940425,0.0673387269101368,0.06713177043451,-2.126042697063012,3.7501145314955022,1.430570023898427,1.321786381248064,0.3637581848601505,0.3574139139710316,0.8650338192395851,1.6268205500631752,0.4369354499271732,0.4866275271712791,0.2637434620354345,0.2595135074622681,0.970832389200031,0.0143286312546156,0.0101916902416503,-4.245495557781073,0.6255401522042644,0.5902658470071707,-1.2284246756552784,0.2394995053107182,0.1461570005592952,-1.4292039276417834,0.584586040829713,0.5222752249478906,0.1540852517654133,2.0848978782915467e-05,1.2888598456847256e-05,-10.778205590155654,0.6064283442084798,0.525042136311681,0.2506418911307826,0.0469194503467536,0.0480264952835704,0.0627270155822531,0.2059221222189691,0.3879052534563527,0.4070773388340988,0.0627270155822531,0.4070773388340988,5,0.0627270155822531,0.4070773388340988,5,0.0256218264726129,0.3884817544481745,4,0.0256218264726129,0.3884817544481745,4,0.0256218264726129,0.3884817544481745,4,0.0256218264726129,0.3884817544481745,4,0.0256218264726129,0.3884817544481745,4,0.2620741394208896,10.0,114,0.2609826428567459,0.0012746773747825,0.5459940320992581,0.0706121782332236,3,0.2873197140189353,0.0010541698927379,0.1021380011276619,0.0057612123789129,2,0.0726057925343864,0.0015751249127822,0.0038209675098087,0.41223195662846,35.457098273756124,0.0001975427510370678,0.002978167177888148,0.06633030962927595
10,2.0,0.009827704,2000,1.0,0.2620741394208896,2.4271463406142064e-05,1,1,2,2,0.2665,0.0,0.1117504754035509,0.0,0.0263160233390956,0.0196187719133722,0.4123382006736871,0.2048992843609321,0.5769974838797455,0.015404435527689,5,6309.211741803899,0.01,0.039422821947171,0.0237083360011029,0.0372258266262042,7.786103611503092,,-1.4386865454319608,0.5944554925537832,0.5994311129537282,26.6614794481019,0.4838744001470399,0.9,0.4,0.8333333333333334,12,0.000853941575239,0.0194351602815573,0.0052517121292427,0.0061056537044818,1.3112363331636072,0.0806033709196711,0.2709704579198922,0.0611677368443465,0.0613561823359997,-2.122564626398575,3.7217191998822265,1.4226795965575807,1.314185712032376,0.3638365379985093,0.3581186534083738,0.8857378726109234,1.5599344467859593,0.4339308592423936,0.4446437990874748,0.2665333273549789,0.2684383869790115,1.1181882071753813,0.0143594840011125,0.01031531297488,-4.243344649077826,0.6301028419807856,0.5944554925537832,-1.222943011749854,0.2561717823201259,0.1446385139759015,-1.3619070348509843,0.5382019318488507,0.4936919161597769,0.0423246241624245,2.226769888820241e-05,1.2408511576679284e-05,-10.712373409909649,0.5415024029444985,0.487151654320375,0.1591205621862196,0.0159483381814988,0.0165919542195224,0.0263160233390956,0.5287732441784431,0.9973199230998616,0.2048992843609321,0.0263160233390956,0.2048992843609321,5,0.0263160233390956,0.2048992843609321,5,0.0112662898521129,0.2013130558732055,4,0.0112662898521129,0.2013130558732055,4,0.0112662898521129,0.2013130558732055,4,0.0112662898521129,0.2013130558732055,4,0.0112662898521129,0.2013130558732055,4,0.2620741394208896,10.0,115,0.5998460750743644,0.0007615249016009,0.397884124690987,0.0445903179443625,3,0.6237990745840921,0.0017827798325053,0.2898312330328891,0.0327011186413116,3,0.5327563989013885,0.0015751249127822,0.0026080451863479,0.6039484749065593,84.77767875651121,0.0008539415752391007,0.0016487065562999794,0.517946369519821
6,10.0,0.009827704,2000,1.0,0.2620741394208896,2.4271463406142064e-05,1,1,2,2,0.407,0.0,0.344025477181691,0.0,0.0637720091667287,0.0536214922005864,0.2334978407017038,0.2679479763869164,0.4372502840859679,0.0145180064266268,5,1519.24267562325,0.01,0.0380891430614929,0.0329976420885583,0.0438003954405765,4.201654924911956,,-0.6040403160946506,0.602398682923306,0.5825774587829379,9.153224828634524,0.3979662968971532,1.0,0.5,0.8333333333333334,12,0.0005650290058357,0.023216560823865,0.0055437085042933,0.006108737510129,1.3202654127105933,0.0885260108435844,0.2778327866216669,0.0669734443481002,0.0669016122314542,-2.041029911705877,3.7768736663055726,1.4448054752387862,1.3288965950124778,0.3657866983158845,0.358195499954233,0.8407985298011742,1.5920464279418267,0.4435174952523909,0.4650202502769929,0.2709103156889763,0.2686179664703065,1.0249073446018393,0.0137596521815866,0.0100059806194311,-4.286014724297392,0.6230537853318445,0.602398682923306,-1.168293667739883,0.2545840492311949,0.1463154122168188,-1.3681242451309683,0.5660317934968799,0.4975072922391723,0.051227519552994,2.1189490156977808e-05,1.2319689663652012e-05,-10.762005246522,0.5644241946035031,0.5031151544051191,0.2405921019907092,0.0479771118405315,0.049115355594499,0.0637720091667287,0.3334662282622494,0.710336647608738,0.2679479763869164,0.0637720091667287,0.2679479763869164,5,0.0637720091667287,0.2679479763869164,5,0.0258021483643169,0.2423447159000508,4,0.0258021483643169,0.2423447159000508,4,0.0258021483643169,0.2423447159000508,4,0.0258021483643169,0.2423447159000508,4,0.0258021483643169,0.2423447159000508,4,0.2620741394208896,10.0,116,0.2609826428567459,0.0012746773747825,0.5459940320992581,0.0706121782332236,3,0.2986238688955095,0.0011238193393108,0.0837868018656978,0.0033798157893012,2,0.2428515306709192,0.0015751249127822,0.0038209675098087,0.41223195662846,35.457098273756124,0.000565029005835712,0.002518890778697662,0.22431659626299796
10,10.0,0.009827704,2000,1.0,0.2620741394208896,2.4271463406142064e-05,1,1,2,2,0.275,0.0,0.0315275388013097,0.0,0.0324836788541853,0.0357171380022308,0.3748477677920334,0.0611522812664067,0.1572528153837682,0.0024841686684269,5,3666.6208230727248,0.01,0.0407303274638041,0.0035759067107146,0.0681542054591598,1.8825540524800368,,-2.4282163591877906,0.5937534873446276,0.6515451803699946,13.209061045546784,0.3395645512994032,0.9,0.4,1.0,2,0.0009328989167172,0.0051221798926551,0.0037849024480085,0.0060550788093723,1.208369681788968,0.0530215406494779,0.189272080666615,0.0425551998453964,0.0438380809599777,-1.1310979016491831,3.4535232742872086,1.3908338827833648,1.239394948857382,0.3654287102565534,0.3763138383250255,1.0865445247615064,1.456958696606878,0.3845039971843393,0.3763511785661409,0.2452097965213363,0.2558918872919258,1.4939331510640184,0.0144051850822159,0.0103297857209817,-4.240167062057797,0.6289840946610679,0.5937534873446276,-1.230170144001968,0.3577882036011151,0.1307188584490762,-1.0278140777044673,0.3871724750375347,0.341355774895392,-0.8040699758611274,3.003799265849269e-05,1.1024413840504064e-05,-10.413047555588244,0.3934997852249667,0.3423570572148339,-0.5417072525664087,0.031314690584466,0.0324836788541853,0.0433530445680411,0.2893951878427857,0.1212109770421122,0.0611522812664067,0.0324836788541853,0.0611522812664067,5,0.0324836788541853,0.0611522812664067,5,0.0120490956693339,0.0228077261569877,4,0.0120490956693339,0.0228077261569877,4,0.0120490956693339,0.0228077261569877,4,0.0120490956693339,0.0228077261569877,4,0.0120490956693339,0.0228077261569877,4,0.2620741394208896,10.0,117,0.5998460750743644,0.0007615249016009,0.397884124690987,0.0445903179443625,3,0.6071647885801154,0.0014637894156133,0.3820388537126377,0.0746000976871922,3,0.5556542171500731,0.0015751249127822,0.0026080451863479,0.6039484749065593,84.77767875651121,0.0013372774446465284,0.002126565200650425,0.6288438483981176
6,50.0,0.009827704,2000,1.0,0.2620741394208896,2.4271463406142064e-05,1,1,2,2,0.2665,0.0,0.0757729639126867,0.0,0.0195535666502255,0.025022669148564,0.2116179249618839,0.025607432807391,0.1463939897474137,0.0205739900081834,4,1011.4361577397676,0.01,0.0384370502746609,0.0055012116861171,0.1070872097363357,1.309604189632367,,-1.4644516444125844,0.6024084301323838,0.6720634293349907,8.224537247880832,0.3204365161512012,0.6666666666666666,0.6666666666666666,1.0,2,0.0010212509113561,0.0070934771805552,0.0040426085620096,0.006072226269199,1.2356138897650195,0.0757423593763056,0.2115679233110354,0.0592416686558282,0.061189598679397,-1.188858138061258,3.4814015059189067,1.4338649404115906,1.247434944297677,0.3751031139233539,0.3835631816796018,1.03708701538295,1.4796360613716537,0.4182601863816615,0.3917961530579475,0.2633118662243812,0.2728374811863127,1.332572187225607,0.0139595950845172,0.0101970303431889,-4.271588187475649,0.6338865559132424,0.6024084301323838,-1.1710870375170126,0.3513250273402941,0.1322573784028243,-1.0460434801748115,0.4032129377751788,0.3499680391049427,-0.7268724109011487,2.905894192531909e-05,1.049452225854877e-05,-10.446184310487782,0.3767638229512133,0.3383450675076773,-0.477819051813424,0.0173901079100664,0.0195535666502255,0.0381243328854002,0.3090639924449787,0.1045105439898713,0.025607432807391,0.0762977663743151,0.0901837237403503,5,0.0195535666502255,0.025607432807391,4,0.0195535666502255,0.025607432807391,4,0.0195535666502255,0.025607432807391,4,0.0195535666502255,0.025607432807391,4,0.0195535666502255,0.025607432807391,4,0.0195535666502255,0.025607432807391,4,0.2620741394208896,10.0,118,0.2609826428567459,0.0012746773747825,0.5459940320992581,0.0706121782332236,3,0.4146355715096098,0.0020784551289167,0.5023774260862637,0.0398984163219474,3,2.532576831884815,0.0015751249127822,0.0038209675098087,0.41223195662846,35.457098273756124,0.002029617707189465,0.0007249725331781433,2.7995787623732484
10,50.0,0.009827704,2000,1.0,0.2620741394208896,2.4271463406142064e-05,1,1,2,2,0.112,0.0,0.0177239144868226,0.0,0.0339161840194671,0.0267791395981606,0.3647720815254332,0.0813429971106049,0.2453220820805017,0.001517271844977,5,4343.780267305938,0.01,0.0459029066253794,0.0066845183014538,0.0156692103478704,2.398353454619655,,-1.671030187027386,0.594232652888301,0.6487021005926761,12.45139557532258,0.3144291811950147,0.9,0.4,1.0,12,0.0019257136455256,0.0082064239591701,0.0041414062637501,0.0060671199092758,1.2532105484006195,0.0717069270415426,0.2257086972330093,0.0560486794540095,0.0571276549674047,-1.5088796852953137,3.5776554137752585,1.3980647349854385,1.2747076735105551,0.3608253682402354,0.3660207783391074,1.0025399306899574,1.482519917834746,0.402418733916884,0.3937432871011742,0.2554220974367968,0.262593009212233,1.3661109941366605,0.0140564100870745,0.0100497742520489,-4.264676753289968,0.6196012615203348,0.594232652888301,-1.209241829549426,0.2969989274777287,0.138520060000316,-1.2140267513720562,0.4639984501994094,0.4221848022950468,-0.2696153164653262,2.5705085416689227e-05,1.1726163386308434e-05,-10.568821709502233,0.4609142942951071,0.4137868866946065,-0.1245080361707232,0.022767302984383,0.0236539317906316,0.0339161840194671,0.4527143000696082,0.2019089490612921,0.0813429971106049,0.0339161840194671,0.0813429971106049,5,0.0339161840194671,0.0813429971106049,5,0.0143976661878183,0.0656168881279306,4,0.0143976661878183,0.0656168881279306,4,0.0143976661878183,0.0656168881279306,4,0.0143976661878183,0.0656168881279306,4,0.0143976661878183,0.0656168881279306,4,0.2620741394208896,10.0,119,0.5998460750743644,0.0007615249016009,0.397884124690987,0.0445903179443625,3,0.6802837756580135,0.0023313743667221,0.3029313283488212,0.0176018974291336,3,2.5648698210165035,0.0015751249127822,0.0026080451863479,0.6039484749065593,84.77767875651121,0.0019257136455256589,0.000701843712303923,2.7437926874120904
6,2.0,0.009827704,2000,1.0,0.2620741394208896,2.4248602000903847e-06,0,1,2,2,0.466,0.0,0.184431950813993,0.0016506180776806,0.0265612524396376,0.0303234977583639,0.4853179478171135,0.1166919227317193,0.204534243561473,0.6842377996964328,5,338.31966014677914,0.01,0.0309511993440213,0.0029403923948477,0.0649644167594372,4.393314019996238,,0.2417732769496295,0.8647028976159837,0.5958886241265798,1.1469247844661878,0.9830783866853038,1.0,0.1666666666666666,0.8333333333333334,1,0.0009032452151693,0.0042019896621762,0.0032987444470069,0.0059223565430976,1.340382346277975,0.096094892202191,0.2929549063063538,0.0724397912178546,0.0715059566452368,-2.0624170934439996,3.7920437185697864,1.4485551772153022,1.332905113485014,0.3653674105118156,0.3577519185639027,0.4038562778863801,1.5583519727459432,0.4280330530614079,0.4436288351213984,0.2643533761833674,0.2652376554166649,1.0705798315753667,0.0143886358149807,0.0100932341912948,-4.241316563481493,0.619191817134746,0.584306231706783,0.0157627375143832,0.1133941127276906,0.0958541460484852,-2.17688580501773,0.5861839505258811,0.6999172494844547,1.429172470355363,2.2616863886762513e-06,2.4064598232360776e-06,-12.999399833261426,0.595415094019229,0.8647028976159837,0.1169992989383165,0.0265612524396376,0.0271448290487896,0.0372644117866644,0.284067463478586,0.2128433444741136,0.1166919227317193,0.0265612524396376,0.1166919227317193,5,0.0265612524396376,0.1166919227317193,5,0.0070590613057927,0.1075606655258907,4,0.0070590613057927,0.1075606655258907,4,0.0070590613057927,0.1075606655258907,4,0.0070590613057927,0.1075606655258907,4,0.0070590613057927,0.1075606655258907,4,0.2620741394208896,10.0,120,0.0897228112649837,0.0004059035784067,0.0372530048334464,0.0007472478506133,2,0.0468277342788121,0.0007037978263652,0.0771095409402336,0.0051093975062758,3,0.2026116946212527,0.0016506180776806,0.0004263160112806,3.871818167753786,3.1872552498959053,0.0009032452151693359,0.0045435753533419046,0.19879613408523714
10,2.0,0.009827704,2000,1.0,0.2620741394208896,2.4248602000903847e-06,0,0,2,2,0.298,0.0,0.2752709258460495,0.0,0.0179447327247323,0.0220055754957568,0.2702191439054248,0.0744535041707711,0.1347775273873772,0.0194933631724346,5,2805.063357167537,0.01,0.0349707169101645,0.0012643451947377,0.0255577109830752,4.149045032482168,,-0.2565813118439943,0.95116836278764,0.649082018706536,2.4216986901150745,0.7122643206220808,1.0,0.4,0.8333333333333334,1,0.0006956360049453,0.0024745461883258,0.0031701821932712,0.005923067827562,1.2855283486736628,0.0848522359142895,0.2511698001244962,0.0651450415610225,0.0658648292216631,-1.6519439529492728,3.484433546456408,1.3892913041006982,1.2483054905297342,0.3621047426762658,0.3730214764738658,0.6411281545492541,1.483116560072249,0.4042641702653635,0.3941456575535188,0.255832859069253,0.2636469978351806,1.2996554536751024,0.0141009522609056,0.010222477551046,-4.261512947644037,0.6306547439927039,0.5990639747424755,0.0475007007121466,0.1549883787753205,0.1327415252998536,-1.8644051405167976,0.6829306125035293,0.6812865053995598,0.769151785756408,3.340539028589642e-06,4.355551500523556e-06,-12.609378378191671,0.761008394497442,0.95116836278764,-0.4209655357399482,0.0179447327247323,0.0187765582695635,0.0292954354929744,0.1972323960009405,0.1326466819904201,0.0744535041707711,0.0179447327247323,0.0744535041707711,5,0.0179447327247323,0.0744535041707711,5,0.0055318544644046,0.0557206544388005,4,0.0055318544644046,0.0557206544388005,4,0.0055318544644046,0.0557206544388005,4,0.0055318544644046,0.0557206544388005,4,0.0055318544644046,0.0557206544388005,4,0.2620741394208896,10.0,121,0.3213628842047308,0.0006221117184206,0.0277854585736375,0.0004018234209342,2,0.3301107161113519,0.0019962805057522,0.0429181910908678,0.001838148694161,3,0.598472109928491,0.0016506180776806,0.0002777096665625,5.9436824728205195,7.3867113314139985,0.0006956360049453752,0.0013008506622958936,0.5347546994500009
6,10.0,0.009827704,2000,1.0,0.2620741394208896,2.4248602000903847e-06,0,0,2,2,0.271,0.0,0.7334497141953032,0.0,0.0482899340222402,0.0539074537364318,0.4546448686473121,0.0781335342452458,0.126035759276176,0.6855576232569087,5,190.70179800192125,0.01,0.0358782587485309,0.0008942120469211,0.0176788010773304,1.6180087181163043,,0.4185364117957935,0.8795753310343275,0.6968844293968909,1.3088352470610811,1.1218587831952125,1.0,0.1666666666666666,1.0,1,0.0010654421530522,0.0020518275547121,0.0031172697077644,0.0059185346552475,1.2753687447032531,0.0897620010321087,0.2432353483287596,0.0691478464600199,0.0702114796094489,-1.4415706457793702,3.4511369720939284,1.386013743332272,1.2387037338799207,0.3634849950663375,0.3754891738839963,0.6651094415362553,1.4612232043763682,0.4176324822063653,0.3792738961690227,0.264310072716885,0.2757424318082482,1.3142379642686763,0.014385111466415,0.0102574622177682,-4.241561533213722,0.6266900403328762,0.5911947944565086,0.0159650340245773,0.1273652420719907,0.1114125971018451,-2.0606963982482407,0.6312626270125675,0.7085337846292294,1.143056038817081,2.9415627887894737e-06,3.389542664917156e-06,-12.73656955702934,0.7028607875871392,0.8795753310343275,-0.2748298540279503,0.0482899340222402,0.0496598513932765,0.0637725757937787,0.1780697095208631,0.1219040340624192,0.0781335342452458,0.0482899340222402,0.0781335342452458,5,0.0482899340222402,0.0781335342452458,5,0.0129219456892152,0.0455644862256561,4,0.0129219456892152,0.0455644862256561,4,0.0129219456892152,0.0455644862256561,4,0.0129219456892152,0.0455644862256561,4,0.0129219456892152,0.0455644862256561,4,0.2620741394208896,10.0,122,0.0897228112649837,0.0004059035784067,0.0372530048334464,0.0007472478506133,2,0.0909922482801924,0.001149875162761,0.0465321884096125,0.0020000177666263,3,0.8506268054723396,0.0016506180776806,0.0004263160112806,3.871818167753786,3.1872552498959053,0.001065442153052299,0.0012460825427818112,0.8550333677524745
10,10.0,0.009827704,2000,1.0,0.2620741394208896,2.4248602000903847e-06,0,0,2,2,0.2725,0.0,0.218814639888718,0.0,0.0193662243591101,0.0234775151832805,0.2767010279778861,0.0668975881018461,0.1281258850277093,0.0942937466592024,5,3058.247671745822,0.01,0.036338630135631,0.0012712041580857,0.0244749268184723,3.4543433382447852,,-0.2968465607908843,0.9115256208337784,0.6883065116078385,2.3062909274287726,0.5241570289610846,0.9,0.6,1.0,1,0.0007014094104843,0.0024957802435311,0.0031971896540155,0.0059313349191797,1.2621794710458691,0.0797666058502981,0.2328399656131942,0.0619262154992258,0.0630749968914972,-1.441814621485701,3.465639772960077,1.373002215469108,1.242897254259164,0.3614608930358686,0.3708050346838899,0.6572323210427169,1.462947410716906,0.4144691086989783,0.3804531751970379,0.261868397849999,0.2735043355821592,1.3219886619286882,0.0140753936015876,0.0101276593883694,-4.263327140758564,0.61998177323839,0.5974401768538834,0.0512446280407087,0.1651131167620596,0.1453410156211647,-1.8011244838341225,0.707547538617907,0.6905645607931029,0.6529549157567219,5.005739951359883e-06,6.514565024704735e-06,-12.204925313695158,0.8456548506978354,0.9115256208337784,-0.8571007076830595,0.0193662243591101,0.0202775650157814,0.03078875617495,0.1959402201295303,0.1215398468517515,0.0668975881018461,0.0193662243591101,0.0668975881018461,5,0.0193662243591101,0.0668975881018461,5,0.0061935529449015,0.0455060387630831,4,0.0061935529449015,0.0455060387630831,4,0.0061935529449015,0.0455060387630831,4,0.0061935529449015,0.0455060387630831,4,0.0061935529449015,0.0455060387630831,4,0.2620741394208896,10.0,123,0.3213628842047308,0.0006221117184206,0.0277854585736375,0.0004018234209342,2,0.3228573692946014,0.0008594049409168,0.0315210025778815,0.0008389396333077,2,0.6372644480162654,0.0016506180776806,0.0002777096665625,5.9436824728205195,7.3867113314139985,0.0007014094104843952,0.0012126671519710642,0.5784022510581962
6,50.0,0.009827704,2000,1.0,0.2620741394208896,2.4248602000903847e-06,0,0,2,2,0.3015,0.0,0.8901489656089876,0.0,0.0502575129483813,0.0555196271048134,0.099712812187839,0.0857992482207015,0.1361302852342856,0.0249419189343152,5,255.723054278861,0.01,0.0352334085683539,0.0011109233401248,0.022365686654728,1.7071924810291454,,0.4849511412584321,0.8957902976350608,0.6843162888514208,0.7530271035046505,0.5020180690031003,1.0,0.6666666666666666,1.0,1,0.0008464246106975,0.0023023475369102,0.0031487721476077,0.0059214422608759,1.2796055217384954,0.09431354497777,0.2465518442906171,0.0724308572874737,0.0735102225889346,-1.4220182598238251,3.5483105801093666,1.416795898631732,1.266471597287408,0.3695304027621666,0.3728707430921109,0.5790847980798451,1.4682908065090814,0.4131663213884747,0.3840990076507197,0.262845207467054,0.2716482203164251,1.303205121076378,0.0141115054458418,0.0101025874918964,-4.260764825269297,0.6221375914650485,0.5943369539355772,0.046948489004774,0.1460350499895666,0.126434202875015,-1.923908617663924,0.6659670559615763,0.6924128687430973,0.8780926504804055,3.2441424596340863e-06,3.901301162157741e-06,-12.63865950786828,0.7410253113219458,0.8957902976350608,-0.3928032853511314,0.0502575129483813,0.0514757506547087,0.0648256177113501,0.1895516685417649,0.1330399389403902,0.0857992482207015,0.0502575129483813,0.0857992482207015,5,0.0502575129483813,0.0857992482207015,5,0.0145766898946405,0.0407722787379934,4,0.0145766898946405,0.0407722787379934,4,0.0145766898946405,0.0407722787379934,4,0.0145766898946405,0.0407722787379934,4,0.0145766898946405,0.0407722787379934,4,0.2620741394208896,10.0,124,0.0897228112649837,0.0004059035784067,0.0372530048334464,0.0007472478506133,2,0.1024002021497498,0.001567721294379,0.0458541374088613,0.0017232335102945,3,0.5487161021557266,0.0016506180776806,0.0004263160112806,3.871818167753786,3.1872552498959053,0.0008464246106975109,0.001561646592598601,0.542007785057853
10,50.0,0.009827704,2000,1.0,0.2620741394208896,2.4248602000903847e-06,0,0,2,2,0.3345,0.0,0.2894000373897815,0.0,0.0172414323931454,0.0212491104405373,0.276458144185483,0.0773239692894701,0.1388522753997584,0.0215808126536675,5,2747.5788945941654,0.01,0.0342743813860688,0.0013992298726741,0.0289257258104911,4.484776411048727,,-0.2776126393240362,0.893540121111609,0.647169859777166,1.6168024593097765,0.5052507685343051,1.0,0.5,0.8333333333333334,1,0.0005563503928004,0.0026250808222853,0.0031814312150858,0.0059227774804089,1.291883900779942,0.084744366844052,0.2561015412453072,0.0649097259989623,0.0654587278208223,-1.733911164468182,3.6157580035448698,1.4509245604596095,1.2853015164920003,0.3737736034799622,0.3742691961602041,0.522132964035709,1.4831764096107036,0.4046287671562559,0.3941860106400646,0.2551053052320511,0.2639015339765468,1.303203855873138,0.0140288200681198,0.0102330871486129,-4.266641489037367,0.629174907933644,0.6027347781237022,0.0557636409176751,0.1425637744672903,0.1247479519344523,-1.9479658392683064,0.6623288570732061,0.7001358899037187,0.9192382189064452,3.1749901630375457e-06,3.801692119939465e-06,-12.66020602388031,0.7365052254669958,0.893540121111609,-0.3659589253187901,0.0172414323931454,0.0180242041692307,0.0284816947592356,0.2009376901445642,0.1382951667652407,0.0773239692894701,0.0172414323931454,0.0773239692894701,5,0.0172414323931454,0.0773239692894701,5,0.0050004026924423,0.0602105940092277,4,0.0050004026924423,0.0602105940092277,4,0.0050004026924423,0.0602105940092277,4,0.0050004026924423,0.0602105940092277,4,0.0050004026924423,0.0602105940092277,4,0.2620741394208896,10.0,125,0.3213628842047308,0.0006221117184206,0.0277854585736375,0.0004018234209342,2,0.304039157143144,0.0017517935015318,0.0428921758733262,0.001348119034028,3,0.4253159548499346,0.0016506180776806,0.0002777096665625,5.9436824728205195,7.3867113314139985,0.0005563503928004998,0.00146416924019785,0.37997683432095686
6,2.0,0.009827704,2000,1.0,0.2620741394208896,9.420524637686558e-06,0,0,2,2,0.095,0.0,0.1789497599287766,0.0,0.4454330514397887,0.4592281405116805,0.2030764114433959,0.334574701743767,0.3014605968646968,0.0656244514263294,5,48.0215589282739,0.01,0.0401236008306409,0.0004527690371755,0.0076803689308345,0.7511223081949343,,0.1007891425321688,0.9092220773326776,0.7470529596650999,1.3881072576003166,1.189806220800271,1.0,0.3333333333333333,1.0,1,0.0015288456173779,0.0015324679680985,0.0030613135854765,0.005917581807177,1.221386315252673,0.0717077631990567,0.1999865375953445,0.0564283923704616,0.0586143828053141,-0.1325024056062964,3.309416087133236,1.3727576657053508,1.196771765106046,0.3662979120365823,0.3869948915271247,-0.1329862563592955,1.4007973290997036,0.3881827904022598,0.337041595291302,0.2517879212926139,0.2681247964909928,-0.6857100773651412,0.0139520695057504,0.0099693728277412,-4.272127430051084,0.6188390585335654,0.5939983194647049,-0.4954040954677869,0.1386758771490003,0.1208103567987841,-1.9756158878472112,0.6626856833023556,0.6971156683466577,0.96046747881049,3.7528862503773498e-06,4.708381921111987e-06,-12.492985347256235,0.7898236961772443,0.9092220773326776,1.1652797640864485,0.4454330514397887,0.4503390968884038,0.481912273206849,0.2711708977267347,0.2986361911235887,0.334574701743767,0.4454330514397887,0.334574701743767,5,0.4454330514397887,0.334574701743767,5,0.4454330514397887,0.334574701743767,5,0.4454330514397887,0.334574701743767,5,0.4454330514397887,0.334574701743767,5,0.4454330514397887,0.334574701743767,5,0.4454330514397887,0.334574701743767,5,0.2620741394208896,10.0,126,0.2070060145039501,0.0013672424087911,0.0237568706234666,0.0013932550058805,2,0.1417643331041108,0.0017577519653254,0.0342185877307192,0.0013075732198447,3,2.7650980135379126,0.00135950192075,0.0006473690004742,2.1000417377943315,6.4693305959669605,0.0015288456173779752,0.0004923900931712761,3.1049479641869473
10,2.0,0.009827704,2000,1.0,0.2620741394208896,9.420524637686558e-06,0,0,2,2,0.226,0.0,0.1413981148769029,0.0,0.023169417376075,0.0272837136965719,0.405941105293759,0.0575012116450214,0.122133037290921,0.065471536151899,5,2656.121581798919,0.01,0.0393045563234063,0.0011184218017531,0.0192917033653089,2.481772014880171,,-0.6932438387543364,0.8181474221784941,0.7224866524546046,3.099735170888797,0.5535241376587138,1.0,0.5,1.0,1,0.0008878579705581,0.0023280832174536,0.0032159411880117,0.005945052928816,1.2218084579605315,0.0660299989446359,0.2003321037505179,0.0522808091434846,0.053967480772084,-0.149624001940881,3.398814686078369,1.37624990801307,1.2234267490977728,0.363684755757227,0.3784313062197366,-0.2072332448160377,1.4213711492095595,0.39385095366283,0.3516220037581721,0.2540422044246221,0.2679999615026631,-0.7370189684824254,0.0140733767668499,0.0101645785439588,-4.2634704390067455,0.6235662685004617,0.5985071652376083,-0.5055315064353305,0.1703790701420108,0.1530570764723852,-1.7697294999359752,0.7234302778918539,0.6983029305893175,0.5952220590335249,8.629914746843156e-06,9.835127213840512e-06,-11.660275931614931,0.8418147068550685,0.8181474221784941,0.1041276114520237,0.023169417376075,0.0242225529517127,0.0344591707619279,0.2043105386441833,0.1045873615835581,0.0575012116450214,0.023169417376075,0.0575012116450214,5,0.023169417376075,0.0575012116450214,5,0.0101967300386376,0.0232231319757785,4,0.0101967300386376,0.0232231319757785,4,0.0087515162467343,0.0231373926603234,3,0.0087515162467343,0.0231373926603234,3,0.0087515162467343,0.0231373926603234,3,0.2620741394208896,10.0,127,0.4562600517159625,0.0016600526821229,0.0185863868796213,0.0009093846576528,2,0.4020224546393736,0.0011249028831195,0.024942673432674,0.0007031223173093,2,1.0018071839746907,0.00135950192075,0.0004794212185066,2.83571495851746,13.02056191382825,0.0008878579705581639,0.0009716609626970734,0.9137528465625556
6,10.0,0.009827704,2000,1.0,0.2620741394208896,9.420524637686558e-06,0,1,2,2,0.4885,0.0,0.1624863532595206,0.00135950192075,0.0473298412118374,0.0518067332739993,0.1172753075669124,0.0965171147072779,0.1715247609983418,0.0809234215022552,5,604.7320116034617,0.01,0.0345419303919016,0.0027870908065156,0.0550976303645619,2.0392444224625565,,0.2867311537657891,0.8605882899457076,0.6430389088115961,1.990227959051034,0.4975569897627585,1.0,0.5,1.0,1,0.0007535804151709,0.0041697760694219,0.003416195654251,0.0059529974091521,1.2779553499356309,0.0906094211330705,0.2452614178924581,0.0696760850235272,0.0707282891990855,-0.7571002017820494,3.5397748951547228,1.420535789087059,1.264063136184477,0.3700008112231859,0.3746239852081839,-0.3135235264185095,1.5129726735500075,0.4252514507401078,0.4140763735393528,0.2662672194054083,0.271183093656108,-0.9377357595681028,0.0138622556893211,0.009957300464068,-4.27858555031515,0.6164092763705542,0.5972932019370826,-0.486879895020392,0.1685036555104586,0.150922747833833,-1.7807978350009543,0.7190373062550917,0.6978337808471153,0.6142518486826232,7.397663340002229e-06,9.011665291240967e-06,-11.814346372482936,0.8555865051993042,0.8605882899457076,0.2825273588457282,0.0473298412118374,0.0482823813257885,0.059807977284372,0.2525197581301305,0.165537410157617,0.0965171147072779,0.0473298412118374,0.0965171147072779,5,0.0473298412118374,0.0965171147072779,5,0.0065226682906515,0.0553938300887623,4,0.0065226682906515,0.0553938300887623,4,0.0065226682906515,0.0553938300887623,4,0.0065226682906515,0.0553938300887623,4,0.0065226682906515,0.0553938300887623,4,0.2620741394208896,10.0,128,0.2070060145039501,0.0013672424087911,0.0237568706234666,0.0013932550058805,2,0.1056179209950886,0.0005459109305213,0.0466865119299248,0.0019081694792145,2,0.2180494315135908,0.00135950192075,0.0006473690004742,2.1000417377943315,6.4693305959669605,0.0007535804151709282,0.0036483167888540806,0.20655564162442822
10,10.0,0.009827704,2000,1.0,0.2620741394208896,9.420524637686558e-06,0,0,2,2,0.2115,0.0,0.1491120141514289,0.0,0.022406120549181,0.0265351981820816,0.3936177563880588,0.0576731500098239,0.1201295768153356,0.079160648592779,5,2723.0934515290387,0.01,0.038742752035911,0.0010808748319565,0.0191100418512713,2.573990882680127,,-0.6412481579748041,0.834600605691068,0.7054251880641287,3.5640921971883923,0.6600170735534059,1.0,0.2,1.0,1,0.0009134876624031,0.0022864578538866,0.0031999455162897,0.0059407026393482,1.2259494104015225,0.0674018072288666,0.2037155727160835,0.0532674492429831,0.0548997693372007,-0.2103711180763427,3.4550310243617273,1.3939443420179884,1.2398314367340864,0.3674521307554138,0.3767829058201176,-0.2497529663886967,1.428048323020476,0.3903187525833907,0.3563087029950378,0.2513491338191603,0.2645561029434286,-0.7635619020313971,0.014625740462418,0.0101682851840818,-4.224972257236943,0.6179260010768322,0.5799393658328361,-0.5724481187564014,0.17248212934602,0.1490035078429064,-1.7574616458714525,0.7044163863180651,0.6811797996925097,0.5938729047688155,7.687227323777447e-06,8.899896746592265e-06,-11.775950395538446,0.8281049473497537,0.834600605691068,0.2455372586340068,0.022406120549181,0.0234367585364245,0.0337627154606394,0.1975997357114804,0.1051158447247025,0.0576731500098239,0.022406120549181,0.0576731500098239,5,0.022406120549181,0.0576731500098239,5,0.0095784990467596,0.0253906754563239,4,0.0095784990467596,0.0253906754563239,4,0.0081384188928685,0.0253019149849633,3,0.0081384188928685,0.0253019149849633,3,0.0081384188928685,0.0253019149849633,3,0.2620741394208896,10.0,129,0.4562600517159625,0.0016600526821229,0.0185863868796213,0.0009093846576528,2,0.3882904756642861,0.001074592418818,0.0256858557490116,0.0007018668621896,2,1.045632074934726,0.00135950192075,0.0004794212185066,2.83571495851746,13.02056191382825,0.0009134876624031668,0.0009510452741634277,0.9605091231925863
6,50.0,0.009827704,2000,1.0,0.2620741394208896,9.420524637686558e-06,0,1,2,2,0.541,0.0,0.1829763428303243,0.00135950192075,0.0719290496719127,0.0771794411337432,0.2358961350006298,0.0966073645953843,0.1595064463669692,0.027763166756179,5,549.766035872471,0.01,0.0376060432423184,0.0023292808791941,0.0417406190507539,1.3430924645332567,,-0.1445225527476163,0.7128865941062252,0.7143416354944615,2.178957394103622,0.396174071655204,1.0,0.5,1.0,1,0.0002756932999022,0.0037159982647282,0.0034403049648259,0.005974299083485,1.243632544694231,0.0806849323161241,0.2180365686045163,0.0628581253551395,0.0647478783884014,-0.4061038823307313,3.4090355114484576,1.4263303059038623,1.2264294100708433,0.374733585831438,0.3893976248758343,-0.2091358660176809,1.4489036504312731,0.4157077966491647,0.3708071672914819,0.2648829983360656,0.2767514465837429,-0.7792840170415761,0.0142212495514702,0.0100893041452856,-4.253017985649755,0.6197656985550133,0.5901402657764181,-0.5254967307703896,0.1796053401841695,0.1521781417151423,-1.716993389791214,0.6979596861097804,0.6706670797041505,0.5413859237849872,1.2380684240633e-05,1.1637637331841091e-05,-11.29937302239403,0.7818294667853657,0.7128865941062252,-0.3494966180213216,0.0719290496719127,0.0733169803632389,0.086292293366078,0.23769997238022,0.1442120021253035,0.0966073645953843,0.0719290496719127,0.0966073645953843,5,0.0719290496719127,0.0966073645953843,5,0.0194943348910364,0.0200223419301175,4,0.0194943348910364,0.0200223419301175,4,0.0194943348910364,0.0200223419301175,4,0.0194943348910364,0.0200223419301175,4,0.0173363352686502,0.0199564501191538,3,0.2620741394208896,10.0,130,0.2070060145039501,0.0013672424087911,0.0237568706234666,0.0013932550058805,2,0.1523754727113841,0.0007873503737228,0.0376515215991022,0.001482397553138,2,0.1056876254907492,0.00135950192075,0.0006473690004742,2.1000417377943315,6.4693305959669605,0.00027569329990225194,0.002696300142627781,0.10224874283972132
10,50.0,0.009827704,2000,1.0,0.2620741394208896,9.420524637686558e-06,0,0,2,2,0.1985,0.0,0.1042328654279496,0.0,0.0393552078753757,0.0440226672485037,0.5922309149924502,0.0589861574692789,0.1392761081388977,0.0212988564060771,5,2214.8944534221014,0.01,0.0430372256168732,0.0011530347393714,0.017099036444329,1.498814531892896,,-1.581587999209784,0.6568388797385065,0.7611213574264385,1.8737967619618756,0.2371894635394779,1.0,0.8,1.0,1,0.0009190787780216,0.0023593288533722,0.0032784076313938,0.0059701303054094,1.1894879510001253,0.0439377827985899,0.173522921243515,0.0356566028898174,0.0369143860485857,0.5324881530895746,3.249555802012237,1.3781595210701405,1.178518310696662,0.3678432308732499,0.3951449553876319,-0.0828046598880676,1.361918518855006,0.3574311585313581,0.3088943813085388,0.235106110802955,0.254925058713646,-0.6146428968301703,0.0141436894881677,0.0103023944880446,-4.258486726935881,0.6302294197869701,0.601718043450205,-0.5080945082766847,0.1876051127171746,0.1546410356320533,-1.6734159894915337,0.6912409585769042,0.6568388797385065,0.4836058178869497,1.532663166535476e-05,1.2899823224529016e-05,-11.085918610987118,0.7485872935972475,0.6561600977402606,-0.6501595339389563,0.0393552078753757,0.0408152016007557,0.0518975922693796,0.2611307936735124,0.0977113732739017,0.0589861574692789,0.0393552078753757,0.0589861574692789,5,0.0393552078753757,0.0589861574692789,5,0.0311989850692876,0.0005901061715392,4,0.0292635974391287,0.0005899849587435,3,0.0292635974391287,0.0005899849587435,3,0.0292635974391287,0.0005899849587435,3,0.0292635974391287,0.0005899849587435,3,0.2620741394208896,10.0,131,0.4562600517159625,0.0016600526821229,0.0185863868796213,0.0009093846576528,2,0.5506154871247595,0.0024961581382744,0.5487461455282211,0.1068681666789732,3,1.1314254878306131,0.00135950192075,0.0004794212185066,2.83571495851746,13.02056191382825,0.0009190787780216625,0.0008409086384951684,1.092959134854866
6,2.0,0.009827704,2000,1.0,0.2620741394208896,7.513764020612118e-06,1,1,2,2,0.3495,0.0,0.2291845208856821,0.0,0.055147475809415,0.0455123277352097,0.2010823731277955,0.2210068990803318,0.6670964694888392,0.1251827660515812,5,1009.2213444601988,0.01,0.034859120485816,0.0185733701288796,0.0258375929632373,4.007561467438921,,0.141258261876707,0.917451151239948,0.512474393428351,2.0452467017577267,0.3316616273120638,1.0,0.6666666666666666,1.0,12,0.0016684036294441,0.0154582871485135,0.0043067412612161,0.0059751448906602,1.3557619684111983,0.0889299814149015,0.3043636345895738,0.0665788853134966,0.0654505576048274,-1.1151362746072009,3.8700245585917785,1.458872169517253,1.3532608529109038,0.3647354037041835,0.3532869346551824,-0.8772323179222496,1.6552763789890814,0.4300297717231761,0.5039679912547099,0.2582706906255619,0.2514356522621307,1.426321235160409,0.0143657591282638,0.0101228148618364,-4.242907742262247,0.6183688809037071,0.5867025917015384,-0.2120791890148896,0.1730728272294772,0.1526988236163692,-1.7540428064215798,0.72580504720812,0.6870336093308096,0.571661726045582,6.050762857648848e-06,8.018895262653682e-06,-12.01532620169711,0.8629938137404908,0.917451151239948,0.2509313295742921,0.0402676970055453,0.0411218103906687,0.055147475809415,0.781542178912443,0.9987403304737424,0.2210068990803318,0.055147475809415,0.2210068990803318,5,0.055147475809415,0.2210068990803318,5,0.0216386601644018,0.2023102284350689,4,0.0216386601644018,0.2023102284350689,4,0.0216386601644018,0.2023102284350689,4,0.0216386601644018,0.2023102284350689,4,0.0216386601644018,0.2023102284350689,4,0.2620741394208896,10.0,132,0.2589507774041437,0.000996141626661,0.0410942758474961,0.0007269102512729,2,0.1737830398618344,0.0007049381942923,0.0735018265469696,0.0026899156021318,2,1.160916186312984,0.002434691295015,0.0005290096389662,4.602357151322493,17.51149846412066,0.0016684036294441068,0.0015608012519726982,1.0689404735775359
10,2.0,0.009827704,2000,1.0,0.2620741394208896,7.513764020612118e-06,1,1,2,2,0.2095,0.0,0.0692381957722925,0.0,0.0253796681238319,0.0184269068799092,0.5303290474383644,0.1668838948681514,0.6316999530566417,0.0834841332884563,5,6056.677364901014,0.01,0.0379958641492499,0.0144547176834119,0.0247285529484551,6.575495552341154,,-0.7808952970828156,0.7638951111136902,0.5803083758715798,2.956329012306488,0.141451148914186,1.0,1.0,1.0,12,0.0016123241021644,0.0136886529440101,0.004397093711311,0.0060094178134755,1.3320076454898473,0.0809936168837795,0.2866873119589672,0.0609024859598359,0.0606932917709418,-0.9288324871121326,3.707065170084703,1.4048839852910873,1.3102405042904877,0.3605246899352753,0.3554372417194546,-0.7681508166584391,1.5743564758053057,0.4294907301542842,0.4538466019929878,0.263370984497386,0.2635207837571009,1.589007082610724,0.0143496057839209,0.0100611451628165,-4.244032808657625,0.6181711699769613,0.5842875019798498,-0.2103270270329343,0.182267702789778,0.154104364634302,-1.702278778161646,0.7045849423767407,0.6679865497123417,0.5154111533730148,1.0484684221307994e-05,1.0827049824226376e-05,-11.465595011249617,0.8056993399234395,0.7638951111136902,-0.4135277129342855,0.0146389919688712,0.0152620605470245,0.0253796681238319,0.997288271257812,0.7309276930439617,0.1668838948681514,0.0253796681238319,0.1668838948681514,5,0.0253796681238319,0.1668838948681514,5,0.0128377893163696,0.1615968476987524,4,0.0128377893163696,0.1615968476987524,4,0.0110603318659357,0.1611320720857216,3,0.0110603318659357,0.1611320720857216,3,0.0110603318659357,0.1611320720857216,3,0.2620741394208896,10.0,133,0.5397985214312985,0.0013006301025389,0.0270170519973753,0.0003088969889463,2,0.5515647114288689,0.00141928392513,0.3652236206018382,0.0374065536317476,3,1.5302700577168262,0.002434691295015,0.0004162973531131,5.848442890178518,61.64088441836767,0.001612324102164455,0.001236998855939546,1.3034160010922853
6,10.0,0.009827704,2000,1.0,0.2620741394208896,7.513764020612118e-06,1,1,2,2,0.4475,0.0,0.141843614523507,0.0,0.0639461282434099,0.0678481299236056,0.249849157297854,0.0946805476570209,0.1754426695177953,0.0139687129342141,5,729.4392477992536,0.01,0.0375366255099212,0.0035586515017118,0.0738865401615862,1.480629871704207,,-0.2206084640282287,0.6568061894575401,0.6912537131256473,2.9127487919640367,0.37992375547357,1.0,0.5,0.8333333333333334,2,0.0009431383117109,0.0050517868623672,0.0036291913026893,0.0059949251740781,1.254315114850531,0.0827811388298267,0.2265896984028421,0.0642685721131078,0.0658587310024877,0.0549165157198061,3.496939594434555,1.4142393200431538,1.2518881843931748,0.3712863487443864,0.3772870031630907,-0.5887235440818352,1.4728722237918732,0.4246167953035869,0.3872143881590699,0.2676633835906328,0.2779126762909972,1.8124652204815108,0.0143530710185528,0.0102975871680676,-4.243791351411483,0.6308473265882885,0.5935373264393399,-0.2064834962990638,0.1919684141528279,0.1522662246272953,-1.6504244301082354,0.6842046375939942,0.6368887327929057,0.4549758546520805,1.4763630531542068e-05,1.2332814606280164e-05,-11.123343798066164,0.7294188026691056,0.6568061894575401,-0.925984106884972,0.0626545441728824,0.0639461282434099,0.0769437173545243,0.273341504736473,0.1583059561598919,0.0946805476570209,0.0639461282434099,0.0946805476570209,5,0.0639461282434099,0.0946805476570209,5,0.0133373674721855,0.0372956141530948,4,0.0133373674721855,0.0372956141530948,4,0.0112419274165662,0.0371091820183188,3,0.0112419274165662,0.0371091820183188,3,0.0112419274165662,0.0371091820183188,3,0.2620741394208896,10.0,134,0.2589507774041437,0.000996141626661,0.0410942758474961,0.0007269102512729,2,0.1574299608134734,0.000752988571053,0.0438752713452331,0.001890367455425,2,0.3641753408897657,0.002434691295015,0.0005290096389662,4.602357151322493,17.51149846412066,0.001422595559677811,0.0042225683520604376,0.3369029086251839
10,10.0,0.009827704,2000,1.0,0.2620741394208896,7.513764020612118e-06,1,1,2,2,0.178,0.0,0.0351886424820441,0.0,0.029643710568013,0.0227608035875681,0.5139111240140619,0.0907663559774175,0.2667573662638285,0.0184441639710199,5,4940.5494111345515,0.01,0.0435320997173314,0.0069143925971714,0.01549305983238,3.06190939791993,,-1.0444931448089616,0.6046782487617711,0.642334958965454,10.953184893756715,0.4507483495373134,0.9,0.4,0.8333333333333334,12,0.0019900241476181,0.0083303730123843,0.0040416060713814,0.0060316302189995,1.2725011091331142,0.073977753401396,0.2409843410595394,0.0573490331314092,0.0580394478386758,-0.189458060802207,3.665165751186908,1.4343760059536343,1.2988735597421448,0.3678775160665617,0.365920815127734,-0.721898944220659,1.5031339678523343,0.419077907972654,0.4075522404329588,0.2617850516347834,0.2692581152798858,1.7754746437125346,0.0142055266109462,0.0104313435396462,-4.254124192138836,0.6363847767315348,0.6046782487617711,-0.1884500152776375,0.2148978035305088,0.1473128879694412,-1.537592696276977,0.6179211871688739,0.5735379250934516,0.3211815034604842,1.825096394634175e-05,1.2748648592320924e-05,-10.911292660353016,0.648599112695155,0.5777756555348841,-1.3683049188273015,0.0189399595581518,0.0196987406365394,0.029643710568013,0.4753419677764035,0.2341637750376644,0.0907663559774175,0.029643710568013,0.0907663559774175,5,0.029643710568013,0.0907663559774175,5,0.0130724260004068,0.0801089650240847,4,0.0130724260004068,0.0801089650240847,4,0.010686948478467,0.0796565097414562,3,0.010686948478467,0.0796565097414562,3,0.010686948478467,0.0796565097414562,3,0.2620741394208896,10.0,135,0.5397985214312985,0.0013006301025389,0.0270170519973753,0.0003088969889463,2,0.6347619891785407,0.0020005469072155,0.3281054214313126,0.020978378213575,3,2.7643404052030625,0.002434691295015,0.0004162973531131,5.848442890178518,61.64088441836767,0.0019900241476181043,0.0007881050899802239,2.525074603525325
6,50.0,0.009827704,2000,1.0,0.2620741394208896,7.513764020612118e-06,1,1,2,2,0.3455,0.0,0.1867060147720911,0.0,0.0638332924156854,0.0543961848513142,0.254620145504797,0.1425128700050565,0.5185958588174499,0.0622145901794843,5,962.475377465977,0.01,0.0391676939750121,0.0118613835915,0.0219319390571859,2.2325790290904313,,0.0445501595510334,0.7183786220153489,0.6004096513830772,2.0821004391829914,0.2271382297290536,1.0,0.6666666666666666,1.0,12,0.0017271184706562,0.0120465953084639,0.004286883452274,0.0060140019229303,1.3160043397749488,0.091372120097612,0.2746001305990169,0.0692667205477122,0.0692651538812066,-0.6421702340418507,3.7040466835155943,1.426607924215193,1.3094259202454364,0.3654444981078933,0.3605690284887275,-0.7555805392717635,1.562862970970383,0.4350790267445802,0.4465193770716673,0.2680945435233886,0.2685649287809363,1.5883411092425943,0.0139775424419374,0.0100975189402483,-4.27030334862112,0.6239709261232687,0.5986757688155179,-0.1662698694309588,0.1803305081786846,0.1512743139996752,-1.7129639552184348,0.7017346213084852,0.6640998291262885,0.5327314678579955,1.2129483906390172e-05,1.151773377153474e-05,-11.319871382789785,0.7851967525914578,0.7183786220153489,-0.6099141804018783,0.0491590780530006,0.0501961840852568,0.0638332924156854,0.908770660291451,0.5045040461558418,0.1425128700050565,0.0638332924156854,0.1425128700050565,5,0.0638332924156854,0.1425128700050565,5,0.0205429183795941,0.1142071361662274,4,0.0205429183795941,0.1142071361662274,4,0.0183621821175589,0.1132690959546376,3,0.0183621821175589,0.1132690959546376,3,0.0183621821175589,0.1132690959546376,3,0.2620741394208896,10.0,136,0.2589507774041437,0.000996141626661,0.0410942758474961,0.0007269102512729,2,0.2515072547103635,0.0010678968913867,0.0538953120543971,0.0013651370912566,2,1.3901920612951084,0.002434691295015,0.0005290096389662,4.602357151322493,17.51149846412066,0.0017271184706562775,0.0014021989102541675,1.2317214469544937
10,50.0,0.009827704,2000,1.0,0.2620741394208896,7.513764020612118e-06,1,1,2,2,0.194,0.0,0.0618439113258768,0.0,0.0253771302346782,0.0184302257259771,0.5392052273234836,0.1488400237474401,0.5637964765281475,0.0845462823662213,5,5914.959926177107,0.01,0.0383464856236919,0.0123103991078269,0.0220161338135204,5.865124321427333,,-0.7789033525759146,0.7627668406401228,0.5901518366712432,4.050475848614927,0.2087874148770581,1.0,0.7,1.0,12,0.0017484312897332,0.0122637872793545,0.0042540500028558,0.0060024812925891,1.3257042520666034,0.0794002087038328,0.2819438292299116,0.0598713096018774,0.0597857312413933,-0.865601990685459,3.724502747633952,1.4239069504988413,1.3149333523527973,0.3601479954810353,0.358470819037464,-0.7819845913218528,1.5719504972106986,0.436952119947384,0.4523172031872011,0.2669358282189266,0.2682250197859476,1.5735158570838526,0.0141692077639331,0.0101560905350741,-4.256684136233281,0.6242101728298017,0.5944034129503268,-0.1880244538005485,0.1834323692277928,0.1546103297034117,-1.69590923948899,0.7148743172058085,0.6635025719318096,0.4990826926354437,1.025462200273615e-05,1.0597799950699673e-05,-11.487782026920716,0.8088895617805719,0.7627668406401228,-0.3844677992821791,0.0146440529144898,0.0152694940287634,0.0253771302346782,0.9586134251020684,0.5839359807349339,0.1488400237474401,0.0253771302346782,0.1488400237474401,5,0.0253771302346782,0.1488400237474401,5,0.0126585434234977,0.1435489768351833,4,0.0126585434234977,0.1435489768351833,4,0.0108826434805048,0.1432022724288044,3,0.0108826434805048,0.1432022724288044,3,0.0108826434805048,0.1432022724288044,3,0.2620741394208896,10.0,137,0.5397985214312985,0.0013006301025389,0.0270170519973753,0.0003088969889463,2,0.5528614538525995,0.001437285696206,0.3724189036698547,0.0350408262195751,3,1.8503702831242477,0.002434691295015,0.0004162973531131,5.848442890178518,61.64088441836767,0.0017484312897332824,0.0011093101346383053,1.5761428974083653
6,2.0,0.009827704,2000,1.0,0.2620741394208896,3.104665611843591e-05,2,1,2,2,0.168,0.0,0.076747236565454,0.0063088840515035,0.0403262943981898,0.0268141695757009,2.037157617883145e-06,0.0364389361677743,0.2886593944271914,6.75434828993747e-05,4,1223.1519627743285,0.01,0.0449473913488646,0.0095548003340705,0.0208031520714401,0.9036023942088272,,-1.9726985583690535,0.6072581432899644,0.6131167264014599,46.87960619036174,0.98006145345704,0.6666666666666666,0.1666666666666666,1.0,12,0.0016165260447347,0.0107573190525669,0.0044980532557983,0.006114579300533,1.24728789026614,0.0776593247682504,0.2209715063443907,0.0604763182819573,0.0621467497665462,0.9469148918567144,3.5923447095615826,1.4822175283221048,1.2788051117491004,0.3827536046417598,0.3834920104133889,1.404284192648597,1.5514599301273213,0.4369960833409942,0.4391963780354499,0.2692786455484731,0.2715988524220216,0.8964488168804002,0.0136670953131893,0.0100536138829389,-4.292764137058085,0.6287686352253365,0.6072581432899644,0.3210727214925798,0.4157231625880084,0.1140644415526931,-0.8777357147954031,0.2997873097433612,0.2633892913325528,-1.5390648989164066,3.3699919520452534e-05,9.142430896315768e-06,-10.298015108725943,0.2950128417036227,0.2607275493722453,-0.2779687136084048,0.0190488263897935,0.0210673879391193,0.0403262943981898,0.6274605259389172,0.2020787211748825,0.0364389361677743,0.0938505366904296,0.1022129737398759,5,0.0403262943981898,0.0364389361677743,4,0.0403262943981898,0.0364389361677743,4,0.0403262943981898,0.0364389361677743,4,0.0403262943981898,0.0364389361677743,4,0.0403262943981898,0.0364389361677743,4,0.0403262943981898,0.0364389361677743,4,0.2620741394208896,10.0,138,0.2628843906004423,0.0006661752118062,0.3650462625528841,0.0018654651061094,3,0.4020669489607546,0.0017554902683008,0.4746784807570902,0.0409885074370779,3,1.372679371748433,0.0063088840515035,0.0097612091868605,0.6463219802722713,185.25273299735636,0.0016165260447347377,0.0010282700327238275,1.5720832011924477
10,2.0,0.009827704,2000,1.0,0.2620741394208896,3.104665611843591e-05,2,2,2,2,0.248,0.0,0.03784405016814,0.0,0.0245925395938463,0.0185820650459166,2.53972429398296e-05,0.4733957558699476,0.1822418786062536,0.0003651795310816,5,7990.0160378549635,0.01,0.0351970790531643,0.0915774426134013,0.1106204553229113,19.24956770175955,,-3.222378022477339,0.5988982954730407,0.4937067393155251,134.90431186528838,0.6254256461070393,0.9,0.3,0.8333333333333334,12,0.0026870657433709,0.0579325605659037,0.0089816831327031,0.0062946173893321,1.3319039426561814,0.0804187989540998,0.2866094543947899,0.0603569385967552,0.0602690825237672,-0.1387085206637285,3.924808275451022,1.5500722420516158,1.3673175030224691,0.3855515066955844,0.367575057483798,1.1645200125202024,1.6922603850523024,0.4386076339233745,0.5260651412187749,0.2597219055386826,0.2507986118846016,0.5949662186147233,0.014225442285076,0.0103157969545263,-4.252723207356354,0.6323903567651382,0.5988982954730407,0.2559171332515245,0.4445850126884377,0.1067184302975563,-0.8106139876728606,0.2623714587023695,0.232590303849273,-2.014372505694946,3.604514316685621e-05,8.486946112468109e-06,-10.230738428223368,0.2632488220716509,0.2282914958660796,-0.5670719414207346,0.0153179109525884,0.0158357445913149,0.0245925395938463,0.0301363802895143,0.0431934996592989,0.4733957558699476,0.0245925395938463,0.4733957558699476,5,0.0245925395938463,0.4733957558699476,5,0.0123588119929699,0.4683293736530645,4,0.0123588119929699,0.4683293736530645,4,0.0123588119929699,0.4683293736530645,4,0.0123588119929699,0.4683293736530645,4,0.0123588119929699,0.4683293736530645,4,0.2620741394208896,10.0,139,0.5303639749406324,0.0011749792145859,0.5068305583296355,0.0025201454896961,3,0.6195334451653344,0.0016472048430923,0.3881105173360712,0.0535839027585283,3,0.6101761753124546,0.0063088840515035,0.0080322012342042,0.7854489532256624,1098.5677679477074,0.002687065743370915,0.0037692522544571696,0.7128909295453598
6,10.0,0.009827704,2000,1.0,0.2620741394208896,3.104665611843591e-05,2,2,2,2,0.2385,0.0,0.0448732870442578,0.0,0.0551196784971426,0.0457498510588721,0.1322306253338626,0.2506105332209322,0.1222612805613859,0.0690196466585473,5,2011.426024920132,0.01,0.0337190486901163,0.066361505389563,0.1376927303989509,4.546661737766185,,-1.558099144340951,0.605990419841441,0.4545202633193835,10.732950832857297,0.1694676447293257,1.0,1.0,1.0,12,0.0037909545687161,0.0726493461935447,0.0100794012544725,0.0062884466857564,1.352102160424106,0.084342378281946,0.3016605372099399,0.062904659937578,0.0622562860136219,-0.3723588125735164,3.916270404358339,1.4958480708773894,1.3651397734483717,0.3710253397679918,0.3572366263529082,1.215982108555013,1.7234633290445065,0.421267288900761,0.5443358297217378,0.2474116646592993,0.2372775300364489,0.5507221000045769,0.0138333461526279,0.0101612574464912,-4.280673213718026,0.6311256580270833,0.605990419841441,0.3007159210642809,0.3557363253391266,0.1274674696396897,-1.03356548171337,0.3817095318084549,0.335462962816327,-0.8005101606997719,3.056094184511306e-05,1.0718093001475636e-05,-10.395787774601828,0.3765063478569719,0.3289508247445178,0.0418806372304661,0.0405557198309829,0.0415741548484909,0.0551196784971426,0.053384774069625,0.0627885343936005,0.2506105332209322,0.0551196784971426,0.2506105332209322,5,0.0551196784971426,0.2506105332209322,5,0.0193916955665976,0.213427556938914,4,0.0193916955665976,0.213427556938914,4,0.0193916955665976,0.213427556938914,4,0.0193916955665976,0.213427556938914,4,0.0193916955665976,0.213427556938914,4,0.2620741394208896,10.0,140,0.2628843906004423,0.0006661752118062,0.3650462625528841,0.0018654651061094,3,0.2954228458573681,0.0009368893501014,0.4894424613614801,0.0260675331454828,3,0.5699294906179508,0.0063088840515035,0.0097612091868605,0.6463219802722713,185.25273299735636,0.003790954568716108,0.006610110392711744,0.5735085109767584
10,10.0,0.009827704,2000,1.0,0.2620741394208896,3.104665611843591e-05,2,2,2,2,0.076,0.0,0.0099991860629859,0.0,0.0252727628483133,0.0189182969252972,0.3424091618001065,0.0582320722032236,0.0315479522223167,0.2458708292719464,5,6826.006309394638,0.01,0.0311248735499499,0.0430903785953071,0.2440324740367468,2.3041434983872313,,-2.59762476385332,0.6017252366849125,0.3905738299453172,109.98304653171314,0.453912697200632,1.0,0.6,1.0,12,0.0082361109496251,0.1251622455446172,0.0146047564007212,0.006368645451096,1.375642707469745,0.0742706775448603,0.3189210455245068,0.0545914740439485,0.053910101857984,-0.7452374845477178,3.982373861803423,1.536492981786707,1.3818780891814226,0.3756381610213086,0.3603000627122647,1.1564902193755773,1.818622807292663,0.410005999457858,0.5980795153575416,0.2335942069250341,0.2196359505129598,0.3532253088685266,0.0142051971658599,0.010367485945056,-4.254147383739933,0.6349448365945084,0.6017252366849125,0.2571305319348336,0.3431515450118002,0.1340964217023049,-1.069583107199045,0.4092007363783439,0.362161851295708,-0.658710283731569,3.0011019741357496e-05,1.0856992725942846e-05,-10.413945919037408,0.3810141517561477,0.3386345848376946,0.0890425461856864,0.0154154442452037,0.0160666836823745,0.0252727628483133,0.0168364869795298,0.0195752974841967,0.0582320722032236,0.0252727628483133,0.0582320722032236,5,0.0252727628483133,0.0582320722032236,5,0.0139570179295443,0.0486819776117554,4,0.0139570179295443,0.0486819776117554,4,0.0139570179295443,0.0486819776117554,4,0.0139570179295443,0.0486819776117554,4,0.0139570179295443,0.0486819776117554,4,0.2620741394208896,10.0,141,0.5303639749406324,0.0011749792145859,0.5068305583296355,0.0025201454896961,3,0.5769948836557969,0.0013758238409192,0.521417979034542,0.004616980306928,3,0.91565227034272,0.0063088840515035,0.0080322012342042,0.7854489532256624,1098.5677679477074,0.008236110949625198,0.00822042140721943,1.001908605608952
6,50.0,0.009827704,2000,1.0,0.2620741394208896,3.104665611843591e-05,2,2,2,2,0.1155,0.0,0.0187638953145966,0.0,0.0483822336245459,0.0398998252590144,0.1002278666040789,0.0839403554275395,0.0538299916987211,0.1274377798605327,5,2299.795041605805,0.01,0.0308959486992435,0.042312558694623,0.2485828096050773,1.7349417159805058,,-1.613326909413596,0.6130271114408761,0.4018713456672131,15.054572677902913,0.2115396629213524,1.0,0.8333333333333334,1.0,12,0.0083632497725203,0.1278785940142227,0.0147214765849198,0.0063582268123994,1.3785611906163509,0.0791551187327367,0.3210403397720934,0.0584433161269151,0.057321954248368,-0.7323832711494394,4.10546342076554,1.4588727383581888,1.412318628314699,0.3553129778094176,0.3345182454022289,1.136973162654314,1.7998477541297968,0.4117078850417985,0.5877020802859394,0.236180625855931,0.2227063769878109,0.3932956847157208,0.0135803472233615,0.0101276625626524,-4.299131588447864,0.6361844657876852,0.6130271114408761,0.3273388765205276,0.3319520641045174,0.1308773139442066,-1.102764705717556,0.4160321154306207,0.3646558927263247,-0.5681367516538557,2.8623663615987757e-05,1.1501999649649408e-05,-10.461276783084047,0.4314171244588095,0.3698964552533841,0.1883498119220953,0.035161028975628,0.0361562131768695,0.0483822336245459,0.0369710492494906,0.0405785704191335,0.0839403554275395,0.0483822336245459,0.0839403554275395,5,0.0483822336245459,0.0839403554275395,5,0.0175875265363847,0.052486974235626,4,0.0175875265363847,0.052486974235626,4,0.0175875265363847,0.052486974235626,4,0.0175875265363847,0.052486974235626,4,0.0175875265363847,0.052486974235626,4,0.2620741394208896,10.0,142,0.2628843906004423,0.0006661752118062,0.3650462625528841,0.0018654651061094,3,0.2693369278767477,0.0007698954021512,0.4083437513364878,0.0032613656550887,3,0.7307447175641472,0.0063088840515035,0.0097612091868605,0.6463219802722713,185.25273299735636,0.008363249772520367,0.011069056001887331,0.7555522143075606
10,50.0,0.009827704,2000,1.0,0.2620741394208896,3.104665611843591e-05,2,2,2,2,0.0195,0.0,0.0026573010072494,0.0,0.0251083654511113,0.0191832623842646,0.4124388348405091,0.0330091937505707,0.0211880519700231,0.4000373758385531,5,6952.80602975967,0.01,0.0286416707284553,0.0342066186734143,0.448983517487074,1.3146691613535395,,-2.6363934559648614,0.597225735367731,0.3969775632598415,31.18401922095066,0.1004316239000021,1.0,1.0,1.0,12,0.0164664199868626,0.2070972073495397,0.0229338165514254,0.0064673965645627,1.4033961930045091,0.0645296025857677,0.3388951511378508,0.04667217775318,0.0459315187707569,-1.2996547692372322,4.188643829664373,1.4829977129131031,1.432377013204286,0.3549998688365351,0.3333626545141741,1.08147345654173,1.8850763586702377,0.3895234591314436,0.6339683286578991,0.2157634127749615,0.202091697557975,0.2160819204285711,0.014053112389882,0.0101222589979544,-4.264911385323314,0.6234439630842666,0.597225735367731,0.2791392899295445,0.2916359392691646,0.1429491691433554,-1.2322490379195967,0.4891752204026055,0.4392507754339236,-0.2184877687680699,2.784899760128815e-05,1.1926405811683296e-05,-10.488713585011157,0.4414573143445672,0.391871144220922,0.2462166389524482,0.0157973697889464,0.0166440519127362,0.0251083654511113,0.0143304739283794,0.0162244882311191,0.0330091937505707,0.0251083654511113,0.0330091937505707,5,0.0251083654511113,0.0330091937505707,5,0.012981241297775,0.0215552709762364,4,0.012981241297775,0.0215552709762364,4,0.012981241297775,0.0215552709762364,4,0.012981241297775,0.0215552709762364,4,0.012981241297775,0.0215552709762364,4,0.2620741394208896,10.0,143,0.5303639749406324,0.0011749792145859,0.5068305583296355,0.0025201454896961,3,0.550840747908599,0.0012165065265846,0.5646127947151817,0.0020512064985317,3,1.0445859561326805,0.0063088840515035,0.0080322012342042,0.7854489532256624,1098.5677679477074,0.016466419986862695,0.014125378426302335,1.1657330154214627
6,2.0,0.009827704,2000,1.0,0.6,4.126819464586703e-05,1,1,2,2,0.1385,0.0,0.0592074177898453,0.0,0.09677849006519,0.0845543791584555,2.1206870376763975e-06,0.0873376390073385,0.3035063651650374,2.709865632619779e-06,5,1474.3996263698134,0.01,0.0455544196613525,0.009359120607842,0.0204268057022857,0.90244887007958,,-3.356964750090185,0.5987620434448908,0.5985004038206858,32.801718089356605,0.5406876608135704,1.0,0.1666666666666666,1.0,12,0.0016222892098331,0.0106943755663184,0.0045133805056126,0.0061356697154458,1.227387216475066,0.0713343670536754,0.204887695793207,0.0560044105124121,0.0580256593646841,0.7901151243116532,3.952853476985501,1.5638747681531144,1.3744377173451334,0.3875521707516092,0.3680093040169138,1.2248892533423583,1.5509183403551008,0.4246154596273195,0.4388472331340204,0.2626502462463018,0.2644769044647407,-1.4311198950668496,0.0137996449315845,0.009944649161523,-4.283112416745311,0.618118457684369,0.5987620434448908,-0.1958388572102668,0.4973680683874,0.0878712278034461,-0.6984249467234108,0.1995899174047716,0.1735124616359179,0.9399238468392448,4.0832930952629965e-05,6.7032284798443564e-06,-10.106021670917462,0.1828453625309361,0.1616724829581301,0.057990045046509,0.0775525321218778,0.0793321152882987,0.09677849006519,0.6049165341686944,0.2182649223190792,0.0873376390073385,0.09677849006519,0.0873376390073385,5,0.09677849006519,0.0873376390073385,5,0.0426942871394032,0.036057578964265,4,0.0426942871394032,0.036057578964265,4,0.0426942871394032,0.036057578964265,4,0.0426942871394032,0.036057578964265,4,0.0426942871394032,0.036057578964265,4,0.6,10.0,144,0.4281858423851054,0.0021048300469024,0.2022910358026672,0.0168425449327935,3,0.4255530168961314,0.0018097398123838,0.4176267844903213,0.0312466026742421,3,1.410101526301679,0.0012275270319073,0.0014680206704243,0.8361783022799862,110.17572136598942,0.0016222892098331897,0.0009283580512516423,1.7474822431344965
10,2.0,0.009827704,2000,1.0,0.6,4.126819464586703e-05,1,1,2,2,0.0625,0.0,0.0118063278177852,0.0,0.0369122569472026,0.0306432203513399,0.0056539574189199,0.0928995612585315,0.3887992986423393,0.0068408540909217,5,8447.974848664833,0.01,0.045559932799779,0.0103868485336343,0.02254229644451,2.5167673001250006,,-4.6200633535321485,0.6022157828385248,0.5789513831317681,38.20003467815159,0.3157027659351371,1.0,0.5,1.0,12,0.0014840744810457,0.0115617359887381,0.004668197481077,0.0061522719621227,1.236470967105409,0.0626848191734945,0.2122613278050992,0.0495351568987637,0.0506334991276521,0.7444470164390151,3.77068019774828,1.4421183572623923,1.3272554089914117,0.3646143944297551,0.3582238769132555,1.4313499559804557,1.537015248011993,0.3978896275250825,0.4298423851396458,0.2488578434052561,0.2509560939993015,-1.4742518854648496,0.0143301226981869,0.010485120531832,-4.245391474848852,0.6390051435865394,0.6022157828385248,-0.2484683509412722,0.5303726481470414,0.0706060256003199,-0.634175409790401,0.1503360708318122,0.1317618813031768,0.8204936136877441,4.179372034987425e-05,6.5563294604111396e-06,-10.082764460583602,0.1834737639155293,0.1545626029546182,-0.0689689863776454,0.0271584185089895,0.0278589855978277,0.0369122569472026,0.7794037051922602,0.2940946294762263,0.0928995612585315,0.0369122569472026,0.0928995612585315,5,0.0369122569472026,0.0928995612585315,5,0.0111810915180946,0.0927818685103352,4,0.0111810915180946,0.0927818685103352,4,0.0111810915180946,0.0927818685103352,4,0.0111810915180946,0.0927818685103352,4,0.0111810915180946,0.0927818685103352,4,0.6,10.0,145,0.7133199009554173,0.0024125342765601,0.105206914618443,0.0050476241739102,3,0.7098641299506854,0.0024851814295302,0.2838058727032334,0.0158918475415086,3,1.388050263476457,0.0012275270319073,0.001222776800837,1.0038847899854575,297.32483220391475,0.0014840744810457355,0.0007666824335672323,1.9357095142256096
6,10.0,0.009827704,2000,1.0,0.6,4.126819464586703e-05,1,2,2,2,0.3575,0.0,0.0696459099705098,0.0012275270319073,0.0665352576945522,0.0558505200450732,0.0024188831541558,0.8750508643794369,0.3570153515117042,0.0035197437356016,5,1908.152091077184,0.01,0.0358727964652576,0.1099343793062894,0.0937783350964632,13.15168671017387,,-2.2749923196655826,0.6071048020502444,0.4903809232035864,27.062241685624464,0.3592332967118292,0.8333333333333334,0.6666666666666666,0.8333333333333334,12,0.0019091283219234,0.0494137768380582,0.0081821024007812,0.0062729740788577,1.320181691790746,0.0863717237442535,0.2777693724220547,0.0652455317224591,0.0652849905861951,-0.4388307382737837,3.978063305381306,1.4963533110724505,1.3807950941767766,0.3715938165918767,0.3519965928647844,1.260384568632093,1.6811511439146352,0.4292512186539134,0.5194787634806926,0.2547424756203195,0.2473523249602033,-1.7920667610782528,0.013806092457063,0.0101456248595836,-4.282645301847788,0.6275650316914557,0.6071048020502444,-0.193635274647915,0.4358656766334911,0.1067753709305134,-0.8304211642156851,0.2708403052503176,0.2369616163960936,1.180014695945332,3.691873639668576e-05,8.692444815027713e-06,-10.206791374357207,0.2620832200134761,0.2282453774270605,0.4249524797647586,0.0499040168793015,0.051112285561366,0.0665352576945522,0.0849443492587642,0.1110508408969117,0.8750508643794369,0.0665352576945522,0.8750508643794369,5,0.0665352576945522,0.8750508643794369,5,0.0200626424008095,0.8334276778051548,4,0.0200626424008095,0.8334276778051548,4,0.0200626424008095,0.8334276778051548,4,0.0200626424008095,0.8334276778051548,4,0.0200626424008095,0.8334276778051548,4,0.6,10.0,146,0.4281858423851054,0.0021048300469024,0.2022910358026672,0.0168425449327935,3,0.3266214805857002,0.0010759313521428,0.4863731178817006,0.1593417856220887,3,0.4108985748073958,0.0012275270319073,0.0014680206704243,0.8361783022799862,110.17572136598942,0.0019091283219234857,0.004460661288375799,0.4279922187543253
10,10.0,0.009827704,2000,1.0,0.6,4.126819464586703e-05,1,1,2,2,0.2315,0.0,0.060407466364723,0.0,0.0300718913289932,0.0237191841559988,3.3255471210920244e-05,0.1602761090711282,0.5689693734398493,0.0007250643494739,5,7620.912527565003,0.01,0.0413954442727787,0.02215043439435,0.0370916056684396,5.329764839785812,,-3.4886640577787804,0.6187199040025048,0.5827430233035598,32.55111954909647,0.2511660459035221,1.0,0.8,1.0,12,0.0007530837577297,0.0190871806123186,0.0054249693233612,0.0061780530810909,1.271924033725453,0.074804167569615,0.2405307412205537,0.0579477444781494,0.0587123210726232,0.1485284099351633,3.8530804315875034,1.4896963102203442,1.3488729404812922,0.373399260558638,0.3612319105888772,1.339781083600801,1.577385053135286,0.4330382892260753,0.4557684463030861,0.2655958823250265,0.2650467705368543,-1.4789581923399504,0.0137097571222775,0.0103571014674974,-4.289647500934812,0.6418631066295833,0.6187199040025048,-0.1784126973511587,0.4795652822095937,0.0952479239771056,-0.7348752475032169,0.220801822951511,0.194243053556865,1.0147091212486423,3.776349024222671e-05,7.979395241661452e-06,-10.184167788696213,0.2411361165262701,0.2059269434419295,0.36804660316737,0.0202304830388624,0.0208551781001408,0.0300718913289932,0.5728580852330764,0.9737739260153436,0.1602761090711282,0.0300718913289932,0.1602761090711282,5,0.0300718913289932,0.1602761090711282,5,0.0118729347992066,0.1563874108203816,4,0.0118729347992066,0.1563874108203816,4,0.0118729347992066,0.1563874108203816,4,0.0118729347992066,0.1563874108203816,4,0.0118729347992066,0.1563874108203816,4,0.6,10.0,147,0.7133199009554173,0.0024125342765601,0.105206914618443,0.0050476241739102,3,0.6735429239117068,0.0021105557976796,0.2806561276079317,0.0247282966612079,3,0.4575787556265916,0.0012275270319073,0.001222776800837,1.0038847899854575,297.32483220391475,0.0007530837577297365,0.0013559414238182874,0.5553954945996685
6,50.0,0.009827704,2000,1.0,0.6,4.126819464586703e-05,1,1,2,2,0.356,0.0,0.2237813110459758,0.0,0.0833510844983399,0.0712806700898298,0.002074883421457,0.1874024625411559,0.4574543146695654,0.0012473835303423,5,1671.9629553349166,0.01,0.0400930108782491,0.031517618334032,0.044777962666074,2.248350620379609,,-2.7715176177632026,0.6102272125376266,0.547573655748263,12.50866652729308,0.1848571407974346,1.0,0.8333333333333334,1.0,12,0.0003769496550515,0.0233169751009605,0.0058242516652441,0.0062012013202957,1.2755052214042748,0.084316847252773,0.2433423522050505,0.0649348556948283,0.0659640211522374,0.0892475281597257,3.929269869544932,1.5330767532906475,1.36845362479041,0.3858747117386824,0.3633053630250046,1.2457219066052745,1.618934829991276,0.4350666323766801,0.4817684206371834,0.2638036953123694,0.2596577759807524,-1.5875637369466955,0.0135663386000598,0.0100279050814061,-4.300163657307851,0.6270535193257945,0.6102272125376266,-0.1658556544308375,0.4743199789378717,0.0951242540569289,-0.7458731239879175,0.2239586849702966,0.1960277053826588,1.0495127717556514,3.98229283534889e-05,7.350338470138149e-06,-10.13106772226597,0.2066447999644763,0.1810224062026879,0.1725146829939585,0.06448808729546,0.0660028384756895,0.0833510844983399,0.3645346477049666,0.8204258337625737,0.1874024625411559,0.0833510844983399,0.1874024625411559,5,0.0833510844983399,0.1874024625411559,5,0.0236103550130282,0.1702552310507648,4,0.0236103550130282,0.1702552310507648,4,0.0236103550130282,0.1702552310507648,4,0.0236103550130282,0.1702552310507648,4,0.0236103550130282,0.1702552310507648,4,0.6,10.0,148,0.4281858423851054,0.0021048300469024,0.2022910358026672,0.0168425449327935,3,0.3709908359816275,0.0013730758569675,0.4483638793678747,0.0676276955827026,3,0.1602506661891619,0.0012275270319073,0.0014680206704243,0.8361783022799862,110.17572136598942,0.000376949655051583,0.002195250202332253,0.1717114771934007
10,50.0,0.009827704,2000,1.0,0.6,4.126819464586703e-05,1,1,2,2,0.2165,0.0,0.0619289887069286,0.0,0.0299090315080634,0.0234952484390321,5.809967497404663e-05,0.1572845232370937,0.5765102835469239,0.0013535919778778,5,7080.889485686808,0.01,0.0414980618724134,0.0212539158760379,0.03625440260017,5.2587635007402405,,-3.2095853428340724,0.6058086920788461,0.5795310180134942,20.22482778727029,0.1721261939342152,1.0,0.8,1.0,12,0.0007980774605918,0.0186032210350717,0.0053728459760665,0.0061709234366583,1.2745387537458286,0.0750243813668537,0.2425843513908378,0.0579407280680527,0.0587643197613187,0.1131031037215759,3.788393456839264,1.491758779736747,1.3319420392115402,0.3781819603216276,0.3671813361100041,1.3676066588604117,1.5731835163830965,0.4256961580269019,0.4531012837575285,0.2625862482392216,0.2614689351901122,-1.4857519999119446,0.014206236551264,0.0104796139616344,-4.254074217041278,0.641901685591975,0.6058086920788461,-0.2338205607593884,0.461379408886404,0.1015704437446555,-0.773534561706017,0.2446016753064178,0.2142411312117156,1.0740275495289435,3.6312897875567245e-05,8.452449082138438e-06,-10.22333756642581,0.2617504300438075,0.2257538226106447,0.4887063845383301,0.0199679169806763,0.0206087968283566,0.0299090315080634,0.6295040254795462,0.942742301924132,0.1572845232370937,0.0299090315080634,0.1572845232370937,5,0.0299090315080634,0.1572845232370937,5,0.0111247542547962,0.15255515765323,4,0.0111247542547962,0.15255515765323,4,0.0111247542547962,0.15255515765323,4,0.0111247542547962,0.15255515765323,4,0.0111247542547962,0.15255515765323,4,0.6,10.0,149,0.7133199009554173,0.0024125342765601,0.105206914618443,0.0050476241739102,3,0.6723937128102745,0.0021091902504116,0.2820911981859819,0.0248124138869332,3,0.4953104582433867,0.0012275270319073,0.001222776800837,1.0038847899854575,297.32483220391475,0.0007980774605918306,0.001351161111892112,0.5906604723653087
6,2.0,0.009827704,2000,1.0,0.6,4.473552115112195e-05,1,2,2,2,0.505,0.0,0.1075651049668833,0.0007063625909899,0.0191260771392209,0.0191411754584177,1.1679410726305847e-05,0.5307150242418062,0.2053510669524938,4.652945214312171e-05,4,1462.9744961353251,0.01,0.0370832443023952,0.0884249255221976,0.0684723363589609,27.7482423802158,,-4.7049802268459295,0.6135510918605145,0.4898172025634328,40.78206153973549,0.3657583994595111,1.0,0.5,1.0,12,0.0007078370513909,0.0371594412821108,0.0069644214722665,0.0062565844208756,1.2811137464120803,0.0850260834638442,0.2477298139858868,0.0651835005230025,0.0662265725434113,-0.6332365835543989,4.602627712493259,1.5784793776912716,1.5266273822448952,0.3718049469642232,0.3221442547007095,0.4741620427647741,1.6569864754689794,0.4130808816639252,0.5050005763525641,0.2473579696019342,0.2419098269138447,0.4642814410659562,0.0137533153811806,0.0102657171292611,-4.286475365302662,0.6361017313246525,0.6135510918605145,0.7534898797897168,0.5487495231609594,0.0594709085182189,-0.6001131835481051,0.1241192213198303,0.107622479173554,0.7193693195354346,4.494816274056375e-05,4.615680437665267e-06,-10.010000671284349,0.1158550009154717,0.1020613172991741,-0.0409308529686638,0.0192743715496769,0.0190230776863552,0.0191260771392209,0.0311199383649244,0.0542182382507508,0.5307150242418062,0.0700065199338923,0.6925281740957455,5,0.0191260771392209,0.5307150242418062,4,0.0191260771392209,0.5307150242418062,4,0.0191260771392209,0.5307150242418062,4,0.0191260771392209,0.5307150242418062,4,0.0191260771392209,0.5307150242418062,4,0.0191260771392209,0.5307150242418062,4,0.6,10.0,150,0.386127630945745,0.0012911162404457,0.3915260165975845,0.0549017982072581,3,0.3585463923294197,0.0011984925400416,0.4254775748096355,0.147058994571954,3,0.2077289108364343,0.0007063625909899,0.0020791348477198,0.3397387099564825,235.9489609921172,0.0007078370513909091,0.003375309641785863,0.2097102566911151
10,2.0,0.009827704,2000,1.0,0.6,4.473552115112195e-05,1,2,2,2,0.2395,0.0,0.0335284909811924,0.0007063625909899,0.0259661526625828,0.0203649921969733,0.0024864525066626,0.5433949065558447,0.2073678187747873,0.0013962911049599,5,10604.724071053235,0.01,0.0357203351940451,0.0984497740475802,0.1092067425609186,20.92704736111616,,-4.476499707756544,0.5971481863979202,0.5245516708359006,202.13568210619636,0.750875490736242,1.0,0.1,1.0,12,0.002701264908722,0.0566365309203598,0.0090262026912724,0.0063249377825503,1.3242713391315029,0.0797854527919396,0.2808623754387792,0.0601390028424654,0.0601397422813522,-1.2372858729152865,4.009911006789864,1.592388580624597,1.3887690482517303,0.3917879417110178,0.3689528751626884,0.8018473610591336,1.668377279767721,0.4492098564394131,0.511851465271256,0.2684925413278413,0.2599315872998557,0.4022190900840671,0.014748254701878,0.0107121644986913,-4.216630528493702,0.6442753257649692,0.5971481863979202,0.635522367358594,0.5155505753181174,0.0773549010961029,-0.6625198710880197,0.1679154954247188,0.1481194473418789,0.9033963598078874,4.093301768606819e-05,6.869822327838297e-06,-10.10357354220148,0.1980727457634016,0.1649842626956404,0.4484757686707866,0.0173313228394159,0.017797501088921,0.0259661526625828,0.032271816435605,0.0464367333329122,0.5433949065558447,0.0259661526625828,0.5433949065558447,5,0.0259661526625828,0.5433949065558447,5,0.0144867330451612,0.536417071722518,4,0.0144867330451612,0.536417071722518,4,0.0144867330451612,0.536417071722518,4,0.0144867330451612,0.536417071722518,4,0.0144867330451612,0.536417071722518,4,0.6,10.0,151,0.6476508878348486,0.001902079497614,0.2919129271280249,0.0316992350794414,3,0.6278441985827834,0.0016897579629114,0.3823578428967388,0.0616764764634995,3,0.6152277951585754,0.0007063625909899,0.0017729472857085,0.3984115019571166,788.2831825047007,0.0027012649087220795,0.0035565515060387736,0.7595180061741049
6,10.0,0.009827704,2000,1.0,0.6,4.473552115112195e-05,1,2,2,2,0.1265,0.0,0.0190749992871229,0.0007063625909899,0.0572147260572041,0.0469365753396182,0.0002096393305323,0.1212721316832124,0.0728531825189355,1.2605621153410592e-06,5,2302.8497095562543,0.01,0.0323367942412621,0.0491652878160286,0.2079016253927554,2.1195964752494434,,-3.121807367056558,0.6083350089348496,0.4322335482049162,15.773490472142424,0.1294677740531526,1.0,0.8333333333333334,1.0,12,0.0069352223926008,0.1067625394083371,0.0133534359830594,0.0064182135904586,1.350378163011675,0.083044374494609,0.300384673973235,0.0618916143058174,0.0613801327891047,-1.5176763155428243,4.264955347897727,1.5119445767750468,1.450431711462748,0.3626246707185308,0.33321961924701,0.6962887093270491,1.7503772265183752,0.4132135720535893,0.559831322716633,0.2419778790140618,0.2295077679841546,0.2480101423584203,0.0137443821913691,0.0101211772844764,-4.287125106256588,0.6265819517054301,0.6083350089348496,0.7659747567216909,0.4826908581192257,0.0930275708952467,-0.7283788755478104,0.2181444586806566,0.1886395390719035,0.9972898376497276,4.053551988994159e-05,7.180206855325845e-06,-10.113331933902112,0.2007255062872195,0.173943933374381,0.4911643788235717,0.0411679099191343,0.0424270900425162,0.0572147260572041,0.045876612525064,0.0514108033485302,0.1212721316832124,0.0572147260572041,0.1212721316832124,5,0.0572147260572041,0.1212721316832124,5,0.0122999655220081,0.0600384542184022,4,0.0122999655220081,0.0600384542184022,4,0.0122999655220081,0.0600384542184022,4,0.0122999655220081,0.0600384542184022,4,0.0122999655220081,0.0600384542184022,4,0.6,10.0,152,0.386127630945745,0.0012911162404457,0.3915260165975845,0.0549017982072581,3,0.3013291945523317,0.0008793123760993,0.4555404503204734,0.0060828860837046,3,0.7167044140361619,0.0007063625909899,0.0020791348477198,0.3397387099564825,235.9489609921172,0.006935222392600864,0.00902308020229831,0.768609192993138
10,10.0,0.009827704,2000,1.0,0.6,4.473552115112195e-05,1,2,2,2,0.524,0.0,0.097698525249458,0.0007063625909899,0.019922333689561,0.0144300914311655,0.0003816608465684,0.5322667004866705,0.2535620664415679,0.0020535099798994,5,13170.426420586073,0.01,0.0378066445950448,0.0682737980213748,0.0626789729452447,26.71708589870523,,-6.128416323238111,0.6108138419693541,0.5449673488728045,55.151002422227165,0.2308539239105364,1.0,0.7,1.0,12,0.0004589917213835,0.0335351977141894,0.0067034764628755,0.0062444847414919,1.282434240718165,0.0792032500514249,0.2487600224543875,0.0608848575105948,0.0616448024413817,-0.6948654784392188,4.4739971062270625,1.602928529414665,1.4982822162700224,0.3823273762780166,0.3351546202889798,0.5352506041541446,1.6286463861409342,0.4383970301224779,0.4877492318637126,0.2658074058035143,0.2599879035546293,0.4969577829311182,0.0141037231673774,0.0105039430390362,-4.261316462030319,0.6429130770847351,0.6108138419693541,0.70637436067838,0.5617451068386441,0.0510086035645359,-0.5767070785222476,0.1029000327127568,0.0903657861281311,0.6402471701847119,4.327777094694272e-05,6.222864307024468e-06,-10.047871427826712,0.1798439970390931,0.1418551780121836,0.1842080529772019,0.0114784181708705,0.0118895224330651,0.019922333689561,0.0739269825663,0.1544925162717332,0.5322667004866705,0.019922333689561,0.5322667004866705,5,0.019922333689561,0.5322667004866705,5,0.0043156149456979,0.4485150714786139,4,0.0043156149456979,0.4485150714786139,4,0.0043156149456979,0.4485150714786139,4,0.0043156149456979,0.4485150714786139,4,0.0043156149456979,0.4485150714786139,4,0.6,10.0,153,0.6476508878348486,0.001902079497614,0.2919129271280249,0.0316992350794414,3,0.6488481740762357,0.0018428226464396,0.2961753110495475,0.0623621185037272,3,0.1751429130971997,0.0007063625909899,0.0017729472857085,0.3984115019571166,788.2831825047007,0.00045899172138352297,0.002305632645199398,0.1990740902889272
6,50.0,0.009827704,2000,1.0,0.6,4.473552115112195e-05,1,2,2,2,0.0975,0.0,0.0157937867924231,0.0007063625909899,0.0583969255642424,0.0484031928281441,0.0137283792298428,0.1016603903798248,0.0656543866156889,0.0108669619548431,5,2267.426809772623,0.01,0.0316038609722244,0.0446893678571481,0.2428086201558759,1.7408517554231229,,-2.9193812376279284,0.6044445564611839,0.4044933895741678,13.624413611090418,0.1119814817349897,1.0,1.0,0.8333333333333334,12,0.0083845379304258,0.1230257967785819,0.0148225412708142,0.0064380033403883,1.3587746578605693,0.0809429128479905,0.3065833067480996,0.0601322149238514,0.0594637439421959,-1.6651651708541773,4.20132205325919,1.494906859894079,1.435399250343718,0.3614589936989759,0.3344874291043504,0.7401224751003883,1.7869544943604008,0.4084903756494472,0.5805127710295542,0.2348135784448371,0.2226071228919765,0.1675010455930032,0.0139224354766485,0.010195384262046,-4.274253676977088,0.6308513562216234,0.6044445564611839,0.7403876113411753,0.4669016715437628,0.0978716074352432,-0.7616365969222073,0.2362127088815475,0.2044153179597801,1.0618013499095411,3.927079181564792e-05,7.6207958065895165e-06,-10.145029526204883,0.2216840972168936,0.1898480504076351,0.5877138349031302,0.0427698390171229,0.0440428139030671,0.0583969255642424,0.0453287058714073,0.0499740635958347,0.1016603903798248,0.0583969255642424,0.1016603903798248,5,0.0583969255642424,0.1016603903798248,5,0.0132308244589967,0.0469333360124502,4,0.0132308244589967,0.0469333360124502,4,0.0132308244589967,0.0469333360124502,4,0.0132308244589967,0.0469333360124502,4,0.0132308244589967,0.0469333360124502,4,0.6,10.0,154,0.386127630945745,0.0012911162404457,0.3915260165975845,0.0549017982072581,3,0.2932814106712499,0.0008371427882679,0.4372237859420614,0.0040500551181966,3,0.7504236098803091,0.0007063625909899,0.0020791348477198,0.3397387099564825,235.9489609921172,0.008384537930425859,0.01036805642952578,0.8086894576064104
10,50.0,0.009827704,2000,1.0,0.6,4.473552115112195e-05,1,2,2,2,0.294,0.0,0.0457732518755843,0.0007063625909899,0.0214593893855058,0.0161018647924719,0.0013271825479242,0.789570501474368,0.2906131919411192,0.002044006136711,5,13588.054746836322,0.01,0.0361022263054152,0.1120123821147406,0.0970918352995638,36.7937077467667,,-5.388084993232647,0.6014951973627356,0.5442517804438045,48.86472571287501,0.1761525800752524,1.0,0.8,1.0,12,0.0021202883105767,0.0508844386378554,0.0084295182835648,0.006309229972988,1.312856883636342,0.0822150507990472,0.2722055898644277,0.0622810756047551,0.0625014157895658,-1.0557356695494051,4.202923792245312,1.6136661213163872,1.435780424106352,0.3911741788842879,0.3573265223000627,0.6829253200277584,1.65158528750528,0.4545123022836697,0.50173560696474,0.2730704974026126,0.2653279063547472,0.4325208511984391,0.0143191683842452,0.0104676131171424,-4.24615619286187,0.6398920276247545,0.6014951973627356,0.6860173680527171,0.5464843272844843,0.0611796207294013,-0.6042496501217265,0.1266047644633877,0.1111353268425107,0.7379187248735225,4.2457001504038014e-05,6.340880828706531e-06,-10.067018723494224,0.188354878887646,0.1471793052252861,0.2775399740661988,0.0132161727650205,0.0136300322268895,0.0214593893855058,0.0319466283689053,0.0503224459800842,0.789570501474368,0.0214593893855058,0.789570501474368,5,0.0214593893855058,0.789570501474368,5,0.0114361651081902,0.7615881130926259,4,0.0114361651081902,0.7615881130926259,4,0.0114361651081902,0.7615881130926259,4,0.0114361651081902,0.7615881130926259,4,0.0114361651081902,0.7615881130926259,4,0.6,10.0,155,0.6476508878348486,0.001902079497614,0.2919129271280249,0.0316992350794414,3,0.6323283807667631,0.0017130162804825,0.3592230657160919,0.0890082110724598,3,0.5390780475449782,0.0007063625909899,0.0017729472857085,0.3984115019571166,788.2831825047007,0.0021202883105767853,0.003311589512385238,0.640263022529506
6,2.0,0.009827704,2000,1.0,0.6,3.592084552239505e-05,1,1,2,2,0.295,0.0,0.1857160621022046,0.0,0.0762767486108662,0.0655936838559295,0.1274562974603208,0.1386162940750356,0.5913014129989694,0.0133230286685354,5,1362.843501621603,0.01,0.0415502953753879,0.0178773319485184,0.0321029838370851,1.817281105965871,,-1.3984637506478907,0.6031849678515475,0.5774942276750448,27.41020553099564,0.6604868802649552,0.8333333333333334,0.5,1.0,12,0.0010446426517763,0.0165213035948897,0.0050889711780962,0.0061336138298725,1.28146776970192,0.0860193962936967,0.2480061160585162,0.066105511469469,0.0669779267494689,-0.3002723426381842,3.6509475194144816,1.4703438349385214,1.2949867282657463,0.3769731966984431,0.3752686161206018,-0.2729495788662887,1.56971070780753,0.4241892489728904,0.4508913398388142,0.2603871460655821,0.2612244211432947,-1.0175816506337414,0.0138466217941965,0.0100871572063872,-4.279713989877016,0.6238075972683171,0.6031849678515475,-1.4638604303715324,0.3663549931991883,0.1228046547743275,-1.004152488882071,0.3614757619673966,0.3160406711969258,1.36475779850649,3.0227095462262095e-05,1.0183931476185549e-05,-10.406771835090298,0.3579061636109714,0.3177927948945752,0.4821907999124272,0.0595637782443388,0.0609405247125835,0.0762767486108662,0.9009330698324164,0.7343548750894564,0.1386162940750356,0.0762767486108662,0.1386162940750356,5,0.0762767486108662,0.1386162940750356,5,0.0280914710584312,0.0985209306632686,4,0.0280914710584312,0.0985209306632686,4,0.0280914710584312,0.0985209306632686,4,0.0280914710584312,0.0985209306632686,4,0.0280914710584312,0.0985209306632686,4,0.6,10.0,156,0.4571426487140378,0.0027251122328156,0.4194668200557823,0.0387113663482407,3,0.3634066653201927,0.0015044033521155,0.4917474255748515,0.05910187015948,3,0.5971799251832771,0.001910319334287,0.0008670748177,2.203177044576527,74.65656967337064,0.0010446426517763075,0.0017398915347455006,0.6004067672696107
10,2.0,0.009827704,2000,1.0,0.6,3.592084552239505e-05,1,1,2,2,0.1215,0.0,0.0088694869597246,0.0,0.0356224279209824,0.0385115582562764,0.0001968599860355,0.0667603395555761,0.1766425909036018,3.8655224244451745e-07,5,5874.594682689612,0.01,0.041589705054347,0.0039704666068343,0.0730655958700305,1.874109751970405,,-3.811709402286053,0.6124638458471928,0.637390557400006,50.4450885237327,0.7045403425102333,0.8,0.2,1.0,2,0.0005483255877503,0.0055404733895088,0.0039111114443338,0.0060887989772591,1.199507620388509,0.0449719784086676,0.1819111562482611,0.0364533060745565,0.0374666780881237,1.2686175274593356,3.3407929825447487,1.3466828989079482,1.2062081987325366,0.3567540128050989,0.3774170176837908,-0.0395682886325957,1.4674121986457975,0.3845902830643411,0.3835004403651507,0.2444395594474912,0.2541935814938615,-0.8082745807190113,0.0139147037260331,0.0103684996519281,-4.274809175928177,0.6366699290408785,0.6124638458471928,-1.4419906294900926,0.4793626270624362,0.0972608859315948,-0.7352979177544736,0.2314881263758827,0.1980977009940702,0.9696924740925684,3.800786177843958e-05,8.03355186131636e-06,-10.177717530730142,0.2435594735003155,0.2059169207890186,-0.231874557057296,0.0345846333909328,0.0356224279209824,0.0453276134569138,0.3338356061562129,0.1293318269990165,0.0667603395555761,0.0356224279209824,0.0667603395555761,5,0.0356224279209824,0.0667603395555761,5,0.0356224279209824,0.0667603395555761,5,0.0194802576568779,0.01778972040422,4,0.0194802576568779,0.01778972040422,4,0.0194802576568779,0.01778972040422,4,0.0194802576568779,0.01778972040422,4,0.6,10.0,157,0.7339952573579056,0.0029735318520512,0.2464210443507408,0.0149584299704082,3,0.6317607516897076,0.0015145565134073,0.3905965266534986,0.0853610784435699,3,0.6317828923063424,0.001910319334287,0.000726767442299,2.6285152899032895,176.2407658169279,0.0016293619451750079,0.0018626637552723595,0.8747482955863721
6,10.0,0.009827704,2000,1.0,0.6,3.592084552239505e-05,1,1,2,2,0.3595,0.0,0.2449722852858712,0.0,0.0256328226014546,0.0153162770495838,0.0017828331738719,0.1569541761856459,0.5049902590875787,0.0028085271272131,4,1454.6854496547703,0.01,0.0403261485133184,0.0272600232795894,0.0415975746200187,6.1231717874386185,,-1.7479241823535872,0.6018406687993278,0.5684045249738409,12.881045391960283,0.2702317215096563,1.0,0.6666666666666666,1.0,12,0.0005491208139423,0.0214204890915673,0.005621387948666,0.0061705087626084,1.2882952912302974,0.0870169432613817,0.25331986478289,0.0666997537302645,0.0673931730602556,-0.3772638444268916,3.722660945882117,1.4739375821859502,1.3144387206070254,0.3769366238216571,0.3692283712939464,-0.3245815341145637,1.5938433738429685,0.4349497218585747,0.4661483157177315,0.2649608119628932,0.2635307083544422,-1.057598501831983,0.0138467058190436,0.0100844361073345,-4.279707921639331,0.6295635067187795,0.6018406687993278,-1.4504864343285728,0.3959827877921524,0.1200124524109764,-0.9263845338436266,0.3319818075504787,0.2883988177784072,1.2517520557642277,3.341919722432315e-05,9.596455778720308e-06,-10.306380055901714,0.3159861201763667,0.2745361582999128,0.2284507942826326,0.0095329247022479,0.010783083845049,0.0256328226014546,0.409301329411221,0.9487152716658692,0.1569541761856459,0.0773949966882274,0.1879306376010792,5,0.0256328226014546,0.1569541761856459,4,0.0256328226014546,0.1569541761856459,4,0.0256328226014546,0.1569541761856459,4,0.0256328226014546,0.1569541761856459,4,0.0256328226014546,0.1569541761856459,4,0.0256328226014546,0.1569541761856459,4,0.6,10.0,158,0.4571426487140378,0.0027251122328156,0.4194668200557823,0.0387113663482407,3,0.3585248603812461,0.0013906836410707,0.4778350410631011,0.0717847037675196,3,0.247751854266633,0.001910319334287,0.0008670748177,2.203177044576527,74.65656967337064,0.0005491208139423876,0.0021966158197854373,0.24998491269903766
10,10.0,0.009827704,2000,1.0,0.6,3.592084552239505e-05,1,1,2,2,0.173,0.0,0.0568189398403719,0.0,0.0285806111764559,0.0219057661507759,0.0020288861744971,0.1365361999074381,0.5855772098320088,0.0001406745197119,5,5567.698492421052,0.01,0.0419804191987348,0.017067031622845,0.0314371739015415,4.777231636666799,,-2.252947722272567,0.6040252664733774,0.6120345502728939,37.77119361871561,0.4512687409643441,0.9,0.5,1.0,12,0.0010648636754841,0.0161004057368471,0.005073996463554,0.0061388601390382,1.278697420625194,0.075787915701408,0.24584191964768,0.0584689804552038,0.0591676250869276,-0.3024759494984921,3.723908231876496,1.4616518849516529,1.3147737167579427,0.3700674459988988,0.3667560252971016,-0.3315116341664922,1.54390476045558,0.4307871930486141,0.4343147660573112,0.2658156425207636,0.2692724807781207,-0.9344393947633044,0.013886033412686,0.01017133052076,-4.276871734440062,0.6331444943518307,0.6040252664733774,-1.4467621868542513,0.3800741561386747,0.122889339869124,-0.9673888975671932,0.3440568659150013,0.3062893694848659,1.3269994557062426,3.144477468124391e-05,9.939931288144098e-06,-10.367277735482032,0.334171409891674,0.3002527342531899,0.3982535781862296,0.0182191123627556,0.0189175749131162,0.0285806111764559,0.9116681711814376,0.7085272584071507,0.1365361999074381,0.0285806111764559,0.1365361999074381,5,0.0285806111764559,0.1365361999074381,5,0.0107664458194882,0.1304063021679837,4,0.0107664458194882,0.1304063021679837,4,0.0107664458194882,0.1304063021679837,4,0.0107664458194882,0.1304063021679837,4,0.0107664458194882,0.1304063021679837,4,0.6,10.0,159,0.7339952573579056,0.0029735318520512,0.2464210443507408,0.0149584299704082,3,0.6672967606105149,0.0020924598641929,0.2790224255610722,0.0227147484941348,3,0.7557303997740802,0.001910319334287,0.000726767442299,2.6285152899032895,176.2407658169279,0.0010648636754841522,0.001249677046755758,0.8521110940211368
6,50.0,0.009827704,2000,1.0,0.6,3.592084552239505e-05,1,1,2,2,0.339,0.0,0.2229870719575113,0.0,0.0245795736177488,0.0145085852963971,7.21222022516966e-06,0.1398163373306229,0.5411605736533209,0.0001644386220262,4,1444.6437881987988,0.01,0.0404465704834758,0.0244948429686222,0.0386899077930933,5.688314187421952,,-1.625097083679782,0.5897442083768787,0.5589889654510399,9.643177548129891,0.2150894620400719,1.0,0.8333333333333334,1.0,12,0.0007114835209862,0.0200694096072762,0.0054464577430529,0.0061579412640391,1.2833211762824497,0.0849676631063108,0.249451386560051,0.0652367380227285,0.066067304620727,-0.3264253844873173,3.7025830533290143,1.4866410641801482,1.3090306985973632,0.3793633993250333,0.3739792477359727,-0.3082496778086494,1.6115208455702037,0.438446147576457,0.4771783576971103,0.2667374365047339,0.2626736812646535,-1.091905971550234,0.0140224097539739,0.0099262584120659,-4.2670985324039545,0.6158996066456107,0.5897442083768787,-1.503138994228954,0.3826840466719875,0.1228110237049569,-0.9605455736697356,0.3488566182041411,0.3037969450016764,1.2891254642633192,3.278523331805478e-05,9.884157753469209e-06,-10.325532347664138,0.3274582463710447,0.287179174488876,0.2789350181626059,0.0088723095010282,0.0100738727704143,0.0245795736177488,0.4933161225014253,0.9903492611279144,0.1398163373306229,0.0752583039531391,0.1709264980672449,5,0.0245795736177488,0.1398163373306229,4,0.0245795736177488,0.1398163373306229,4,0.0245795736177488,0.1398163373306229,4,0.0245795736177488,0.1398163373306229,4,0.0245795736177488,0.1398163373306229,4,0.0245795736177488,0.1398163373306229,4,0.6,10.0,160,0.4571426487140378,0.0027251122328156,0.4194668200557823,0.0387113663482407,3,0.3594846772090536,0.0013995919427543,0.4863220104907821,0.0679232885285106,3,0.3444402346921656,0.001910319334287,0.0008670748177,2.203177044576527,74.65656967337064,0.0007114835209862582,0.002044893881846479,0.347931756900661
10,50.0,0.009827704,2000,1.0,0.6,3.592084552239505e-05,1,1,2,2,0.117,0.0,0.0300891961399626,0.0,0.0338973940487158,0.027184628745614,0.0021347676971087,0.11027689587096,0.5153956223920407,0.0062758739064829,5,6171.384653699274,0.01,0.0435482534165148,0.0133369922676247,0.0267832169943703,3.253255861275796,,-3.0508164671152698,0.5952193748039681,0.5935600204485353,13.455517164007295,0.1384312465432849,1.0,0.9,1.0,12,0.0012846680431065,0.0137151706175144,0.0048587662864986,0.0061434343296052,1.2588021761934007,0.0711706434329891,0.230160614990701,0.0554077706399535,0.0564506097457372,-0.0361710225708385,3.692129964934528,1.4262001644534312,1.3062035177909537,0.3640942149890911,0.3617085576937488,-0.3134119140325939,1.5514973594325552,0.419099238527635,0.439220502959993,0.2607037307183494,0.2611105692263197,-0.9715792878010208,0.0144724354074114,0.0104371064748559,-4.235509445146905,0.6356879097746281,0.5952193748039681,-1.5060406023385924,0.4552875649630021,0.1037260706482146,-0.7868260487582736,0.2546544425739351,0.2212546439111312,1.083823326240029,3.581564126593469e-05,8.640806667370107e-06,-10.23712585310395,0.2753504309510919,0.2333930298294523,0.01065216178774,0.0234586106369315,0.0241978815511948,0.0338973940487158,0.9842030268778436,0.4517069444273189,0.11027689587096,0.0338973940487158,0.11027689587096,5,0.0338973940487158,0.11027689587096,5,0.0124173387337286,0.1003412341503816,4,0.0124173387337286,0.1003412341503816,4,0.0124173387337286,0.1003412341503816,4,0.0124173387337286,0.1003412341503816,4,0.0124173387337286,0.1003412341503816,4,0.6,10.0,161,0.7339952573579056,0.0029735318520512,0.2464210443507408,0.0149584299704082,3,0.687782849610743,0.0022785996901252,0.2851272797922646,0.0193444284785951,3,1.0434734173702425,0.001910319334287,0.000726767442299,2.6285152899032895,176.2407658169279,0.0012846680431065445,0.001007818724262377,1.274701503533578
6,2.0,0.009827704,2000,1.0,0.6,1.3185252797811354e-05,2,2,2,2,0.0865,0.0,0.0165140802963236,0.0,0.0458889828547371,0.0374478178149138,0.2096985046395008,0.0596992543488717,0.041912774894942,0.3212377371928237,5,2385.817325373262,0.01,0.0278269891344243,0.0337069282291783,0.336920887054368,1.300949610015356,,-1.2010243270995142,0.6115236815487799,0.4028513043967877,18.4091746253404,0.4700214797959252,1.0,0.6666666666666666,0.6666666666666666,12,0.0109313489547758,0.1780710083298481,0.0171780408762829,0.006246691921507,1.4070700311085251,0.0698685277506181,0.3415095502472068,0.0509169604046528,0.0495921445983994,0.4220186442065635,4.47951036323287,1.3875216833419173,1.4995137465326436,0.3247054051123169,0.2948846327103825,-2.049700451873648,1.8936281925242704,0.3895629409051963,0.6384946674276092,0.2174504078283359,0.2011678492313186,-0.3920780985476941,0.0145231678518086,0.0102513988482309,-4.232010121769283,0.6293488983501246,0.5853471832727053,-0.1109815983804915,0.2080385333304588,0.1464259083107859,-1.5700319600422294,0.6324894230476574,0.5842152927942104,1.6746625282244896,1.619234141696899e-05,1.221799780879237e-05,-11.030972179547364,0.6825632477180341,0.6115236815487799,-0.3009821966613246,0.0327169279151491,0.0337375426748552,0.0458889828547371,0.031803568686973,0.0342355016489814,0.0596992543488717,0.0458889828547371,0.0596992543488717,5,0.0458889828547371,0.0596992543488717,5,0.0206096047032183,0.0350934951323421,4,0.0206096047032183,0.0350934951323421,4,0.0206096047032183,0.0350934951323421,4,0.0206096047032183,0.0350934951323421,4,0.0206096047032183,0.0350934951323421,4,0.6,10.0,162,0.2818105318773346,0.0010830168093914,0.1233945939858019,0.0124563644397702,2,0.210400717713076,0.0005612222406269,0.2917700987342824,0.0009650009318708,2,0.7253981969713666,0.0014582208490307,0.0043434694467369,0.3357272030832982,93.16502067683172,0.010931348954775894,0.015114126680790525,0.7232537602499534
10,2.0,0.009827704,2000,1.0,0.6,1.3185252797811354e-05,2,1,2,2,0.1725,0.0,0.0490246208438425,0.0014582208490307,0.0301174873965412,0.0234798220961759,0.0002806682450064,0.1313971765470617,0.5788587195293337,0.0007061723337267,5,5823.182533590708,0.01,0.0422549651082088,0.0166492848080569,0.0309862685811821,4.362820006098897,,-2.63046015681031,0.6009380022005839,0.597972855201986,65.86813566593385,0.6426159577164278,0.8,0.4,0.6666666666666666,12,0.0010795379280008,0.0158817669275973,0.0050660752072441,0.006145613135245,1.2724044667074252,0.0757263810897024,0.2409083913452137,0.0586218773380796,0.0594113345311483,2.0826536276718204,3.7156595893520223,1.4461986365517716,1.3125562100148631,0.3693285915294544,0.36388069251796,-1.2958413998895162,1.5563737674681926,0.4270652469263331,0.4423586073654243,0.264518439469477,0.2649748041814357,0.419171222447895,0.0143553649051173,0.0104726592506066,-4.243631545661323,0.6377134868134532,0.6009380022005839,-0.0913023230491766,0.4162943954372477,0.1177763750561732,-0.8763625876696992,0.311669800660254,0.2708027957779565,1.1728340799440309,3.346425679678462e-05,9.239481565965494e-06,-10.305032650031665,0.2965818534872587,0.2651551761806456,-3.1403772827732137,0.0198127280854275,0.0205092508065591,0.0301174873965412,0.9305224436716606,0.6746565383692787,0.1313971765470617,0.0301174873965412,0.1313971765470617,5,0.0301174873965412,0.1313971765470617,5,0.0108914495986712,0.1245385086095387,4,0.0108914495986712,0.1245385086095387,4,0.0108914495986712,0.1245385086095387,4,0.0108914495986712,0.1245385086095387,4,0.0108914495986712,0.1245385086095387,4,0.6,10.0,163,0.6086389686202062,0.0016446726100665,0.3348293561556755,0.1389741440688704,3,0.6738926649182921,0.0021461298215844,0.2821671336405405,0.022135207655626,3,0.773919044000771,0.0014582208490307,0.0033563817116591,0.4344621602380047,449.7254478350526,0.0010795379280008621,0.0012200517330938892,0.8848296336281555
6,10.0,0.009827704,2000,1.0,0.6,1.3185252797811354e-05,2,2,2,2,0.425,0.0,0.1018985742668636,0.0,0.0597261472821667,0.0497737231141981,0.1663816795320343,0.968658357245938,0.404305889529984,0.0079410599641245,5,1780.5121641860987,0.01,0.0360727046129449,0.0987587964459485,0.0765575537088366,16.218329849231104,,-1.0923297263032636,0.5904835978148596,0.5198359530045218,7.896973575455452,0.1933952712356437,1.0,0.8333333333333334,1.0,12,0.001020768557005,0.0406030118269848,0.0072120130146551,0.00619124445765,1.3338303076279605,0.087911316416167,0.288054733725912,0.0662429699804532,0.0657652033246814,1.1313309644857337,3.8584842885208768,1.499190611448058,1.3502744349935014,0.3751878257352263,0.3627643008168282,-1.3761360807313463,1.6468404124923668,0.4344543240485281,0.4988585506248789,0.2593246100785384,0.2551948115453632,0.2096930729270421,0.0142605462626041,0.0101414895457731,-4.250258557394201,0.6236371595854985,0.5904835978148596,-0.0827367488609491,0.3091610320509657,0.1365947486622281,-1.1738929985068156,0.456225615884208,0.4021293752927968,1.4533760307512285,2.658091632425779e-05,1.13613117273429e-05,-10.535317031072577,0.4439001858691126,0.3909603870797408,-1.5793968023702791,0.0442580481197094,0.0453369739407183,0.0597261472821667,0.099430480974631,0.1448288303693832,0.968658357245938,0.0597261472821667,0.968658357245938,5,0.0597261472821667,0.968658357245938,5,0.0225638210433165,0.9683750219936864,4,0.0225638210433165,0.9683750219936864,4,0.0225638210433165,0.9683750219936864,4,0.0225638210433165,0.9683750219936864,4,0.0225638210433165,0.9683750219936864,4,0.6,10.0,164,0.2818105318773346,0.0010830168093914,0.1233945939858019,0.0124563644397702,2,0.3074619904294895,0.001128750296788,0.5138085297040134,0.236028707208816,3,0.263304263193175,0.0014582208490307,0.0043434694467369,0.3357272030832982,93.16502067683172,0.0010207685570050437,0.004089969337378409,0.24957853538807617
10,10.0,0.009827704,2000,1.0,0.6,1.3185252797811354e-05,2,2,2,2,0.2565,0.0,0.0422040002529056,0.0,0.0239876422066529,0.0174632180099542,0.3478579372693996,0.4319287419576798,0.1681851377751905,0.0758120262778122,5,7025.0579674801265,0.01,0.0347326903651091,0.0847368495372274,0.1124424414356053,18.006302505124314,,-2.1758333353643637,0.5974023320012295,0.4989468461822323,32.27806412033053,0.2226073387609002,0.9,0.6,0.8333333333333334,12,0.0026960058463328,0.0589803796962676,0.0089480964331318,0.006252090586799,1.352322615579635,0.0783032991192358,0.3018235701461663,0.0582462229622453,0.0578052072138886,1.0502635808296734,3.8238965627709622,1.4706627732271476,1.34126994533873,0.3701182698817425,0.3596826330087433,-1.3706565054265187,1.6761149150065204,0.4356351083500921,0.5164785647491064,0.2576953510022924,0.2515672983778305,0.1426434745748332,0.0141680144922142,0.0102203600344182,-4.25676835561857,0.6267298204064424,0.5974023320012295,-0.0719415469960745,0.3244444615926001,0.1374664000334056,-1.125640908202126,0.4384165668015252,0.3883114203063986,1.4023541330144742,2.8042175295580515e-05,1.1293553868970068e-05,-10.481800920505195,0.4138586138138445,0.3722366300595482,-1.8233537239847264,0.0139057415098779,0.0144962703133319,0.0239876422066529,0.0297651767124177,0.0428614946554739,0.4319287419576798,0.0239876422066529,0.4319287419576798,5,0.0239876422066529,0.4319287419576798,5,0.0135551484195625,0.4289195338191632,4,0.0135551484195625,0.4289195338191632,4,0.0135551484195625,0.4289195338191632,4,0.0135551484195625,0.4289195338191632,4,0.0135551484195625,0.4289195338191632,4,0.6,10.0,165,0.6086389686202062,0.0016446726100665,0.3348293561556755,0.1389741440688704,3,0.603023102644317,0.001544942139794,0.3849852546843158,0.046187117624923,3,0.6085504162110333,0.0014582208490307,0.0033563817116591,0.4344621602380047,449.7254478350526,0.0026960058463328645,0.0040946144650026205,0.6584272754800468
6,50.0,0.009827704,2000,1.0,0.6,1.3185252797811354e-05,2,2,2,2,0.309,0.0,0.0666305591108396,0.0,0.0556852417585971,0.0461150346882761,0.156763937961536,0.5249247426611612,0.2231402911852454,0.0634911029261916,5,1929.354202861505,0.01,0.0345400707605361,0.0872369284171627,0.1063334666529545,9.426640274577224,,-1.2804224664649446,0.5944083958606252,0.4696694669907168,6.523115671730919,0.1304623134346183,1.0,0.8333333333333334,0.8333333333333334,12,0.0023553838101876,0.0567438233234569,0.0085889418356318,0.0062335580254442,1.3448888068155522,0.0860902091238587,0.296311338123724,0.0644505433957895,0.0638808864537111,1.034686679227132,3.8440078822693766,1.430463096682439,1.346515541644283,0.3576142480027111,0.3495003651526312,-1.433249971327445,1.7095234167483893,0.4264394365678465,0.5362146280135741,0.2518436385317608,0.2418816267948013,0.0675915305366497,0.0141051821898574,0.0101038172535476,-4.261213017925495,0.6231035697192616,0.5944083958606252,-0.065227118727628,0.3252917727279988,0.1307738033169851,-1.1230327371598932,0.4198434693074672,0.3710964791953008,1.4581794362640428,2.783272433068855e-05,1.119991894542901e-05,-10.489298095349495,0.4200770114943916,0.3714634675583156,-1.7785154850500668,0.040822946539086,0.0418369157671454,0.0556852417585971,0.0641577649535133,0.0803383659410616,0.5249247426611612,0.0556852417585971,0.5249247426611612,5,0.0556852417585971,0.5249247426611612,5,0.0207197743510299,0.4966679389810601,4,0.0207197743510299,0.4966679389810601,4,0.0207197743510299,0.4966679389810601,4,0.0207197743510299,0.4966679389810601,4,0.0207197743510299,0.4966679389810601,4,0.6,10.0,166,0.2818105318773346,0.0010830168093914,0.1233945939858019,0.0124563644397702,2,0.2974997532454609,0.0010023084658874,0.5092121497843669,0.0828496943421984,3,0.4500275053682479,0.0014582208490307,0.0043434694467369,0.3357272030832982,93.16502067683172,0.002355383810187685,0.005361979163964246,0.4392750770121029
10,50.0,0.009827704,2000,1.0,0.6,1.3185252797811354e-05,2,2,2,2,0.214,0.0,0.0339694077549506,0.0,0.0246531198680687,0.0180774610664667,0.3859150180612529,0.2039930153658763,0.0861875516096494,0.1349756692771938,5,7330.507265872911,0.01,0.0333175230554338,0.0647548480585022,0.134353135799895,8.274531436895016,,-2.0691821316703845,0.5970653145144702,0.4592644400592837,23.270700993993707,0.1669347273600696,0.9,0.7,1.0,12,0.0035383568898928,0.071880983897629,0.0097869492991003,0.0062485924092074,1.360230488102728,0.0767056130756512,0.3076541619345567,0.0567555266883588,0.0563013807199165,0.9751172817693629,3.8929302067246816,1.511143819217042,1.359162140577728,0.3764324300830657,0.3623404295279183,-1.3951965018362615,1.731029764195671,0.4325152803849751,0.5487164708444356,0.252005962733676,0.2422637456957152,0.0179386793248081,0.014216832096624,0.010260663058448,-4.253328657440934,0.6291855700715816,0.5970653145144702,-0.0771276604463869,0.2909988293807654,0.1421438892165028,-1.2344360345652463,0.4844820487248734,0.4384156979480769,1.4935752783900935,2.5819494036992235e-05,1.180237325073826e-05,-10.564380768516545,0.4607628872491994,0.4145670404471934,-1.458517635179717,0.0144982615514034,0.0150810017799281,0.0246531198680687,0.0236615723776552,0.0309080670854168,0.2039930153658763,0.0246531198680687,0.2039930153658763,5,0.0246531198680687,0.2039930153658763,5,0.0139086036662478,0.1979075334537835,4,0.0139086036662478,0.1979075334537835,4,0.0139086036662478,0.1979075334537835,4,0.0139086036662478,0.1979075334537835,4,0.0139086036662478,0.1979075334537835,4,0.6,10.0,167,0.6086389686202062,0.0016446726100665,0.3348293561556755,0.1389741440688704,3,0.5874647172618859,0.0014568421367163,0.4217158096046436,0.0201267898489038,3,0.6856255362793331,0.0014582208490307,0.0033563817116591,0.4344621602380047,449.7254478350526,0.0035383568898928602,0.004917942340419766,0.7194791327282718
6,2.0,0.009827704,2000,1.0,0.6,2.0531589320912015e-06,0,1,2,2,0.494,0.0,0.168839403241344,0.0009355779017703,0.0445989629317107,0.0490060539776708,0.1121593615268338,0.0984121929506369,0.1740485194657196,0.0873314395339869,5,613.4067534616988,0.01,0.0343191909871528,0.0027585238229424,0.0549817579911492,2.206602720814924,,0.3386049489391617,0.8895241593393434,0.6542351879119677,1.6365836235289284,0.4463409882351623,1.0,0.6666666666666666,0.6666666666666666,1,0.0007293768530272,0.0041293212131273,0.0033999443601,0.0059484248400297,1.2870239097887946,0.0916438173437518,0.2523325063658933,0.0701636295842725,0.0710295464819826,-0.4431094378056309,3.523364106211083,1.4065914198714706,1.2594162451998543,0.367379777041721,0.3729907864683222,1.7368285171156874,1.508879685900758,0.4295151136847018,0.4113674455936114,0.2691310580688025,0.274418415592381,0.0575090113340694,0.0139945418873549,0.0100719185826808,-4.269087890573004,0.6201549109942602,0.5975422807920877,0.4464522155468904,0.1718551875422043,0.1515008962081653,-1.7611030896874047,0.7209397055496252,0.687899852193583,1.7342330520805975,6.459553790743873e-06,8.249078640845067e-06,-11.949950315195656,0.8626478957184314,0.8895241593393434,-1.3286773188194516,0.0445989629317107,0.0455185129854902,0.0569006860158115,0.2542578856234468,0.1694754798230753,0.0984121929506369,0.0445989629317107,0.0984121929506369,5,0.0445989629317107,0.0984121929506369,5,0.0065245990177058,0.0584901091351457,4,0.0065245990177058,0.0584901091351457,4,0.0065245990177058,0.0584901091351457,4,0.0065245990177058,0.0584901091351457,4,0.0065245990177058,0.0584901091351457,4,0.6,10.0,168,0.1863704870216063,0.0027759273134301,0.1008297946857236,0.0107683809685114,3,0.0980277989653116,0.0005151085720672,0.0478600782718673,0.0019771795819239,2,0.2095743956609438,0.0009355779017703,0.0013652277278511,0.6852907267294638,9.503418769947148,0.0007293768530272785,0.003651613364446993,0.19974098575951965
10,2.0,0.009827704,2000,1.0,0.6,2.0531589320912015e-06,0,1,2,2,0.461,0.0,0.1221014863358651,0.0009355779017703,0.0172214767088174,0.0212566762753465,0.3473754815358961,0.0764498010321098,0.1563895926237198,0.0842753785195104,5,4207.59630719583,0.01,0.0346016067409941,0.0026817992488948,0.053136789503316,4.439212869182535,,-0.4712090295857589,0.8828498077310655,0.6496287988432365,4.730732787384687,0.5988269351119857,1.0,0.4,0.6666666666666666,1,0.0006602752842851,0.0040614156942594,0.0034011404099743,0.0059509532682671,1.2799538518655356,0.0779020409494293,0.2468240240515422,0.0600726976884292,0.0607526473649257,-0.4258454361050909,3.574500938438256,1.3969687401210025,1.2738255687616649,0.3600110544931363,0.366126875739088,1.7323533320217648,1.4974194991407686,0.4182378983863266,0.4037432927283056,0.2622832702961024,0.2697090885569543,0.0880788694911967,0.0142650916970203,0.0102847078733327,-4.249939866225144,0.6352241283838961,0.5951657009290092,0.4057174438626796,0.180904985214533,0.152751448449383,-1.7097833291135385,0.7077657714391357,0.666518793381851,1.6940035160356044,7.057536355364746e-06,8.855505290518835e-06,-11.861414525522823,0.8508490750579075,0.8828498077310655,-1.4511580479266606,0.0172214767088174,0.0180339247934618,0.0285146273237603,0.2417182388649205,0.1510007379741292,0.0764498010321098,0.0172214767088174,0.0764498010321098,5,0.0172214767088174,0.0764498010321098,5,0.0050558832715877,0.0589978699518091,4,0.0050558832715877,0.0589978699518091,4,0.0050558832715877,0.0589978699518091,4,0.0050558832715877,0.0589978699518091,4,0.0050558832715877,0.0589978699518091,4,0.6,10.0,169,0.4415315226640814,0.0009760161559715,0.3275163444454159,0.0299732316825643,3,0.3869474217988416,0.0008675315047151,0.0328668987337657,0.0009644836878164,2,0.3023858625939265,0.0009355779017703,0.0008548494504067,1.0944358697606122,31.250679576517506,0.0006602752842851168,0.0024359188185632233,0.27105800047744066
6,10.0,0.009827704,2000,1.0,0.6,2.0531589320912015e-06,0,1,2,2,0.3675,0.0,0.1468963948039237,0.0009355779017703,0.0482669854946193,0.0520788453404267,0.1281875606525043,0.1114490862401356,0.2473561309386063,0.0803614371568745,5,787.0461700840613,0.01,0.0337168583707099,0.0056484116536475,0.1225923278685439,2.309012777534235,,0.219866038884691,0.8006981273986022,0.6267558554688778,2.1617149495345274,0.3505483701947882,1.0,0.6666666666666666,0.6666666666666666,2,0.0010289093264113,0.0070052118598474,0.0037367055179768,0.005976302533436,1.2990810311661964,0.0909632820069042,0.2616571153935845,0.0693952713087909,0.0698521610115659,-0.5823851499527323,3.659100123070506,1.433374652783748,1.2972172491692566,0.3682248782031208,0.3662247300496207,1.630184990046049,1.538471395702238,0.4371755770744372,0.4307893232783829,0.2699997308382018,0.2739098505984833,-0.0146089649930293,0.0145910569504305,0.010192702731983,-4.2273464755874155,0.6219146499469577,0.5815101885966464,0.3780713624130543,0.1819060537817384,0.1522670352886848,-1.704264913188664,0.7110058934687215,0.6605862250037798,1.6785223587955744,9.186266674584331e-06,1.0114079643878864e-05,-11.597800941937273,0.8267696446477529,0.8006981273986022,-1.8122702933356456,0.0473095420172532,0.0482669854946193,0.0606600085094078,0.3941810193512575,0.2364382872244258,0.1114490862401356,0.0482669854946193,0.1114490862401356,5,0.0482669854946193,0.1114490862401356,5,0.0064975949225577,0.078899824831087,4,0.0064975949225577,0.078899824831087,4,0.0064975949225577,0.078899824831087,4,0.0064975949225577,0.078899824831087,4,0.0064975949225577,0.078899824831087,4,0.6,10.0,170,0.1863704870216063,0.0027759273134301,0.1008297946857236,0.0107683809685114,3,0.2472133186570916,0.0011367769070367,0.0438965151635616,0.0009276325376597,2,3.1060947379094985,0.0009355779017703,0.0013652277278511,0.6852907267294638,9.503418769947148,0.002239597015459182,0.0008096079138570149,2.7662736210045473
10,10.0,0.009827704,2000,1.0,0.6,2.0531589320912015e-06,0,1,2,2,0.216,0.0,0.0388359609637106,0.0009355779017703,0.0154965962985353,0.0187449911061321,0.3713055990357614,0.1115473545376725,0.2812161946437964,0.0901103060439049,5,5431.496898275435,0.01,0.0325551547194096,0.0061822690454589,0.1353606886998749,7.198184194048818,,-0.5297184932510348,0.8616733392446743,0.5880338626178034,9.145326303554072,0.7816518208165874,0.9,0.7,0.6666666666666666,2,0.0014226990778451,0.0073842456493443,0.0037120754274981,0.0059615465714991,1.3230778870578674,0.0811819628659134,0.2799607549478539,0.0613952343628067,0.0612431058240799,-0.9564002100629126,3.6339137988985266,1.4263135520756685,1.2903102489712646,0.3666172451625913,0.3670504526216516,1.6561732368508053,1.5601852117675066,0.4271459542194902,0.4448045397061236,0.261560131593326,0.2645244420688373,-0.0686634959780759,0.0143149464454139,0.0099906650666774,-4.246451081590721,0.611880467622327,0.5833008478152475,0.4154941013255397,0.180633689517641,0.150033143620624,-1.7112841132164518,0.7037673135136063,0.6581119920314763,1.705760506916825,6.427779432008876e-06,7.767258929396714e-06,-11.954881424304231,0.8328663916448623,0.8616733392446743,-1.3702673027854213,0.0148269322430219,0.0154965962985353,0.0259114447768391,0.4541990762381185,0.2779021531555983,0.1115473545376725,0.0154965962985353,0.1115473545376725,5,0.0154965962985353,0.1115473545376725,5,0.0040771351700224,0.1032794768122952,4,0.0040771351700224,0.1032794768122952,4,0.0040771351700224,0.1032794768122952,4,0.0040771351700224,0.1032794768122952,4,0.0040771351700224,0.1032794768122952,4,0.6,10.0,171,0.4415315226640814,0.0009760161559715,0.3275163444454159,0.0299732316825643,3,0.5155303668478731,0.0013322813242525,0.0332193777803096,0.0004855741082862,2,4.044710353969271,0.0009355779017703,0.0008548494504067,1.0944358697606122,31.250679576517506,0.002249471144000978,0.0006422686067130244,3.502383769795675
6,50.0,0.009827704,2000,1.0,0.6,2.0531589320912015e-06,0,1,2,2,0.3705,0.0,0.145676561226811,0.0009355779017703,0.0476346194071382,0.0515896000113008,0.1269181851645434,0.1171531322997126,0.2811158506750199,0.0897744412926448,5,807.1172560064655,0.01,0.0331729719478994,0.0065173373396377,0.1398954849585593,2.4594115321546335,,0.2405151629499104,0.8324080598937318,0.5980465062409526,2.5272546566035063,0.4332436554177439,1.0,0.8333333333333334,0.5,2,0.0017692787033567,0.0077455326975848,0.0037980604205524,0.005976253994228,1.3092266755021171,0.093923688374689,0.2694366388590333,0.0714259708975101,0.0715568792346303,-0.674744751062384,3.6031387614302424,1.428146673877727,1.2818053437721368,0.3682956746560767,0.3703568430685511,1.6717181796401075,1.5592949434983694,0.4290853203761932,0.444233759801142,0.2656724480033555,0.2656548132222635,-0.0654522261129694,0.0140461872225198,0.0099965558671962,-4.265404292093085,0.6193872796038546,0.5917314573886377,0.4410583563977561,0.17554125649889,0.1526853838784414,-1.7398811839373798,0.7168416868951493,0.6811389821849863,1.714542530994239,8.614003848083201e-06,1.0052545253739984e-05,-11.662121324608146,0.8490319717486562,0.8324080598937318,-1.688993738130318,0.0466579988581702,0.0476346194071382,0.0604761817685941,0.4569863111030247,0.2692081086223223,0.1171531322997126,0.0476346194071382,0.1171531322997126,5,0.0476346194071382,0.1171531322997126,5,0.0076457953265323,0.0838960533679047,4,0.0076457953265323,0.0838960533679047,4,0.0076457953265323,0.0838960533679047,4,0.0076457953265323,0.0838960533679047,4,0.0076457953265323,0.0838960533679047,4,0.6,10.0,172,0.1863704870216063,0.0027759273134301,0.1008297946857236,0.0107683809685114,3,0.2331323632444536,0.0010610547544448,0.0467717924580792,0.0010547657168086,2,2.7345833021582897,0.0009355779017703,0.0013652277278511,0.6852907267294638,9.503418769947148,0.0021781935736756384,0.000914411646409737,2.3820711188750714
10,50.0,0.009827704,2000,1.0,0.6,2.0531589320912015e-06,0,1,2,2,0.154,0.0,0.0362875225462729,0.0009355779017703,0.0224920196194987,0.0157864499328693,0.4938719136798996,0.2375773885822724,0.6970002856526042,0.06118709706307,5,6971.815654613427,0.01,0.0341029840264211,0.0165435762873564,0.0231119612131718,10.56274147904053,,-0.796786046619668,0.8514234498141445,0.5059244556934807,1.880921986327505,0.170992907847955,1.0,1.0,0.6666666666666666,12,0.0018292258506521,0.0141494396466551,0.0041272156102174,0.0059564414608696,1.3768524563659073,0.0748325981649904,0.3198000653970589,0.0551525684975793,0.0542687929668375,-1.7870015517950149,3.8310810932881583,1.44830228121689,1.3431470331499642,0.3655437629191075,0.3541877764853496,1.5164938966561643,1.6494469066917066,0.4237403234774828,0.500440023652075,0.2531848465734086,0.2489027468784482,-0.2906774160684077,0.0141108887059671,0.0099891804494796,-4.260808530978425,0.6180725142340114,0.5892971196266484,0.4345609426330208,0.1509600526269035,0.1361712011657736,-1.890740029307015,0.6977043555386834,0.7081706935138075,1.9777924483151896,3.951207656945827e-06,4.563121862368187e-06,-12.441489289843298,0.7763090203687127,0.8514234498141445,-0.8432746513879722,0.0121965567148643,0.0126707734642449,0.0224920196194987,0.869970349738669,0.9834531186368708,0.2375773885822724,0.0224920196194987,0.2375773885822724,5,0.0224920196194987,0.2375773885822724,5,0.012170127254642,0.235376166326546,4,0.012170127254642,0.235376166326546,4,0.012170127254642,0.235376166326546,4,0.012170127254642,0.235376166326546,4,0.012170127254642,0.235376166326546,4,0.6,10.0,173,0.4415315226640814,0.0009760161559715,0.3275163444454159,0.0299732316825643,3,0.4332444288796886,0.0009494620342487,0.0557439389432267,0.0014233319392863,2,1.9438884203783424,0.0009355779017703,0.0008548494504067,1.0944358697606122,31.250679576517506,0.001829225850652154,0.0010092222051841912,1.8125105068593943
6,2.0,0.009827704,2000,1.0,0.6,1.5571549070262609e-06,0,1,2,2,0.4805,0.0,0.1728853523321816,0.0017807867488581,0.0433807360982708,0.0479492079154144,0.0906549884764333,0.1007334055946939,0.1817090021302066,0.0884682690626908,5,607.2453316760474,0.01,0.0332506646453655,0.0030469312197187,0.062477799214588,2.3220769091262383,,0.3872330521687053,0.9517953371174692,0.6129044048279109,4.293231061079105,1.1708811984761196,0.8333333333333334,0.5,0.8333333333333334,1,0.0010031464790869,0.0044060988042127,0.0034029523251258,0.0059435881700521,1.297469981268512,0.09451288938681,0.2604161999663865,0.072169306468308,0.0726537345405342,-1.4440546159806582,3.576498184930903,1.4024425232513966,1.2743841610674738,0.3628775238625678,0.3670493392611992,-0.1810636889743135,1.5409187394710997,0.4266716756198117,0.4323788226121484,0.2650068849332916,0.2673042698420139,1.0101430623751395,0.0141875073668619,0.0101725439908087,-4.255393464490467,0.6244494918917043,0.5946089138692428,1.044571512457869,0.1790912583610504,0.1531119804308707,-1.7198597798110071,0.722708262157258,0.6693400392913302,1.6729214530301524,5.475844654924077e-06,7.639763977558639e-06,-12.115164019288876,0.8736192322923383,0.9517953371174692,-1.439398439945896,0.0433807360982708,0.0442888909832202,0.0561779966647522,0.264504070481892,0.179889530314034,0.1007334055946939,0.0433807360982708,0.1007334055946939,5,0.0433807360982708,0.1007334055946939,5,0.0069771072438553,0.0625369877174982,4,0.0069771072438553,0.0625369877174982,4,0.0069771072438553,0.0625369877174982,4,0.0069771072438553,0.0625369877174982,4,0.0069771072438553,0.0625369877174982,4,0.6,10.0,174,0.1166658127924213,0.00056370138782,0.0310644055797542,0.0007608842850574,2,0.087231007478139,0.0004513319159436,0.051430911005789,0.002197162062494,2,0.2553844041210473,0.0017807867488581,0.0002343400724744,7.599155919234011,4.111608380925129,0.001003146479086961,0.00425197536954155,0.23592480950686237
10,2.0,0.009827704,2000,1.0,0.6,1.5571549070262609e-06,0,0,2,2,0.0915,0.0,0.0580501491836343,0.0,0.0292337377497232,0.0336432965085458,0.5108605748080217,0.0546954932106318,0.1248574704010562,0.0853391968735284,5,2083.3331015758636,0.01,0.041924652589847,0.0007576623665457,0.0118735500217573,1.8709716040724065,,-1.0246482012486895,0.8242324558071981,0.7416889480268885,4.274601875275964,0.8905420573491593,0.9,0.3,0.6666666666666666,1,0.0012590484834204,0.0018963787112918,0.0031554271947123,0.0059398976677756,1.2008658461654558,0.052655644278202,0.1830428350814326,0.0422346895129649,0.0438080264350692,-0.6355689022998269,3.2807415520388217,1.3384759542494862,1.1880694797818212,0.3574602013084841,0.3817345136501842,0.057658833329657,1.3755054325074831,0.3609575497602953,0.3188212508530523,0.236466198153817,0.2548409003567552,1.6122914861941902,0.0142716001600127,0.0101262504796074,-4.249483719231104,0.621419972511425,0.5898160645125904,1.040153895162451,0.1783513481264695,0.1580994882177912,-1.7239998083245625,0.7231397781418254,0.6907494728824948,1.6776482517334823,8.556482155814314e-06,9.901363561248956e-06,-11.668821415384908,0.8541190287169454,0.8242324558071981,-1.994837612424789,0.0292337377497232,0.0305247340194865,0.0411714177564276,0.2242219715870489,0.095654946405488,0.0546954932106318,0.0292337377497232,0.0546954932106318,5,0.0292337377497232,0.0546954932106318,5,0.01987466922258,0.0058001673281384,4,0.01987466922258,0.0058001673281384,4,0.0182490353908533,0.0056762487113535,3,0.0182490353908533,0.0056762487113535,3,0.0182490353908533,0.0056762487113535,3,0.6,10.0,175,0.3675597850304534,0.0008029175773437,0.0224923819676597,0.000407692841686,2,0.406907723688007,0.0012802118421,0.0229184265306355,0.0007377731016707,2,2.1759465704691743,0.0017807867488581,0.0001569896741932,11.343336802302336,9.325457369944097,0.00125904848342047,0.0005971284565697519,2.108505246347103
6,10.0,0.009827704,2000,1.0,0.6,1.5571549070262609e-06,0,1,2,2,0.3815,0.0,0.1289930334623535,0.0017807867488581,0.0397858957770892,0.043451228564865,0.0707315314164347,0.1152738063147576,0.2391069882618006,0.0983675187976747,5,727.8585810947593,0.01,0.0323837842265887,0.0048324236854055,0.1096717859803823,2.8973535486195607,,0.3592380038292823,0.9542099642949304,0.586948040822245,1.3147545723429572,0.3429794536546844,1.0,0.6666666666666666,0.6666666666666666,2,0.0001771696099928,0.0061258040941705,0.0035546453730942,0.0059486344841777,1.318042534145676,0.0940949116791274,0.2761477072937946,0.0713061534868286,0.0712088351897229,-1.6821539460440451,3.7112197648230065,1.4246726042582318,1.3113606001641638,0.3626562740227174,0.359660284298147,-0.2831341674421961,1.5672942271828476,0.4285559489177276,0.4493507103831851,0.2637455191014945,0.2641000062423925,0.9506245997282388,0.01440518373793,0.0102473758438516,-4.2401671553773905,0.6281550155763285,0.5896875171458066,1.014169791355234,0.1712508151115191,0.1473215252093254,-1.764626042075836,0.7074351835013916,0.6772586975468274,1.7723184364456743,5.298971057888852e-06,7.343387072336344e-06,-12.147997896274784,0.8596579455621802,0.9542099642949304,-1.424580892207709,0.0389823895355225,0.0397858957770892,0.0515854003819834,0.3624532437315597,0.2395939147390846,0.1152738063147576,0.0397858957770892,0.1152738063147576,5,0.0397858957770892,0.1152738063147576,5,0.0060015742992144,0.0885620985710782,4,0.0060015742992144,0.0885620985710782,4,0.0060015742992144,0.0885620985710782,4,0.0060015742992144,0.0885620985710782,4,0.0060015742992144,0.0885620985710782,4,0.6,10.0,176,0.1166658127924213,0.00056370138782,0.0310644055797542,0.0007608842850574,2,0.2539001498375566,0.0028748439528855,0.081754566051477,0.0062132909461832,3,3.979826554041791,0.0017807867488581,0.0002343400724744,7.599155919234011,4.111608380925129,0.0023939891110834367,0.0006489317319184113,3.6891232056200747
10,10.0,0.009827704,2000,1.0,0.6,1.5571549070262609e-06,0,0,2,2,0.208,0.0,0.2073665841528617,0.0,0.0183486206320536,0.0224228631202938,0.2285365534571148,0.0701170864603011,0.1277935030682867,0.0395789134990489,5,2354.894871822536,0.01,0.0352853570558342,0.0010286032981969,0.0206851710045721,3.8213818829417594,,-0.2043241552001261,1.0016044159401245,0.66501708277408,1.4817070667493968,0.5487803950923691,1.0,0.7,0.8333333333333334,1,0.0009292583333438,0.0022060760158979,0.0031353343492417,0.0059202427433832,1.2748278240695128,0.0851870628848884,0.2428111295461949,0.0657110084456333,0.0666769245773036,-1.3180645338771548,3.495556212969115,1.427617241661336,1.251492508365161,0.3719826394817331,0.3807748538985519,-0.1150921733168962,1.487554983098806,0.4193598364622155,0.3971338211822858,0.2641007752335668,0.2720799913033518,1.1470616375849656,0.0141268834126751,0.0101426166208725,-4.25967567188803,0.621000158316138,0.5960910920870064,1.057269227397178,0.1435868703098547,0.1199215268618942,-1.9408150589308353,0.6463564257414839,0.6763077965322878,2.212385269511936,3.1668629866311983e-06,4.330920193678612e-06,-12.662769054169274,0.7443324963144855,1.0016044159401245,-0.953715078547364,0.0183486206320536,0.0191972719428464,0.0297226967859815,0.1883226098451393,0.1249408128994197,0.0701170864603011,0.0183486206320536,0.0701170864603011,5,0.0183486206320536,0.0701170864603011,5,0.0058895943763073,0.049751314288284,4,0.0058895943763073,0.049751314288284,4,0.0058895943763073,0.049751314288284,4,0.0058895943763073,0.049751314288284,4,0.0058895943763073,0.049751314288284,4,0.6,10.0,177,0.3675597850304534,0.0008029175773437,0.0224923819676597,0.000407692841686,2,0.2997332582769457,0.001793306354769,0.0410198998818232,0.0012075957582204,3,0.9644433230639692,0.0017807867488581,0.0001569896741932,11.343336802302336,9.325457369944097,0.0009292583333438439,0.001066393022529284,0.8714032384981456
6,50.0,0.009827704,2000,1.0,0.6,1.5571549070262609e-06,0,0,2,2,0.2325,0.0,0.4978011659407703,0.0,0.1099079013021277,0.1169666939097063,0.2203566486945338,0.1054550149380817,0.142996963674482,0.068580687516205,5,245.04144618773591,0.01,0.0389876291375415,0.0009636167054229,0.0169118270177601,0.9594852934930918,,0.0866481406563262,0.8538861817460429,0.7206731868534885,1.742318311886139,0.6969273247544556,0.8333333333333334,0.8333333333333334,0.6666666666666666,1,0.0010291412865282,0.0021450210130994,0.0031741622996276,0.0059360558491249,1.2286220760267468,0.0756506827396999,0.2058932780273686,0.0592824777699537,0.0614629009593124,-0.8382493456414102,3.339106608759343,1.3831570442481105,1.2057032888014272,0.3669490587205542,0.3864365257910167,0.0081126496413568,1.4319483579335446,0.4042269744835615,0.3590360049926026,0.2587476219131639,0.2726911929102781,1.318032148063606,0.0146914338191704,0.0102876403161174,-4.220490688442304,0.620312334447511,0.5831585666069348,0.9952718007785204,0.1612336343298545,0.1452112646100448,-1.824900820985004,0.7140671624434998,0.7023137954333443,1.8402683477592192,6.795287338681807e-06,8.254305067449767e-06,-11.899281224473503,0.8638912578572494,0.8538861817460429,-1.705502795037146,0.1099079013021277,0.1120340108204155,0.1289581696065758,0.1934276086663149,0.1301082674190494,0.1054550149380817,0.1099079013021277,0.1054550149380817,5,0.1099079013021277,0.1054550149380817,5,0.0682039110185779,0.0009304641143538,4,0.0682039110185779,0.0009304641143538,4,0.0682039110185779,0.0009304641143538,4,0.0682039110185779,0.0009304641143538,4,0.0682039110185779,0.0009304641143538,4,0.6,10.0,178,0.1166658127924213,0.00056370138782,0.0310644055797542,0.0007608842850574,2,0.1316521170737197,0.0007814368009895,0.0340177406186013,0.0012635975262534,2,0.9048017626148676,0.0017807867488581,0.0002343400724744,7.599155919234011,4.111608380925129,0.001029141286528233,0.0010970372010631957,0.9381097427970889
10,50.0,0.009827704,2000,1.0,0.6,1.5571549070262609e-06,0,0,2,2,0.2615,0.0,0.2165176321631491,0.0,0.01927529129989,0.0234054901682309,0.3074858194461033,0.067375085343434,0.1269541075911812,0.0424976464680483,5,2871.4364230725996,0.01,0.0361832017090676,0.0011502364880516,0.0223568878427982,3.495412043076018,,-0.2629393681779708,0.9431663602886974,0.6804630726345223,1.4058798335915772,0.3799675225923181,1.0,0.8,0.8333333333333334,1,0.0008163334100085,0.0023549743301203,0.0031713077401289,0.0059271341938846,1.2653247353037669,0.0813049475277098,0.2353287969857003,0.0630455231568307,0.0641271969892957,-1.255109216242955,3.4728170805191403,1.3851597294817988,1.244966103362247,0.3644410385041602,0.3729339537416127,-0.0995658599814357,1.462830986762406,0.4086109134320521,0.3803735902533101,0.2588301819727922,0.269893797256564,1.235173178873923,0.0144045732677004,0.0102251359506193,-4.240209534785836,0.6202039441733999,0.5902816100670372,1.0272398724315612,0.1611251225135091,0.1416987564355993,-1.825574057359946,0.6991042353540597,0.6927140633549398,1.880618607507225,4.325234819457491e-06,5.7617246056521015e-06,-12.351044125538088,0.8140364826086738,0.9431663602886974,-1.254988044940267,0.01927529129989,0.0201844475313694,0.0307567316734333,0.1921963147326582,0.1212909226974512,0.067375085343434,0.01927529129989,0.067375085343434,5,0.01927529129989,0.067375085343434,5,0.0065308353059566,0.0448997512933832,4,0.0065308353059566,0.0448997512933832,4,0.0065308353059566,0.0448997512933832,4,0.0065308353059566,0.0448997512933832,4,0.0065308353059566,0.0448997512933832,4,0.6,10.0,179,0.3675597850304534,0.0008029175773437,0.0224923819676597,0.000407692841686,2,0.2987818119014243,0.0008145640074705,0.0334480043667026,0.0008865615919703,2,0.8009811553186427,0.0017807867488581,0.0001569896741932,11.343336802302336,9.325457369944097,0.0008163334100085564,0.001155146062528985,0.7066928040436211
6,2.0,0.009827704,2000,1.0,0.6,1.200219705713929e-06,2,2,2,2,0.064,0.0,0.0126213591907413,0.0,0.0447863455168463,0.036612045990088,0.182176290751758,0.0503054973314037,0.0369838753138259,0.2865844488331583,5,2247.9060129932827,0.01,0.0254200784858648,0.0289554017602666,0.4481113997727064,1.1232329128636165,,-1.4960115008448742,0.8036676737388144,0.4079224268271294,17.79068554305914,0.6508787393802125,1.0,0.3333333333333333,0.6666666666666666,12,0.0140337457674077,0.2346287524143487,0.0202024653151657,0.0061687195477579,1.429714594187274,0.0598139821720183,0.3574748398677584,0.0431286578094042,0.0417982351670742,0.5789278387510052,4.831604982182088,1.3435863681450424,1.5751787069145462,0.3007697367215864,0.2667744837724909,0.4080536801239107,1.9912718428315592,0.3672271131198994,0.6887735515888926,0.1997897381194164,0.18101491953232,0.5778420563774498,0.0139939864271077,0.00998349305041,-4.269127582566879,0.6155372347332643,0.5939401278187272,0.0958359743656603,0.1764908320322205,0.1503916785726436,-1.734486347118102,0.707535880014939,0.6717744052914558,1.7294680848217547,9.54806945661947e-06,1.0670818553615609e-05,-11.559171575046252,0.8428634174887106,0.8036676737388144,-2.46046312101982,0.0319640322493643,0.0330857602040533,0.0447863455168463,0.0292478826786472,0.0313982459314268,0.0503054973314037,0.0447863455168463,0.0503054973314037,5,0.0447863455168463,0.0503054973314037,5,0.0205513828637796,0.0264018558446504,4,0.0205513828637796,0.0264018558446504,4,0.0205513828637796,0.0264018558446504,4,0.0205513828637796,0.0264018558446504,4,0.0205513828637796,0.0264018558446504,4,0.6,10.0,180,0.1083958989562258,0.0002434398412822,0.1432068091600174,0.0003380454000133,2,0.164141494674727,0.0004172051384948,0.2211626357992562,0.0006126791334681,2,0.7154853890221603,0.007097396885755,0.0131941245728415,0.5379210152649412,65.97503170703375,0.014033745767407757,0.018699433316769924,0.7504904308956833
10,2.0,0.009827704,2000,1.0,0.6,1.200219705713929e-06,2,2,2,2,0.022,0.0,0.0029523463455841,0.0,0.0173525888822167,0.0128301663764778,0.6231950916344777,0.0191911211802489,0.0124945891183995,0.68285400451565,5,11589.147533328336,0.01,0.023825886086501,0.026404591370027,0.5301692070696401,1.1059514698649038,,-2.723267070424992,0.8380613279051058,0.433919423323185,131.88398642868034,0.950172812886746,1.0,0.5,0.8333333333333334,12,0.0159428139112253,0.2755645786313559,0.0220487663452362,0.0061059524340109,1.4486180623173952,0.0418724065888229,0.3706100415108216,0.0294188280205267,0.0288927160688369,0.4022314893887144,5.093719799658657,1.2140021728243828,1.6280083690880918,0.2574385579236116,0.2311314105120885,0.2715231794700261,2.063668045198841,0.2835263400337294,0.724485003870139,0.1440227752686554,0.1360275708542576,0.5536309148886588,0.0139499729732489,0.0099595552182708,-4.272277708118145,0.6213816826752898,0.5930727107226424,0.1000041326173835,0.1867895362320854,0.1575145124603068,-1.677772770644537,0.7280181931054198,0.6604040446319457,1.602909320027896,5.705785885266866e-06,6.534396752826175e-06,-12.074029830365834,0.7945523957906543,0.8380613279051058,-1.9620809247158535,0.0102961921854922,0.0108417180617244,0.0173525888822167,0.0087486602577486,0.009543985917201,0.0191911211802489,0.0173525888822167,0.0191911211802489,5,0.0173525888822167,0.0191911211802489,5,0.00832386547987,0.0103778090541495,4,0.00832386547987,0.0103778090541495,4,0.00832386547987,0.0103778090541495,4,0.00832386547987,0.0103778090541495,4,0.00832386547987,0.0103778090541495,4,0.6,10.0,181,0.3981143229257343,0.0006632811674277,0.4211729241928671,0.000906068836975,3,0.4361774569946462,0.0007767734263667,0.4718948199787494,0.0010176301612134,3,0.9513103098206648,0.007097396885755,0.0094950817782046,0.7474813857892889,988.8743977528362,0.01594281391122537,0.016098532103228404,0.9903271807016613
6,10.0,0.009827704,2000,1.0,0.6,1.200219705713929e-06,2,2,2,2,0.191,0.0,0.0401957803301397,0.0,0.0475330469248259,0.0384717427785015,0.1655633483389762,0.0848414316548399,0.0533633119664827,0.3923667694080835,5,1864.863220708156,0.01,0.0282319354150616,0.0375552475075035,0.1946124662625587,1.7848936086301734,,-0.8476073737265784,0.7946630544668553,0.4136799900030351,3.3688726966192224,0.1757672711279594,1.0,0.8333333333333334,0.6666666666666666,12,0.0050273873946246,0.1181402672861766,0.0111308247128833,0.0061034373182587,1.406671990144264,0.0717313786150596,0.3412266238353966,0.0524307598641378,0.0509250079336388,0.7861148072809764,4.502433082478855,1.40681792255781,1.5046179356541096,0.3287073888519236,0.2971406522365879,0.5880335391141862,1.8619973704776855,0.4004183973569442,0.6216497666507018,0.2263556176882089,0.209886047804018,0.8065657920083372,0.0140368224392932,0.010189312016238,-4.26607122798682,0.6277901873010042,0.6003967552145385,0.0890970537615754,0.1854147768646558,0.1518906078133713,-1.6851599264123578,0.6971169415117796,0.6519981808753438,1.6845585478093328,9.67626427415822e-06,1.0640146193625388e-05,-11.545834653253976,0.8421457016111195,0.7946630544668553,-2.4783968766770266,0.0335443790882089,0.0343378023224698,0.0475330469248259,0.0362572525422057,0.0389912517024025,0.0848414316548399,0.0475330469248259,0.0848414316548399,5,0.0475330469248259,0.0848414316548399,5,0.0214671151527051,0.0599378404450942,4,0.0214671151527051,0.0599378404450942,4,0.0214671151527051,0.0599378404450942,4,0.0214671151527051,0.0599378404450942,4,0.0214671151527051,0.0599378404450942,4,0.6,10.0,182,0.1083958989562258,0.0002434398412822,0.1432068091600174,0.0003380454000133,2,0.1785608752777531,0.0005159232122496,0.2827471588805361,0.0012743529506375,2,0.55323124546475,0.007097396885755,0.0131941245728415,0.5379210152649412,65.97503170703375,0.005027387394624649,0.009036933321387573,0.5563156455660028
10,10.0,0.009827704,2000,1.0,0.6,1.200219705713929e-06,2,2,2,2,0.005,0.0,0.0009928868199362,0.0,0.0189158124215935,0.0146287665750944,0.6227241313675429,0.0186006111334881,0.0121852442789441,0.6675194824473096,5,12076.462716393084,0.01,0.0219046133610275,0.0236401535969674,0.846642281166589,0.9833366243500324,,-3.528772044083276,0.8429500733381766,0.4081527907608228,101.2359057446133,0.501167850220858,1.0,0.5,0.6666666666666666,12,0.0255420158099187,0.3606782732577567,0.0316438041951069,0.0061017883851881,1.4610851538573109,0.0345450905963696,0.3791794157088953,0.0240957090811098,0.0236366736460077,0.1354517022805494,5.6097833886819375,1.0449324491568828,1.724512107146008,0.2075136636524565,0.1826408195967752,-0.1281997620015691,2.163702548569722,0.2318551833134469,0.7718208970862854,0.1134294894702467,0.1064994881102747,0.2856361936561621,0.0140315296757255,0.010132992357484,-4.266448361892559,0.6197869257682611,0.5993501105645332,0.0908560468662438,0.1779148418977671,0.1489412894145899,-1.7264502594723248,0.704655491513376,0.6626813110979538,1.7251332748369828,4.443080714342101e-06,5.015419978798219e-06,-12.324162567544386,0.7564490434564872,0.8429500733381766,-1.7302465692983058,0.0119579487803356,0.0130125385233542,0.0189158124215935,0.0082028528467676,0.0097522688565766,0.0186006111334881,0.0189158124215935,0.0186006111334881,5,0.0189158124215935,0.0186006111334881,5,0.0148440789737984,0.0147477790345376,4,0.0148440789737984,0.0147477790345376,4,0.0148440789737984,0.0147477790345376,4,0.0148440789737984,0.0147477790345376,4,0.0148440789737984,0.0147477790345376,4,0.6,10.0,183,0.3981143229257343,0.0006632811674277,0.4211729241928671,0.000906068836975,3,0.4083555634452043,0.0006894839953141,0.4500116418876573,0.0007790181009947,3,0.9949433399967694,0.007097396885755,0.0094950817782046,0.7474813857892889,988.8743977528362,0.025542015809918765,0.022993138950425866,1.1108538014313043
6,50.0,0.009827704,2000,1.0,0.6,1.200219705713929e-06,2,2,2,2,0.102,0.0,0.0222029822308115,0.0,0.0429686976061614,0.0346641381806937,0.1574592751822755,0.0551521844253117,0.0385491254095904,0.3003748412995197,5,2101.7732202775765,0.01,0.0263689269740101,0.0313175805907306,0.309940688357118,1.2835433117107875,,-1.2122531182100955,0.7961662683819494,0.396205818898987,5.215210125915907,0.2388645859198125,1.0,0.8333333333333334,0.6666666666666666,12,0.0090568942408647,0.1797194798372312,0.0151811181721696,0.0061242239313048,1.4210962271865115,0.0652924220787037,0.3514285647578247,0.0475224273622659,0.045894470861803,0.6526319778940887,4.694096753292614,1.3565072376049123,1.5463057093366892,0.3090163978422954,0.276520249446063,0.4905991933618028,1.9517687190830864,0.3732628715564822,0.6687359968948203,0.2051213589648785,0.1875018116647999,0.6605088250965913,0.0136986756714771,0.0100487177121315,-4.29045611713608,0.6258049175558884,0.606508369782853,0.1283453404807009,0.1712489851903572,0.1472353966992527,-1.764636727753085,0.6991593397786398,0.6791914250704653,1.7933123862495528,8.913576579122957e-06,9.827320811023176e-06,-11.627934985227409,0.8415449505690696,0.7961662683819494,-2.3826070648403057,0.0300855642686973,0.0309381526672224,0.0429686976061614,0.0292964805911991,0.0311987112122602,0.0551521844253117,0.0429686976061614,0.0551521844253117,5,0.0429686976061614,0.0551521844253117,5,0.01856544108124,0.0309152834734189,4,0.01856544108124,0.0309152834734189,4,0.01856544108124,0.0309152834734189,4,0.01856544108124,0.0309152834734189,4,0.01856544108124,0.0309152834734189,4,0.6,10.0,184,0.1083958989562258,0.0002434398412822,0.1432068091600174,0.0003380454000133,2,0.1620483656351703,0.0004368461603307,0.2377758688988497,0.0007501529199059,2,0.6476433944754056,0.007097396885755,0.0131941245728415,0.5379210152649412,65.97503170703375,0.009056894240864768,0.013783351291700795,0.657089415280164
10,50.0,0.009827704,2000,1.0,0.6,1.200219705713929e-06,2,2,2,2,0.007,0.0,0.0005576991339133,0.0,0.0185544415249356,0.0141905272943278,0.6475822181199516,0.0184928933528942,0.0121561525659587,0.6919169993462395,5,12046.02801405158,0.01,0.0221950590940158,0.0240295208097876,0.7817545991543701,0.9966828334898284,,-3.38393697368833,0.8741903559596367,0.4386512988219988,52.30194729301267,0.2633532089275562,1.0,0.9,0.8333333333333334,12,0.0235587375785163,0.3470234712205367,0.0296594280010554,0.0061006904225391,1.4592551529669466,0.0359800870427339,0.377926136338939,0.025062545586975,0.0246488178357186,0.1802324575120981,5.4856195718197664,1.0816235907578984,1.702130044835628,0.2196376326510137,0.1928844620109068,-0.0192186554325404,2.1547536054927177,0.2400677717826183,0.7676763808205549,0.1181162237250499,0.1106734387627982,0.3093908925791648,0.0137019652584225,0.0099908334844898,-4.29021600691606,0.6216062921222792,0.604156291479812,0.1288259723446208,0.1913660550747674,0.1580967734757295,-1.6535671663983234,0.7253393852300368,0.6495455215032157,1.5754577317898149,4.580117174074774e-06,5.446181766706375e-06,-12.29378597630632,0.773943320379262,0.8741903559596367,-1.7303850530958365,0.0115402021702701,0.0124769381877776,0.0185544415249356,0.0083218104471102,0.0096537538978718,0.0184928933528942,0.0185544415249356,0.0184928933528942,5,0.0185544415249356,0.0184928933528942,5,0.0137830223082804,0.0139916578899229,4,0.0137830223082804,0.0139916578899229,4,0.0137830223082804,0.0139916578899229,4,0.0137830223082804,0.0139916578899229,4,0.0137830223082804,0.0139916578899229,4,0.6,10.0,185,0.3981143229257343,0.0006632811674277,0.4211729241928671,0.000906068836975,3,0.4153831590901194,0.0007106954395856,0.4562353911494639,0.00081589485985,3,0.98875360502663,0.007097396885755,0.0094950817782046,0.7474813857892889,988.8743977528362,0.023558737578516304,0.02209764155130746,1.066119998544478
6,2.0,0.009827704,2000,1.0,0.6,9.192017155405002e-06,0,0,2,2,0.433,0.0,0.6873618302091933,0.0,0.1134921355345846,0.1200923928480983,0.3350416099597714,0.1115384500573356,0.1621003096539128,0.0012053795664007,5,533.6213863459374,0.01,0.039780131950778,0.0020780488038281,0.0343951151260054,0.9827857193095672,,-0.7592586695684231,0.6000050841836637,0.7330577992383749,4.947982152916732,0.6316572961170297,1.0,0.3333333333333333,0.8333333333333334,1,1.2512782853260627e-05,0.0034413238296523,0.0034538366125056,0.005991902758665,1.2146990095024328,0.0655209036880624,0.1944963172980808,0.051845556971262,0.0538657442232599,-0.9004925125370454,3.322202060509394,1.3790243818716736,1.2006278342990149,0.3689705484362329,0.3870137815654614,-1.3067583147084574,1.4302696269572728,0.4111446689582354,0.3578629768182096,0.2623342462152503,0.2773945711876369,-0.481269150801979,0.0143138165604024,0.0101321207843261,-4.246530015145189,0.6175384846059587,0.5893010013178049,-0.8661825170741614,0.2047586509942055,0.148991676285209,-1.5859233056435762,0.6402647739035521,0.6000050841836637,1.6791454499721323,1.757899530743949e-05,1.2627202346171697e-05,-10.948805817087822,0.6630074532792984,0.5893822456533412,-0.9779216369046874,0.1134921355345846,0.1155356396797087,0.1312494033300016,0.2348722560976399,0.1398902228067627,0.1115384500573356,0.1134921355345846,0.1115384500573356,5,0.1134921355345846,0.1115384500573356,5,0.0668195391661394,0.0017382714889712,4,0.0668195391661394,0.0017382714889712,4,0.0668195391661394,0.0017382714889712,4,0.0635545896374074,0.0015243497223149,3,0.0635545896374074,0.0015243497223149,3,0.6,10.0,186,0.3114266471524861,0.0022848525803874,0.0041599164535743,0.0001033191415417,2,0.1939684567206407,0.0009879184175294,0.0321994554097487,0.0012909187532764,2,0.0058764543957392,0.0017223278059426,0.0002284801905182,7.538193145042522,9.379664662661872,1.2512782853260629e-05,0.002066252240492844,0.006055786707955884
10,2.0,0.009827704,2000,1.0,0.6,9.192017155405002e-06,0,0,2,2,0.1795,0.0,0.0684963595712524,0.0,0.1442110056973378,0.1526275795625952,0.6861210246464033,0.1154726823775245,0.1971375575483246,0.0034874809629933,5,1501.056130790923,0.01,0.0462531581829927,0.0012814199979555,0.016647158320172,0.8007203182527708,,-2.6510086991377566,0.5959656745788429,0.8433120890315433,13.990857212534408,1.07621978557957,0.8,0.3,0.8333333333333334,1,0.0008698570795357,0.0024861229231292,0.0033559800026649,0.0059982285731424,1.173707126793067,0.0300616413235126,0.160167224179347,0.0247871706617814,0.0256045207813534,-0.4985418832514897,3.0895087597977287,1.3179316116244348,1.1280121008596675,0.3590916866461036,0.3982071999751788,-1.1404875519044089,1.3001247754268206,0.3282394928170298,0.2624602409591545,0.2213358940909868,0.2459426882415895,-0.1393838273269566,0.0139328916195742,0.0100036538070848,-4.273502930566488,0.6216897854392501,0.5959656745788429,-0.817012174658751,0.2225442536975607,0.14667121034742,-1.502629304129692,0.5837959197224447,0.5599642906764787,1.69888765381443,2.2837067037790153e-05,1.3057457449677497e-05,-10.687125594828908,0.5773066709284527,0.4935850804160248,-1.5763711075540272,0.1442110056973378,0.1475731615513371,0.1660985714391105,0.3526977653014695,0.1232422249659799,0.1154726823775245,0.1442110056973378,0.1154726823775245,5,0.1442110056973378,0.1154726823775245,5,0.1377129493302584,0.0514715093183126,4,0.1377129493302584,0.0514715093183126,4,0.1377129493302584,0.0514715093183126,4,0.1377129493302584,0.0514715093183126,4,0.1377129493302584,0.0514715093183126,4,0.6,10.0,187,0.6294716420250105,0.0043936414956154,0.5040283743203648,0.0673530095200555,3,0.5886294667867821,0.0024752480569566,0.4961592182168334,0.1492746330329369,3,1.062396790837964,0.0017223278059426,0.0001807610473117,9.528202184908857,15.153317176424206,0.0008698570795357668,0.000749849204169864,1.160042678846022
6,10.0,0.009827704,2000,1.0,0.6,9.192017155405002e-06,0,0,2,2,0.4445,0.0,0.8543081670018664,0.0,0.0929898643705298,0.0989617168841615,0.2772523097478185,0.1042597465985373,0.1587628487572592,0.0117053258837468,5,472.2607631146992,0.01,0.0387262847542736,0.0019995066725265,0.0346179745229508,1.121194737773799,,-0.261645327051147,0.6948847217158928,0.7295251081580946,2.7320958127150816,0.4967446932209239,1.0,0.8333333333333334,0.8333333333333334,1,5.342417998687593e-05,0.0033491378776638,0.0034025620576506,0.0059741699425602,1.233147668681364,0.0757615777321791,0.2095699807429484,0.0593123904137935,0.0613271873637771,-1.0412697730597469,3.3667820935032875,1.3904979162736115,1.2139574197903764,0.3669518030681703,0.3853482528329627,-1.3502724701175546,1.4257423496040489,0.4011778597482295,0.3546926251653462,0.2587571757366277,0.2718334624574827,-0.4756700095332069,0.0143907408281863,0.0100879345694972,-4.241170277254693,0.6203534423922389,0.5837363539385515,-0.8708918818815076,0.182046695761594,0.1509745127893133,-1.7034920546951773,0.6919064901839987,0.6600337295077773,1.723739331614046,1.3070041731672709e-05,1.1781760926989254e-05,-11.245187837397305,0.7548726159452246,0.6948847217158928,-0.4662870347213113,0.0929898643705298,0.0947122486409198,0.1091830376410348,0.2306389299694206,0.1413898697038196,0.1042597465985373,0.0929898643705298,0.1042597465985373,5,0.0929898643705298,0.1042597465985373,5,0.0437014177881741,0.0022365676078544,4,0.0437014177881741,0.0022365676078544,4,0.0437014177881741,0.0022365676078544,4,0.0437014177881741,0.0022365676078544,4,0.0437014177881741,0.0022365676078544,4,0.6,10.0,188,0.3114266471524861,0.0022848525803874,0.0041599164535743,0.0001033191415417,2,0.1630072011418871,0.0008610781390068,0.0348063306697586,0.0013638244049854,2,0.0244320314763893,0.0017223278059426,0.0002284801905182,7.538193145042522,9.379664662661872,5.342417998687593e-05,0.0022496773210943406,0.02374748568869783
10,10.0,0.009827704,2000,1.0,0.6,9.192017155405002e-06,0,0,2,2,0.0965,0.0,0.0326589234040647,0.0,0.4964634688761749,0.508187886194724,0.713347925067861,0.4035142250907985,0.3730388614721356,0.0028958731660416,5,674.8355984790657,0.01,0.0473324723414835,0.0010143807663066,0.01269106130953,0.8127772744371665,,-2.7376948889522574,0.6292841526342918,0.864996147624602,4.705747529126815,0.5536173563678606,0.9,0.4,0.8333333333333334,1,0.0011118382836386,0.0021697865250377,0.0032816248086764,0.0059823551731414,1.1689057388544528,0.0244539419679073,0.1560680452392229,0.0203219048122726,0.020915968920738,-0.4063725265108611,2.9866519979767387,1.2436416882279768,1.0941530269149515,0.3464609748309742,0.3903022349771129,-1.0843372037811905,1.2917526499992464,0.3278278994122718,0.255999939663019,0.2214389616006419,0.2471997129224541,-0.1101447666246167,0.014104313863176,0.0102882907285173,-4.261274580647498,0.6316074405111953,0.6022594396346466,-0.8235439295377069,0.1967227714177238,0.1509534002893477,-1.6259597930394198,0.637691284007556,0.6292841526342918,1.7487053645541373,1.9699577546963605e-05,1.3453806906762612e-05,-10.834913366766832,0.6551922956667987,0.5646732936226414,-1.1634168920379688,0.4964634688761749,0.5016510807791577,0.5264491089288394,0.3615648185890585,0.3540375407365497,0.4035142250907985,0.4964634688761749,0.4035142250907985,5,0.4964634688761749,0.4035142250907985,5,0.4910665138000504,0.3369842922023778,4,0.4910665138000504,0.3369842922023778,4,0.4910665138000504,0.3369842922023778,4,0.4910665138000504,0.3369842922023778,4,0.4910665138000504,0.3369842922023778,4,0.6,10.0,189,0.6294716420250105,0.0043936414956154,0.5040283743203648,0.0673530095200555,3,0.5795626212462547,0.0028951242881226,0.545133132838002,0.1886409760415294,3,1.7164660308015371,0.0017223278059426,0.0001807610473117,9.528202184908857,15.153317176424206,0.0011118382836386729,0.0006036230147548745,1.8419415039868547
6,50.0,0.009827704,2000,1.0,0.6,9.192017155405002e-06,0,1,2,2,0.494,0.0,0.1551219821634269,0.0017223278059426,0.0661150834174567,0.0712807613325241,0.2155991184466548,0.0953923950828001,0.1647321321435737,0.0228761554271625,5,607.9827926492653,0.01,0.03678697405648,0.0027844549057688,0.0508909435849341,1.4428234852323136,,-0.0855338962862813,0.7007100341890286,0.6930759514615673,2.3990267994147234,0.3998377999024539,1.0,0.8333333333333334,0.8333333333333334,1,0.0007115939402677,0.0042140088433127,0.0035024149030449,0.0059790151877546,1.25107427464328,0.0832529084478021,0.2240026019391643,0.0647561459631237,0.0664034472128075,-1.1766114145429063,3.425965983291399,1.4219396797836643,1.2313834708658868,0.3745182421445081,0.3864491918755869,-1.3695219909222798,1.4709888825996462,0.4230127512719177,0.3859348838746607,0.26748218684364,0.2772428116524147,-0.5769553807669243,0.0143053368362646,0.0100799284423132,-4.247122606006869,0.620473839283506,0.5864354887837407,-0.8611296952365746,0.1814486421862468,0.1491613802799442,-1.7067826284800351,0.6854514685374165,0.656743370689221,1.7447726930484522,1.2604335833866487e-05,1.1506418537426564e-05,-11.281469689401488,0.7617897358317243,0.7007100341890286,-0.4144259850555017,0.0661150834174567,0.0674236148911055,0.08030358568901,0.2486982760625787,0.1501057252853424,0.0953923950828001,0.0661150834174567,0.0953923950828001,5,0.0661150834174567,0.0953923950828001,5,0.0149013853304455,0.0287565027068478,4,0.0149013853304455,0.0287565027068478,4,0.0129039210503771,0.0286359059036268,3,0.0129039210503771,0.0286359059036268,3,0.0129039210503771,0.0286359059036268,3,0.6,10.0,190,0.3114266471524861,0.0022848525803874,0.0041599164535743,0.0001033191415417,2,0.1488751906984921,0.0007470864483927,0.0404235099377873,0.0016391843776307,2,0.2270709339301444,0.0017223278059426,0.0002284801905182,7.538193145042522,9.379664662661872,0.0007115939402677794,0.003306141697247067,0.2152339510615362
10,50.0,0.009827704,2000,1.0,0.6,9.192017155405002e-06,0,0,2,2,0.282,0.0,0.1730793718947386,0.0,0.0295921529729108,0.0337778080869862,0.546353696744113,0.0579169305785731,0.1342449761165788,0.014969438027396,5,2665.5227199586025,0.01,0.0414346209725696,0.0014189374416989,0.022317228957545,1.9571719107964591,,-1.3025153000121543,0.6511485487076352,0.7502247862093246,3.856501240745507,0.4285001378606118,0.8,0.6,0.8333333333333334,1,0.0006491516446229,0.0026768356388588,0.0033259872834817,0.0059744365631933,1.201861429311775,0.0524444065807953,0.1838715460329065,0.0421275531914685,0.0435963995070903,-0.8560137454900432,3.329525309491024,1.3788863010213357,1.2028297441287827,0.3650122483342069,0.386539785684968,-1.3269616131836632,1.3846422066068726,0.3750175018395185,0.3254417716853009,0.2441544835861887,0.2625236716505344,-0.3843147723161041,0.0139492035843777,0.0100541147512909,-4.272332863070107,0.623151223313608,0.5977061929699535,-0.8169737489306425,0.1875619623512565,0.1524118490482164,-1.6736460222901233,0.6826265023011493,0.6509573758830796,1.7034504148377465,1.529851663100936e-05,1.2673182418348922e-05,-11.087754686487663,0.7324729791478856,0.6511485487076352,-0.6954802144151236,0.0295921529729108,0.0307775714132263,0.0409636998748215,0.2421411664718993,0.1026768312992638,0.0579169305785731,0.0295921529729108,0.0579169305785731,5,0.0295921529729108,0.0579169305785731,5,0.018017516487798,0.0080093183386568,4,0.0161760557187635,0.0080071886654395,3,0.0161760557187635,0.0080071886654395,3,0.0161760557187635,0.0080071886654395,3,0.0161760557187635,0.0080071886654395,3,0.6,10.0,191,0.6294716420250105,0.0043936414956154,0.5040283743203648,0.0673530095200555,3,0.54259856457663,0.0022287245299881,0.5266941244227437,0.0921423783238604,3,0.6343191137589138,0.0017223278059426,0.0001807610473117,9.528202184908857,15.153317176424206,0.0006491516446229099,0.0010982053245783753,0.591102255739047
