W,phi,n_samples,frac_post_in_box,rho_true,i0_true,best_true,best_plug,best_true_control,best_plug_control,ppf,ppf_control,er_rel,regret_true,drs,drs_avg_pairs,drs_var,drs_control,drs_control_avg_pairs,drs_control_var,n_sloppy,lambda_max,gamma,cos_g_ridge,cos_g_ridge_control,g_norm,drs_control_over_drs,grad_check_relerr,entropy_u,relsd_max,relsd_max_u,pred_rmse,pred_rrmse,pred_cov90,pred_cov90_meanonly,cov90_param,marginal_pair,theta_hat_R0,theta_sd_R0,u_hat_R0,u_sd_R0,relsd_R0,z_R0,theta_hat_sigma,theta_sd_sigma,u_hat_sigma,u_sd_sigma,relsd_sigma,z_sigma,theta_hat_gamma,theta_sd_gamma,u_hat_gamma,u_sd_gamma,relsd_gamma,z_gamma,theta_hat_omega,theta_sd_omega,u_hat_omega,u_sd_omega,relsd_omega,z_omega,theta_hat_rho,theta_sd_rho,u_hat_rho,u_sd_rho,relsd_rho,z_rho,theta_hat_i0,theta_sd_i0,u_hat_i0,u_sd_i0,relsd_i0,z_i0,drs_pair_01,drs_pair_02,drs_pair_12,drs_control_pair_01,drs_control_pair_02,drs_control_pair_12,drs_1em1,drs_control_1em1,n_sloppy_1em1,drs_1em2,drs_control_1em2,n_sloppy_1em2,drs_1em3,drs_control_1em3,n_sloppy_1em3,drs_1em4,drs_control_1em4,n_sloppy_1em4,drs_1em5,drs_control_1em5,n_sloppy_1em5,drs_1em6,drs_control_1em6,n_sloppy_1em6,drs_1em8,drs_control_1em8,n_sloppy_1em8,rho_level,phi_train,cell_id
6,2.0,2000,0.001,0.05000000000000001,3.0488854020159546e-05,2,2,2,2,0.0005,0.0,2.4745886023991677e-09,0.0,0.05060385835975127,0.04296221742747277,0.4562158792113971,0.050367956057747736,0.03822601207335454,0.4902290451756827,5,2932.681166104992,0.01,0.021976470475235647,0.024387738879056462,0.5733141326147919,0.9953382546380858,nan,7.652816731030042,44.71000709869026,2.7474163984539053,803.4366033791216,30.128872626717058,1.0,1.0,1.0,12,1.3620374749989022,0.22092847979981148,0.30898172203228047,0.1565002987525446,0.16020703020884317,-0.019999548370578567,5.849825377845926,2072.7530037705205,1.7664118108573794,1.6462334836705987,11.645761139309577,0.03081676741692046,2.4322865699839302,125.2263430408929,0.8888317902147546,1.3317336879303308,8.16394471750955,-0.13371906336050657,0.003711827583078576,8.165393467201852e+33,-5.5962309136610395,15.37517658172702,44.71000709869026,0.04983479242606247,0.29532631533688863,8.141142155348021,-1.2196743802951553,1.8735150901505189,4.419206478473304,-0.9479816322782575,1.5070832578594988e-05,0.0013530410745333074,-11.102749299433572,2.1056456029974218,7.722904079337583,0.3346241719534788,0.03837047787716691,0.039912316045500135,0.05060385835975127,0.030671017250318802,0.033639062911997086,0.050367956057747736,0.05060385835975127,0.050367956057747736,5,0.05060385835975127,0.050367956057747736,5,0.03982707101264377,0.040158597046811885,4,0.03982707101264377,0.040158597046811885,4,0.03982707101264377,0.040158597046811885,4,0.03982707101264377,0.040158597046811885,4,0.03982707101264377,0.040158597046811885,4,0.05000000000000001,10.0,0
10,2.0,2000,0.0005,0.05000000000000001,3.0488854020159546e-05,2,2,2,2,0.0,0.0,0.0,0.0,0.11239077794145325,0.11248190923573613,0.5310841481048557,0.11029650338311071,0.10962456104470773,0.5665155789109856,4,735.8630080062239,0.01,0.015687125546165474,0.01692705268591851,2.2624256261171984,0.9813661352230031,nan,7.320252730215047,44.710177812194885,2.860242355993456,4793375611.851293,61850007.89485539,1.0,1.0,1.0,12,1.363010984047843,0.19572624637115368,0.3096962114110827,0.1362513244227515,0.142237044466668,-0.02821568663645089,5.172979666562947,158816.04991101223,1.6434488603279669,1.6427349673402374,26.85165794692685,0.10573497756054102,4.037286653036536,91.03213522030563,1.3955728457994414,1.3402128246124134,6.268502277736101,-0.5109779763362674,2.5283144385270916e-05,1.931208810774801e+67,-10.585372614091703,30.276731104798262,44.710177812194885,0.190091870023015,0.1512126429390947,6.312785840224231,-1.889068201410383,2.084126114915328,4.016963050940962,-0.5309966917182305,1.235855028942114e-05,0.0014902017776678848,-11.301162403313706,2.2787338289020087,7.453246874021823,0.39627841073730824,0.09819003520388955,0.12686491456186555,0.11239077794145325,0.11277319472958712,0.10580398502142534,0.11029650338311071,0.12916257027567218,0.12676673507093003,5,0.11239077794145325,0.11029650338311071,4,0.11239077794145325,0.11029650338311071,4,0.11239077794145325,0.11029650338311071,4,0.11239077794145325,0.11029650338311071,4,0.11239077794145325,0.11029650338311071,4,0.11239077794145325,0.11029650338311071,4,0.05000000000000001,10.0,1
6,10.0,2000,0.0025,0.05000000000000001,3.0488854020159546e-05,2,2,2,2,0.0005,0.0005,0.09957116630115503,0.0,0.047295941423357045,0.05205109178667844,0.39461196112103,0.04463452560593031,0.10747984720524623,0.434674602810403,5,2781.7934774408086,0.01,0.018637816294413325,0.020082616173639996,1.517518167812968,0.9437284524351935,nan,7.596694883964099,44.71017706606446,2.707264726953689,663565710501985.0,29491809355643.777,1.0,1.0,1.0,12,1.389480330859739,0.24369761091544814,0.3289298145476858,0.1687959834099186,0.17287670792057855,-0.1367214275133085,6.002639184418774,119658.24962943133,1.7921992365860098,1.5740412025940451,40.37294513708863,0.015847214552252395,2.805737775849399,182.92483711024477,1.0316665260837086,1.3817297572768406,9.517756596004485,-0.23225447347757566,0.005276251790600468,2.540809799753619e+36,-5.244539321497717,14.198356314212402,44.71017706606446,0.0291954316490961,0.23560468547336375,10.411212537423555,-1.445599939994292,2.0078979936590247,5.313580882358773,-0.7720174722296863,1.1240350346415703e-05,0.011108675663223426,-11.396000544374553,2.2237736570161686,27.28668974667816,0.44871975082679094,0.05750566422123621,0.051351669715442055,0.047295941423357045,0.24276047088967354,0.03504454512013484,0.04463452560593031,0.047295941423357045,0.04463452560593031,5,0.047295941423357045,0.04463452560593031,5,0.03532615568591685,0.03270884188962878,4,0.03532615568591685,0.03270884188962878,4,0.03532615568591685,0.03270884188962878,4,0.03532615568591685,0.03270884188962878,4,0.03532615568591685,0.03270884188962878,4,0.05000000000000001,10.0,2
10,10.0,2000,0.0,0.05000000000000001,3.0488854020159546e-05,2,2,2,2,0.0,0.0,0.0,0.0,0.1537347759816692,0.15520267824070774,0.6057974875106591,0.15098576327058721,0.15173663606970425,0.6363766009099697,4,641.6120427580859,0.01,0.01447999126109701,0.015592942449468915,2.8130582871189618,0.9821184719363055,nan,7.49705826398578,43.90492523087939,2.9427843176385013,461175608558.85284,6108286206.077521,1.0,1.0,1.0,12,1.3693765656687318,0.19870523435786944,0.31435557471243125,0.13737116127289672,0.14370647445196338,-0.0619037350799486,5.093332345678747,9706010.93817431,1.6279323011590052,1.7577131793556182,43.90492523087939,0.1076461770332535,4.545523714669508,54.701528673233085,1.5141429497412864,1.3316277386663558,3.9135058628493558,-0.6033137622432038,8.827443158418967e-06,4.89647546654565e+60,-11.637645148312835,34.2470796366968,39.943223453238836,0.1987799555563164,0.15346521985665718,13.95748021466022,-1.8742813183665685,2.088799643418619,6.305741856147374,-0.5368877569090387,8.879946855477717e-06,0.0009858480235276407,-11.631714985721604,2.3225735714084452,7.482274484273607,0.5311201409522948,0.1312748948859752,0.18059836385447875,0.1537347759816692,0.15024582602831324,0.15397831891021235,0.15098576327058721,0.16893210062373445,0.16593029117207342,5,0.1537347759816692,0.15098576327058721,4,0.1537347759816692,0.15098576327058721,4,0.1537347759816692,0.15098576327058721,4,0.1537347759816692,0.15098576327058721,4,0.1537347759816692,0.15098576327058721,4,0.1537347759816692,0.15098576327058721,4,0.05000000000000001,10.0,3
6,50.0,2000,0.0025,0.05000000000000001,3.0488854020159546e-05,2,2,2,2,0.0,0.0,0.0,0.0,0.048866102943216735,0.050963145060162446,0.384335456714933,0.04528883599112547,0.04510996780689839,0.4288940113359609,5,2622.4253608173044,0.01,0.017039569765705136,0.01834083942719175,3.2055133554378057,0.9267945111921835,nan,7.567978869371127,44.71017781221642,2.7019964183594016,204158443.78783882,9422697.40559256,1.0,1.0,1.0,12,1.4408794010635855,0.26492372240291356,0.36525362237253595,0.1743636821382385,0.1810310583792946,-0.3406778000253069,5.623253978538003,125411.92816310254,1.7269104960897819,1.4756165432568897,37.26357032221269,0.06114929353439248,2.9508508820566526,107.91899811737498,1.082093563357943,1.3212127917055823,7.8088470394136325,-0.2810599147011698,0.004553586488660717,3.533704823921501e+56,-5.391840117250603,14.568732685177666,44.71017781221642,0.038563953996190364,0.2177376696078841,6.051410569441411,-1.5244642912230806,2.0435705839740916,3.4785788935673922,-0.7199496772309985,8.419321610208317e-06,0.002008288240148602,-11.684981301814753,2.2820144138552183,12.054489758004348,0.5639017487789275,0.027793714766525392,0.0762296174707452,0.048866102943216735,0.045629018602795265,0.04441204882677444,0.04528883599112547,0.048866102943216735,0.04528883599112547,5,0.048866102943216735,0.04528883599112547,5,0.03678449555508097,0.03310363924988917,4,0.03678449555508097,0.03310363924988917,4,0.03678449555508097,0.03310363924988917,4,0.03678449555508097,0.03310363924988917,4,0.03678449555508097,0.03310363924988917,4,0.05000000000000001,10.0,4
10,50.0,2000,0.0005,0.05000000000000001,3.0488854020159546e-05,2,2,2,2,0.0,0.0,0.0,0.0,0.09371414477124865,0.09652522950866367,0.6033057026470706,0.09079488937890544,0.09173516150917745,0.6374447051244939,4,900.1227839943958,0.01,0.014806693303936132,0.016000742066656286,3.0060422497025905,0.9688493620736874,nan,7.351522272815455,44.71017776214947,2.605066379143639,53.202454926498135,0.5390319648074785,1.0,1.0,1.0,12,1.3790431317938558,0.19294614666269977,0.32138987591003393,0.1325031484923822,0.13865621933460762,-0.11726581103511119,5.013451710328854,162347.6618307868,1.6121246420074322,1.6956861321611727,26.988111774743963,0.12090608004729735,4.304626679150971,134.6801270486196,1.4596904161522197,1.2806828456681523,7.518709714517752,-0.5847949083306493,2.7134210166861493e-06,8.079852754713789e+55,-12.81730035140808,33.38991821683914,44.71017776214947,0.23921257067300422,0.15895314447761996,8.593414034332035,-1.8391458090111883,2.0616301478673433,4.994908264275964,-0.561005797154856,1.0348633760601053e-05,0.001681163885249035,-11.478656050772827,2.298330886892864,10.01688811112048,0.4701266792487386,0.074036305468259,0.1218252382864834,0.09371414477124865,0.08999919609015716,0.09441139905846975,0.09079488937890544,0.10786845851937377,0.10469171014611955,5,0.09371414477124865,0.09079488937890544,4,0.09371414477124865,0.09079488937890544,4,0.09371414477124865,0.09079488937890544,4,0.09371414477124865,0.09079488937890544,4,0.09371414477124865,0.09079488937890544,4,0.09371414477124865,0.09079488937890544,4,0.05000000000000001,10.0,5
6,2.0,2000,0.0,0.05000000000000001,2.9719175964482593e-06,2,2,2,2,0.0345,0.0005,0.0005048093990510788,0.0,0.035246082637805126,0.0272865849649036,0.5300077669235873,0.01472321106590696,0.024729802604395307,0.8143082116582936,5,1193.0425986140494,0.01,0.03992594411058546,0.0004746313934444443,0.0002324393840065499,0.41772616881158786,nan,11.161477061247442,44.7022250811207,3.442594536289239,610.179977197396,915.2699657960941,1.0,1.0,1.0,12,1.1032742695997,0.34505184058137106,0.09828236720310453,0.283563048920436,0.3001290488412958,0.15121357816866635,27.208026665467628,6232833898448444.0,3.303512027764236,5.100017337951122,44.663093906956256,-0.3101088077111744,3.282412177375765,1152186951121.5557,1.1885785720389592,4.091794098051786,41.90774036632129,-0.11198785443075158,0.04669247615712058,3.4103452673747864e+16,-3.0641722374128135,7.052109398464149,44.7022250811207,-0.17882617499703635,0.20258341496161314,25.88210451702809,-1.5966035515172965,2.6239706536937266,5.9773368553832045,-0.5332105067818348,1.1622561776681426e-06,0.004360802175088995,-13.665147461123642,2.8519534636914528,22.367633979967824,0.32919341600434276,0.02325303019015978,0.02336064206674589,0.035246082637805126,0.03254842129939306,0.0269177754478859,0.01472321106590696,0.035246082637805126,0.01472321106590696,5,0.035246082637805126,0.01472321106590696,5,0.03144398522156801,0.002040509841874118,4,0.03144398522156801,0.002040509841874118,4,0.03144044134973159,0.001954121488752776,3,0.03144044134973159,0.001954121488752776,3,0.03144044134973159,0.001954121488752776,3,0.05000000000000001,10.0,6
10,2.0,2000,0.0,0.05000000000000001,2.9719175964482593e-06,2,2,2,2,0.0095,0.0005,9.573170523503276e-05,0.0,0.28239059617777446,0.2663466987513678,0.3131372888540428,0.28550605887874103,0.26550809379025136,0.3733472906661982,5,203.56515224881866,0.01,0.014388017600367878,0.01621030943910348,0.011374818567716844,1.0110324590943718,nan,9.486199806922354,37.89188491547192,1.7874979725872102,294371.31612001924,226439.47393847632,0.8,1.0,1.0,12,1.2360774944177568,0.26568629599502624,0.21194305481907144,0.19453567551762585,0.2107273059800231,-0.36385153604320775,20.46679357845318,4021565041.87072,3.0188037473673828,3.8903719178096754,31.343856719576312,-0.33334910979709875,3.7249526856821302,791.9112637162156,1.3150541499205533,2.249139155796713,9.66770089658211,-0.2599691611734469,0.0013494999693312224,9.181095058896067e+30,-6.608021148232245,11.811824405278546,37.89188491547192,0.1932594900760045,0.14659979263459502,20.507300979464553,-1.920048904028574,2.51043535375623,5.798161303711051,-0.42848479165812,4.97385082513315e-07,6.9092729585808e-05,-14.51390129695303,2.2919367897135627,10.506620700870116,0.779950889941778,0.25829827968350383,0.258351220392825,0.28239059617777446,0.2554766994009381,0.255541523091075,0.28550605887874103,0.28239059617777446,0.28550605887874103,5,0.28239059617777446,0.28550605887874103,5,0.28239059617777446,0.28550605887874103,5,0.28238843655613793,0.2855051172583902,4,0.28238843655613793,0.2855051172583902,4,0.28238843655613793,0.2855051172583902,4,0.28238843655613793,0.2855051172583902,4,0.05000000000000001,10.0,7
6,10.0,2000,0.0005,0.05000000000000001,2.9719175964482593e-06,2,2,2,2,0.0515,0.0005,0.0003768186585079598,0.0,0.048336741611248374,0.03858261155829253,0.5492744348019662,0.01954151835395096,0.017915930680406037,0.763239745302666,5,428.8583659508393,0.01,0.0466979325776371,9.201331123174207e-05,0.00010057208205475985,0.404278768128704,nan,11.360218815122119,44.69269680064844,3.6742314377496235,232.6705467760229,698.0116403280687,1.0,1.0,1.0,12,1.088881876850599,0.3471736259278458,0.08515136869257137,0.2877013486814437,0.30558684560827437,0.1946795940683103,32.359981859140724,7.201519414481755e+16,3.476922531594977,5.711850231634916,43.72595753812108,-0.30725084318374224,2.6453599371161296,203786159846.8629,0.9728071381374289,3.574318569811782,44.69269680064844,-0.06783385509044572,0.03823332992427653,39808948465.988014,-3.2640476326794454,6.570214735109308,36.00692129417945,-0.16152080212089254,0.17082161458559664,21.96712643328925,-1.76713545653833,2.687714993617665,5.5654814234018435,-0.45711573583252935,7.458720342200855e-07,0.0007715433977623174,-14.108711787354624,2.9694788789753495,11.833470294551962,0.46553913517175904,0.03353228269354338,0.03387881037008583,0.048336741611248374,0.018251766826033033,0.015954506861234126,0.01954151835395096,0.048336741611248374,0.01954151835395096,5,0.048336741611248374,0.01954151835395096,5,0.043429603600182644,0.005351869040205379,4,0.04275025560873497,0.005219618378554293,3,0.04195529003455762,0.005090559521818788,2,0.04195529003455762,0.005090559521818788,2,0.04195529003455762,0.005090559521818788,2,0.05000000000000001,10.0,8
10,10.0,2000,0.0,0.05000000000000001,2.9719175964482593e-06,2,2,2,2,0.013,0.0005,3.8069531491125765e-08,0.0,0.04002875196168129,0.0312588590209055,0.684338631419759,0.01666738085321941,0.02166340899272902,0.8722171476143402,5,456.22541411673734,0.01,0.059639209409150136,3.2859327624463886e-05,7.77310859758279e-05,0.41638522403033584,nan,9.755907062085182,44.24227115608199,5.010887615893553,63897657.26423088,319488286.32115436,1.0,1.0,1.0,12,1.070518303115268,0.2557151883341597,0.06814292662704834,0.2154596662492024,0.23315008693815018,0.33889416571953035,22.915908619114024,13927885451.900457,3.1318313688928066,4.727701470778754,33.5848673160895,-0.2982167224011869,1.7060822078855586,19973.091513802025,0.534199635414696,2.6768143375143514,37.58018653069829,0.07327654072309366,0.028023810132503994,903134544.0863122,-3.5747007682846106,4.288979218902088,44.24227115608199,-0.17500043255241812,0.12475813504305476,18.74651839099307,-2.0813783357106685,2.164556231393613,10.701433401280092,-0.4224209676708796,1.0018021491281793e-06,1.5906341974769113e-05,-13.813710030758497,1.9136526138525911,3.4724469409506757,0.5682362957421407,0.026367568353960577,0.027380256747074627,0.04002875196168129,0.029855336282555645,0.018467509842412005,0.01666738085321941,0.04002875196168129,0.01666738085321941,5,0.04002875196168129,0.01666738085321941,5,0.03871997203415997,0.0022816802831462073,4,0.03718131464917158,0.0021658720122558163,2,0.03718131464917158,0.0021658720122558163,2,0.03718131464917158,0.0021658720122558163,2,0.03718131464917158,0.0021658720122558163,2,0.05000000000000001,10.0,9
6,50.0,2000,0.0,0.05000000000000001,2.9719175964482593e-06,2,2,2,2,0.0825,0.0,1.276290126192621e-08,0.0,0.05221400020516135,0.043994325593977125,0.6715841158429479,0.02283677673498281,0.01482696891496854,0.3086476138967105,4,102.67421403658983,0.01,0.09167394886869559,5.670808420194212e-06,1.6013468474255872e-05,0.43736884064143006,nan,11.999738775806486,44.66630934035641,9.499509607954657,2.551911091995526e+25,1.5311466551973155e+26,1.0,1.0,1.0,12,0.9658737458552682,0.36432003956369025,-0.034722151183723376,0.3298434087786344,0.35655377572071495,0.5332321246065671,34.693343917450775,2.1727205746839378e+21,3.5465478506124994,6.651310086961553,43.963958262178636,-0.2743213133910758,2.298588471275207,1716859035573854.2,0.8322952263979643,4.840793416428946,44.66630934035641,-0.0210601625399342,0.10673700046099684,15441883520846.895,-2.2373874098296596,6.107916144135572,44.52104915690944,-0.34183288173918414,0.17620595883630333,24.562233321132034,-1.7361017474576637,2.6267335936034395,6.915916413552516,-0.4795425501709614,8.314663687542999e-07,0.0017774919966648745,-14.0000749856085,2.7341690073692013,17.864042183936782,0.4658716502344085,0.03889452176704235,0.0408744548097277,0.05221400020516135,0.006036289147112788,0.01560784086281002,0.02283677673498281,0.061206241831218165,0.05497788603767747,5,0.05221400020516135,0.02283677673498281,4,0.05221400020516135,0.02283677673498281,4,0.05017180421065055,0.01838811505394182,2,0.05017180421065055,0.01838811505394182,2,0.05017180421065055,0.01838811505394182,2,0.05017180421065055,0.01838811505394182,2,0.05000000000000001,10.0,10
10,50.0,2000,0.0,0.05000000000000001,2.9719175964482593e-06,2,2,2,2,0.009,0.0,3.55512185278231e-08,0.0,0.02074980361224849,0.012521321692014484,0.638105010365354,0.007865413152898766,0.03471730232055469,0.875386673305786,5,3309.0949123158302,0.01,0.03632776227300328,0.0002935571217728599,0.00022263656729187015,0.3790596431599892,nan,9.730842180657884,44.71017560769329,2.599793751453802,2.2007880808447627e+78,5.501970202111906e+78,1.0,1.0,1.0,12,1.1286978960361322,0.2668192228213865,0.12106466391828591,0.21576378233865548,0.23075599382139947,0.09314022182347488,22.20273047918656,336464343819.6693,3.1002152758729764,4.336249587493718,44.40018527081825,-0.3178469127012808,2.6004697876887652,268.0311991114844,0.955692116278005,2.4846023922132177,4.739767481353761,-0.09069651818677779,0.011460583538155714,484254725620704.56,-4.468841649432065,6.168279541595413,44.71017560769329,0.02327515503522771,0.136750092800118,13.11297088874189,-1.9896001590688106,2.2890928959043144,6.1178015606213885,-0.43953310775869764,7.011247545581576e-07,2.6677505409672957e-05,-14.170579999186565,2.137938341857313,5.440772011748651,0.675546536017605,0.008326006138785855,0.008488155325009109,0.02074980361224849,0.053738958199251556,0.04254753560951374,0.007865413152898766,0.02074980361224849,0.007865413152898766,5,0.02074980361224849,0.007865413152898766,5,0.020327569157278517,0.0019864117644110804,4,0.020327569157278517,0.0019864117644110804,4,0.020318236943446245,0.001983298414896018,3,0.020318236943446245,0.001983298414896018,3,0.020318236943446245,0.001983298414896018,3,0.05000000000000001,10.0,11
6,2.0,2000,0.0,0.05000000000000001,2.2218197570699675e-05,2,2,2,2,0.0385,0.001,0.081413283583507,0.0,0.05301626752043853,0.045493018337740304,0.7840086644180607,0.022632154061217713,0.3421053353541186,0.5556030024562238,4,368.92600582854084,0.01,0.10028669740642285,3.870835003382388e-05,9.426098656857024e-05,0.42689074730680904,nan,11.45776075165156,44.70886432707912,9.187266743898228,4.990434082705142e+68,2.994260449623085e+68,0.6666666666666666,1.0,1.0,12,0.9453012975857553,0.2600545838796632,-0.056251568880889696,0.2547695759790213,0.266147468515096,1.0351831317823126,19.643345390159887,7343348556877468.0,2.9777386239687234,5.9330330621410745,44.582475520618885,-0.29108489893043793,1.8097524531029876,6870222458874.373,0.5931900696829359,5.449795400008709,29.827619696841467,-0.024015062329920317,0.07533897572483911,8.895721147269029e+24,-2.585757672180462,9.390468588158386,44.70886432707912,-0.1662956744483757,0.29541240695178844,18.166470361305162,-1.2193829092530142,2.172595633525095,7.199470580262692,-0.8176161900034762,6.284834739693099e-06,0.000750282809319218,-11.977371010668229,2.4783313968707357,5.88858052999463,0.509525125570141,0.040549567670236195,0.04291321982254618,0.05301626752043853,0.9932731885222974,0.010410663478840662,0.022632154061217713,0.06924810284598418,0.07198987304295185,5,0.05301626752043853,0.022632154061217713,4,0.05301626752043853,0.022632154061217713,4,0.04014040218865659,0.017716995331785872,2,0.032902364846223824,0.016858322984669934,1,0.032902364846223824,0.016858322984669934,1,0.032902364846223824,0.016858322984669934,1,0.05000000000000001,10.0,12
10,2.0,2000,0.0005,0.05000000000000001,2.2218197570699675e-05,2,2,2,2,0.001,0.0005,3.198588593334177e-06,0.0,0.18348617711446463,0.1564592725089418,0.637017754222393,0.05594725787863114,0.5321017721363694,0.9903442215360118,4,545.8599867868306,0.01,0.03171432780042752,0.014887447273043622,0.013523099861673445,0.30491265750078506,nan,8.42551016102383,44.710177760373064,3.4118798406119613,8607186.690176634,1564943.03457757,0.9,1.0,1.0,12,1.2202861585592517,0.1818723926616856,0.19908538743726933,0.14235032566697783,0.14750696574813943,0.058982732827029836,14.359102983526615,7039523841.59945,2.6643840953407456,3.5959087820616737,43.94682196699932,-0.3931306065572098,1.8224259995402645,193.61889690217535,0.6001685802575338,2.0477030799493816,7.080227527483967,-0.06732210745833711,0.00225454896735651,2.7594423555925314e+31,-6.094805340509107,13.143299611928004,44.710177760373064,0.1481708108751609,0.14123237680825856,13.529542325936594,-1.9573486826987379,2.181273363166001,7.212421244597318,-0.47604468490281066,1.0415438561858942e-05,0.0035038126591625434,-11.472221375462038,2.243423460511551,18.181672005458854,0.33770819211101516,0.14218437207596882,0.14370726833639194,0.18348617711446463,0.680560079224628,0.8597979793058492,0.05594725787863114,0.19118624225122402,0.11960489497149043,5,0.18348617711446463,0.05594725787863114,4,0.18348617711446463,0.05594725787863114,4,0.18348617711446463,0.05594725787863114,4,0.18348617711446463,0.05594725787863114,4,0.18348617711446463,0.05594725787863114,4,0.18348617711446463,0.05594725787863114,4,0.05000000000000001,10.0,13
6,10.0,2000,0.0,0.05000000000000001,2.2218197570699675e-05,2,2,2,2,0.001,0.0005,0.05850428220377657,0.0,0.03947794004873484,0.030692687231354866,0.3938018778280601,0.48325202528239264,0.1830030550376254,0.994534846051912,5,1577.8776650941409,0.01,0.023052308552028573,0.0816037356993457,0.01019934226337104,12.241064875366504,nan,9.811356091924178,44.70950581870874,2.7724633993422616,3213.000489378732,963.9001468136195,1.0,1.0,1.0,12,1.1940764656639489,0.27788984404073447,0.1773730545144321,0.21879655487721625,0.22712165479340266,0.137609772541389,11.57878529535807,1381595558.0034952,2.4491745698688834,3.3108373421767268,40.78145916422711,-0.3619786027774209,3.1569597320997196,4846182.441920832,1.1496094543788025,2.8091179236473196,41.26348986544871,-0.24466632572690736,0.021478183806405215,4.584668753706104e+23,-3.840717565690692,10.648248878088351,44.70950581870874,-0.028796698617257022,0.223588136534845,8.483635549789136,-1.4979495957507634,2.2411236422779273,3.8124444520796286,-0.668317735598402,4.829380009605593e-06,0.002585954048297843,-12.24079246093945,2.527377725803887,11.889249782859073,0.6038644524259886,0.026260174275629777,0.026339947369699978,0.03947794004873484,0.03264997351980109,0.03310716631068246,0.48325202528239264,0.03947794004873484,0.48325202528239264,5,0.03947794004873484,0.48325202528239264,5,0.027974383345394427,0.4779682150471713,4,0.027974383345394427,0.4779682150471713,4,0.027974383345394427,0.4779682150471713,4,0.027974383345394427,0.4779682150471713,4,0.027974383345394427,0.4779682150471713,4,0.05000000000000001,10.0,14
10,10.0,2000,0.001,0.05000000000000001,2.2218197570699675e-05,2,2,2,2,0.0005,0.0,2.5402490497261365e-09,0.0,0.9895258972531488,0.9894396617609288,0.3156058023965239,0.9896428634454525,0.9897607285759386,0.35424621489641855,4,31.176497929631836,0.01,0.016816926766877544,0.018439747178317124,0.21266122867603876,1.0001182042760361,nan,8.349999015717001,44.70484699703905,2.4450617351600537,5.162148126209965e+55,6.219455573746945e+54,1.0,1.0,1.0,12,1.2815033947709393,0.2021250711779648,0.24803391587890863,0.1492002718025867,0.15593312258326392,-0.2717978776113744,10.72340440335777,215520612.1604712,2.372428680166499,2.9726012870554523,35.05330319901055,-0.3773484154523721,3.1802967840752263,381.6046839312286,1.156974520762811,1.8576109545552786,11.308153243326005,-0.37395431244251187,0.0004559227233475518,1.758086896784489e+35,-7.693187229154019,18.810317715426493,44.70484699703905,0.18850480376583453,0.11254717903477103,9.009330622234575,-2.1843827760503824,2.308852757496927,5.158156226004083,-0.35140807263223167,6.065294899282048e-06,0.004118768388633625,-12.012927393620558,2.3308359217808867,21.639237370377934,0.5570226917368423,0.9893902645265132,0.9894028235031244,0.9895258972531488,0.9898225286059379,0.9898167936764254,0.9896428634454525,0.9931942138705943,0.9930995755773876,5,0.9895258972531488,0.9896428634454525,4,0.9895258972531488,0.9896428634454525,4,0.9895258972531488,0.9896428634454525,4,0.9895258972531488,0.9896428634454525,4,0.9895258972531488,0.9896428634454525,4,0.9895258972531488,0.9896428634454525,4,0.05000000000000001,10.0,15
6,50.0,2000,0.001,0.05000000000000001,2.2218197570699675e-05,2,2,2,2,0.0025,0.0,1.6783653044907131e-09,0.0,0.040864500439240864,0.03252839615685535,0.29398196022365597,0.09275794792177869,0.05097004570854918,0.8800451326356942,5,1335.3827835227476,0.01,0.021416865547539646,0.03633279424324553,0.01756946835153983,2.2698906612034886,nan,9.763809396342527,44.71017699576909,2.9694286424089196,6.515440365665928e+135,2.0575074838945036e+135,1.0,1.0,1.0,12,1.2093189417972325,0.27322070093822975,0.19005734312579428,0.21169874502557912,0.22081630600560148,0.08230684379364535,11.114509513702915,25570492186184.793,2.408251418120652,3.163897591810858,44.70416344327753,-0.3658554329926012,3.1814694837618576,55585170.199079014,1.1573431918678287,2.755544140341481,43.92903036209703,-0.25222978221473286,0.022685330584120388,2.5246291876723768e+29,-3.7860367931656747,11.242366094840168,44.71017699576909,-0.03213871379217076,0.19503656496228933,16.010773700445153,-1.6345682253695608,2.237959655021219,5.894400102930093,-0.6082165266609886,5.2064043489208315e-06,0.00419919672291402,-12.165621084619177,2.467004902964163,18.61029488552028,0.5881715874996828,0.02832249570208999,0.0283981923292352,0.040864500439240864,0.02997319131137364,0.030178997892495205,0.09275794792177869,0.040864500439240864,0.09275794792177869,5,0.040864500439240864,0.09275794792177869,5,0.02755510857623672,0.08693105429177968,4,0.02755510857623672,0.08693105429177968,4,0.02755510857623672,0.08693105429177968,4,0.02755510857623672,0.08693105429177968,4,0.02755510857623672,0.08693105429177968,4,0.05000000000000001,10.0,16
10,50.0,2000,0.001,0.05000000000000001,2.2218197570699675e-05,2,2,2,2,0.0005,0.0,4.2868200080265107e-10,0.0,0.9847862596130348,0.9846866049765932,0.3489237590346346,0.984827224622268,0.9847791857312949,0.386906486346301,4,33.87586521183036,0.01,0.018772814319987837,0.02148130949299701,0.10230362379630209,1.0000415978684039,nan,8.495252934076678,44.592087769047794,2.339054362946044,inf,inf,1.0,1.0,1.0,12,1.2733485381182335,0.20714889379111512,0.24165007480963166,0.15434075994543597,0.16070808902340816,-0.22138336080362603,11.903711079213318,1143748617.0835466,2.476850206896774,3.123314306826467,41.487451204737305,-0.39257269417056345,2.7995781258760593,2036.2327751432667,1.0294687364994157,1.951192998779755,19.647223487581925,-0.29067131923274236,0.0004860716494180136,3.583043966238421e+35,-7.629154518144005,17.84500716125426,44.592087769047794,0.1951135411292676,0.11992030804988241,10.979214244764968,-2.120927856396211,2.312766890033198,5.3754601110513205,-0.3782501474436201,5.596919048113034e-06,0.0004902566276922515,-12.093294281602022,2.281709062101206,7.270796068480373,0.6042380293038538,0.9846339697874237,0.984639585529321,0.9847862596130348,0.9847528483703145,0.9847574842013022,0.984827224622268,0.9879439518413028,0.9875649831804648,5,0.9847862596130348,0.984827224622268,4,0.9847862596130348,0.984827224622268,4,0.9847862596130348,0.984827224622268,4,0.9847862596130348,0.984827224622268,4,0.9847862596130348,0.984827224622268,4,0.9847862596130348,0.984827224622268,4,0.05000000000000001,10.0,17
6,2.0,2000,0.0005,0.05000000000000001,1.1875616199322276e-06,2,2,2,2,0.0245,0.0005,2.5610920410181887e-08,0.0,0.020345644670609554,0.014177703716791742,0.3467556962308866,0.02004368149359797,0.013136192760215638,0.3558346094257718,5,1170.9886893251817,0.01,0.012828151883172078,0.013787546329490806,0.02807278285170244,0.9851583382143803,nan,10.600929683785818,44.61089656201226,1.9993237959166967,180.63009967842166,541.890299035265,1.0,1.0,1.0,12,1.2522396859519525,0.38395518512107685,0.22493369680877484,0.2742504439613163,0.29492125301514266,0.29222646032809074,24.939630949946984,98676407481451.12,3.2164581426262466,4.2029449850433735,44.61089656201226,-0.30559008416796374,3.798255303095785,22734197.21502487,1.3345418305352708,2.6681812384353947,42.02581252754765,-0.42622909173777956,0.029901691878821034,2766263438082.463,-3.5098402156103887,6.474573713884875,39.03452589470204,-0.22477550748022979,0.09909366673241124,60.07184811844266,-2.3116897475348943,2.8751921080828966,11.752526631296545,-0.23791193781315653,4.6918069695664e-07,0.00030933267425164356,-14.572277861344494,2.969952981209235,8.717625901871282,0.3126882665501816,0.011081164442682957,0.011106302037082712,0.020345644670609554,0.009671912884547412,0.009692983902501536,0.02004368149359797,0.020345644670609554,0.02004368149359797,5,0.020345644670609554,0.02004368149359797,5,0.014587358681790171,0.014406884508273977,4,0.014587358681790171,0.014406884508273977,4,0.014289297784019415,0.01412701620467827,2,0.014289297784019415,0.01412701620467827,2,0.014289297784019415,0.01412701620467827,2,0.05000000000000001,10.0,18
10,2.0,2000,0.001,0.05000000000000001,1.1875616199322276e-06,2,2,2,2,0.0055,0.0005,0.1614877895079162,0.0,0.24015289402412063,0.21948320301369806,0.4647287320199657,0.7091626903351692,0.3863557924178143,0.9951460476417073,5,279.3380232877455,0.01,0.019318570890344614,0.06314390152093066,0.0029817621136150347,2.952963332867194,nan,9.489163305154271,44.67060259971898,1.9628104364131205,inf,inf,0.9,1.0,1.0,12,1.2006611679413086,0.25840721098260994,0.18287237834832862,0.19745575395352918,0.21090670817255863,0.6188958918433428,23.03134645544696,6017920028.913662,3.1368561774056745,4.045466702277067,33.49260503995301,-0.29780898847443793,3.227250835421983,1897.7742960741612,1.1716306402696208,2.299688848342598,14.887405573769277,-0.4236856983007374,0.0016849534314119727,8.04050495336465e+16,-6.386017352703955,9.360463744248143,44.67060259971898,0.15179285809530838,0.1251262944975227,10.352373691520546,-2.078431695765721,2.3847029494209124,5.257702744675011,-0.38466031084123986,7.877784649786715e-07,8.232284051206658e-05,-14.054048922428482,2.224337179266824,7.236500452919877,0.1845226139002609,0.20909925532775434,0.2091974596892192,0.24015289402412063,0.22476626700968333,0.22513841990859043,0.7091626903351692,0.24015289402412063,0.7091626903351692,5,0.24015289402412063,0.7091626903351692,5,0.24015289402412063,0.7091626903351692,5,0.24012781875925165,0.7091557819535178,4,0.24012781875925165,0.7091557819535178,4,0.24012781875925165,0.7091557819535178,4,0.24012781875925165,0.7091557819535178,4,0.05000000000000001,10.0,19
6,10.0,2000,0.0,0.05000000000000001,1.1875616199322276e-06,2,2,2,2,0.085,0.0015,0.07834035178175171,0.0,0.049538337271127074,0.047422196125129164,0.6789318576936443,0.04060604271714569,0.033943798013407536,0.40600045871734325,5,225.33722316759113,0.01,0.07618936738320235,1.4001370540078928e-05,3.349353505796047e-05,0.8196892538985663,nan,11.776245624837637,44.710176891154035,51.16192690019863,451.0090797382064,1353.0272392146194,1.0,1.0,1.0,12,1.0059412274838233,0.3354176739614253,0.005923647986645762,0.3030652452752793,0.31819674011330695,0.9870920205074191,24.743098716266527,6348751556733671.0,3.208546610384862,6.110254417061643,35.16068013985716,-0.2089056678109944,2.709461458587317,4.614279366468228e+18,0.9967498913749074,4.86450562439162,44.710176891154035,-0.16434651091388636,0.07960986353300713,2.1002288473723057e+27,-2.5306172800772266,7.1852114420471835,44.71017611871733,-0.33882768063623586,0.19005669797896785,32.039867884325865,-1.660432840921563,2.6791697994617127,7.4239629642677265,-0.4984004496096927,1.0270071842977807e-06,0.0024408513753402545,-13.788861631620918,2.8801302886832816,16.127965275312402,0.05043286419264372,0.046370941005524795,0.046357310098735616,0.049538337271127074,0.02826475879156115,0.032960592531515766,0.04060604271714569,0.049538337271127074,0.04060604271714569,5,0.049538337271127074,0.04060604271714569,5,0.042634970010051856,0.016788825096410918,4,0.03764665387449968,0.014524260390740652,2,0.03764665387449968,0.014524260390740652,2,0.03764665387449968,0.014524260390740652,2,0.03764665387449968,0.014524260390740652,2,0.05000000000000001,10.0,20
10,10.0,2000,0.0005,0.05000000000000001,1.1875616199322276e-06,2,2,2,2,0.0075,0.0005,1.763367834072938e-07,0.0,0.02507004724263722,0.015478247853145744,0.5896328402325012,0.011154397219094038,0.037742591769481505,0.9288020800733002,5,3471.669224215446,0.01,0.03849883249560596,0.0003347379928184972,0.00042254543118020203,0.44492924608947254,nan,9.619601541049262,44.701324104628185,3.4248761720232066,1.8615215308205126e+19,3.1025358847008543e+19,1.0,1.0,1.0,12,1.1407725751172675,0.2468145596050335,0.13170573034445698,0.19820426979114122,0.21198998896921362,0.8747097281467828,22.788174721330083,1487347247445.0876,3.1262417488403833,4.477661555598963,33.912860050547536,-0.26669320651393513,2.065598639148795,794.306201415409,0.7254200822936001,2.4844739545544647,11.249753506081847,-0.21257406085512406,0.008513568052887624,1327484698637.3906,-4.766094146609051,6.528873717297349,44.701324104628185,-0.030490965192136236,0.14260100674671367,24.40602505388298,-1.9477047110919843,2.2976807977937894,8.530191908875665,-0.4561240897640405,1.2865072325142173e-06,9.554946291686625e-05,-13.563579583387156,2.1293293629327033,7.314695572856777,-0.03758405342105239,0.010502885509313133,0.010861810807486877,0.02507004724263722,0.05870201024703097,0.04337136784231953,0.011154397219094038,0.02507004724263722,0.011154397219094038,5,0.02507004724263722,0.011154397219094038,5,0.02454856720994587,0.003239738115043502,4,0.02454856720994587,0.003239738115043502,4,0.024531881758261976,0.0032360202033295433,3,0.024531881758261976,0.0032360202033295433,3,0.024531881758261976,0.0032360202033295433,3,0.05000000000000001,10.0,21
6,50.0,2000,0.0,0.05000000000000001,1.1875616199322276e-06,2,2,2,2,0.101,0.0005,6.537795454369501e-08,0.0,0.04812463292546141,0.04348640639889017,0.5975699905960611,0.030150671276078202,0.02343127995609408,0.4973788564760589,5,159.04242313930067,0.01,0.06342560119915619,1.2564802612839612e-05,2.0490301649054658e-05,0.6265122338237372,nan,11.950212702431994,44.461299500053386,8.80926658462466,51448356688739.98,5.144835668873998e+25,1.0,1.0,1.0,12,1.03862526804289,0.39976632941658935,0.03789798107772768,0.33385341833276416,0.36337663269148884,0.80028820297105,36.6260175160651,1.769464791921715e+17,3.600758848959922,6.051846431569034,32.47951258940942,-0.27573056205819324,3.05804913497731,4320775407.7534,1.1177771750616683,4.359895203263601,41.34844260404532,-0.21112704949592945,0.07713863756672559,64368701326.894844,-2.5621509881842446,5.552217951029769,44.461299500053386,-0.4328026818970761,0.13774977919236714,46.845335231401215,-1.9823164339096202,2.9321876397401967,8.968357218075512,-0.3456176630408834,3.780609172338142e-07,0.0009111418701015698,-14.788210497607958,3.0174669060005535,18.840888179465367,0.3793254810573599,0.041065860685214874,0.04126872558599422,0.04812463292546141,0.018807372039343018,0.02133579655286103,0.030150671276078202,0.04812463292546141,0.030150671276078202,5,0.04812463292546141,0.030150671276078202,5,0.04353452567622355,0.014128695790491495,4,0.0385765081375562,0.013209286862300842,2,0.0385765081375562,0.013209286862300842,2,0.0385765081375562,0.013209286862300842,2,0.0385765081375562,0.013209286862300842,2,0.05000000000000001,10.0,22
10,50.0,2000,0.0005,0.05000000000000001,1.1875616199322276e-06,2,2,2,2,0.011,0.0,2.790295535742046e-08,0.0,0.3875653302105077,0.3688019510543989,0.3939646701038749,0.4120348944807897,0.3771784813936924,0.7333156993145697,5,164.57501681894507,0.01,0.016385543024374647,0.02197279500637385,0.003748123351278676,1.0631366181721964,nan,9.63596272603533,44.1508722017324,1.7505490640289023,2.2022126811237395e+137,2.446902979026377e+137,1.0,1.0,1.0,12,1.204933585974894,0.25650943997937703,0.1864244500501783,0.19395632894460382,0.2087458194779907,0.6117484481504492,22.37139420742869,5004459013115.215,3.1077830984338037,4.193605748791706,44.1508722017324,-0.2803561750837058,3.764826585591616,850.9585816596211,1.3257018005872603,2.320706046199459,9.964368993577896,-0.48623841772208104,0.0027660285703589443,2.773538405464184e+17,-5.890342716668207,10.298844037506413,43.838699613346435,0.08983308276461636,0.1284346122979984,26.22927288597702,-2.0523353578689236,2.5337019114158834,6.447382568415526,-0.37233934719569206,5.704602296500033e-07,0.000240765232373963,-14.376822381467742,2.3856450886015637,18.829348031650472,0.30734411126631933,0.3593975830871184,0.3594429398655706,0.3875653302105077,0.3597165916493149,0.3597839580509727,0.4120348944807897,0.3875653302105077,0.4120348944807897,5,0.3875653302105077,0.4120348944807897,5,0.3875653302105077,0.4120348944807897,5,0.387562338006597,0.4120253766232831,4,0.387562338006597,0.4120253766232831,4,0.387562338006597,0.4120253766232831,4,0.387562338006597,0.4120253766232831,4,0.05000000000000001,10.0,23
6,2.0,2000,0.0005,0.05000000000000001,7.472578056782092e-06,2,2,2,2,0.0255,0.0,8.007676026071906e-09,0.0,0.039138151605695816,0.03184557876274791,0.5941885180038073,0.018525432478973595,0.019352230036030482,0.7930308636175287,5,1171.6424154707524,0.01,0.04737398390809937,0.00025008184903053314,0.00027208676735487793,0.47333437372340215,nan,10.960648231772266,44.71017781216488,3.6083314373761812,1804.9307643309546,2165.9169171971453,1.0,1.0,1.0,12,1.08574318196031,0.293224235678941,0.08226471284624373,0.24871985895495774,0.26164971686067784,0.269289283271204,23.87169779634078,3336141074154053.5,3.1726935646056296,5.061311508632009,43.00343985069589,-0.362457978330064,2.805739371420424,6848285659.742041,1.0316670947649964,3.7225968109470884,41.89130889869421,-0.1623831065555969,0.046525795688303874,2.6477840158817134e+28,-3.067748374218468,8.1508812687364,44.71017781216488,-0.03967328358746817,0.1867206584055936,27.293984503673563,-1.6781415842847611,2.4840149713177806,7.77391582263889,-0.5304278373854736,2.1309432357292628e-06,0.0010204745959338899,-13.058945842589125,2.720193414900942,9.353050945910725,0.46124490219913905,0.02808453971536634,0.028314044967181595,0.039138151605695816,0.021351155562827018,0.018180102066290837,0.018525432478973595,0.039138151605695816,0.018525432478973595,5,0.039138151605695816,0.018525432478973595,5,0.03521910189547139,0.003927303661142356,4,0.03521910189547139,0.003927303661142356,4,0.03510044568428177,0.003824265954626099,3,0.03510044568428177,0.003824265954626099,3,0.03510044568428177,0.003824265954626099,3,0.05000000000000001,10.0,24
10,2.0,2000,0.0,0.05000000000000001,7.472578056782092e-06,2,2,2,2,0.004,0.0,3.5898655918870423e-09,0.0,0.02074294496577902,0.021758493973955722,0.9515362304802377,0.31933073029601217,0.1380652647552626,0.9976917635103729,4,147.47307479501313,0.01,0.13312831189659577,0.0001582711729226447,0.00015520099189880572,15.394666997518085,nan,8.921022884980868,44.7101634889076,2.8293561824788913,8.171537994361384e+16,6.809614995301154e+16,1.0,1.0,1.0,12,1.0771008878784147,0.17416381166894263,0.07427306869735115,0.15431308846005626,0.1597453378253726,0.48582552167370946,12.762101622517587,70110226010.80351,2.5464799683134944,4.581640563891534,44.025197853401565,-0.26372630588878176,0.3814225442271778,9150.90114594752,-0.9638474784195964,2.7270678220331748,34.04565647441511,0.5100818275696426,0.05737446578407175,144890781334.9541,-2.8581559215977728,4.196396945354066,44.7101634889076,-0.1270053056522966,0.18191367292793564,3.650738758276498,-1.704223029004608,1.7860561135484032,3.882091264482253,-0.7231067572583195,1.1827427280033194e-05,0.00030364476910217365,-11.345089377840209,1.7295486865532976,5.64090197562305,-0.26549187235963895,0.023130110641972835,0.02140242631411532,0.02074294496577902,0.06837888239920599,0.026486181570569662,0.31933073029601217,0.041753564051766105,0.31933083088002373,5,0.02074294496577902,0.31933073029601217,4,0.014160032811708268,0.021962688760792833,2,0.0011252749727235036,0.01083066035689239,1,0.0011252749727235036,0.01083066035689239,1,0.0011252749727235036,0.01083066035689239,1,0.0011252749727235036,0.01083066035689239,1,0.05000000000000001,10.0,25
6,10.0,2000,0.0005,0.05000000000000001,7.472578056782092e-06,2,2,2,2,0.0205,0.0005,0.1194425688686809,0.0,0.04276788852671255,0.03787680743767845,0.6461715412225475,0.026468530151980484,0.022060520834571315,0.6923260951507269,5,1010.5425148896633,0.01,0.05852778856552591,0.00010891476518780387,0.00017857471989260633,0.6188879335356574,nan,11.002429799211516,44.70358098540417,4.7551888051074656,33473775086.90932,28691807217.350845,1.0,1.0,1.0,12,1.0546984963989547,0.2886172542359906,0.053254940679764814,0.2532372977370798,0.26484174570370445,0.37904118223308486,20.4599321892441,2.880157607498834e+18,3.018468446209293,5.1729090067989265,43.60116163442933,-0.32482450716079675,2.655062932433743,62825829977670.9,0.9764683577778569,3.9936961973400398,44.70358098540417,-0.13753877873691406,0.038604323396514956,1.0251936349369458e+21,-3.2543910036923926,8.421334380392187,40.435758343886164,-0.016236096135404783,0.24383758555833834,19.905418258063104,-1.4112529082785379,2.346928159443665,6.01383737248661,-0.6751290442784796,2.559471277222412e-06,0.0038127877242211893,-12.875709853138538,2.6309258950496046,15.595399366360281,0.40724801796362975,0.03530828913746662,0.035554244648856176,0.04276788852671255,0.019616806846147996,0.020096225505585468,0.026468530151980484,0.04276788852671255,0.026468530151980484,5,0.04276788852671255,0.026468530151980484,5,0.03831258070445932,0.008657186150263393,4,0.03831258070445932,0.008657186150263393,4,0.03825265814065822,0.008552718305109555,3,0.03825265814065822,0.008552718305109555,3,0.03825265814065822,0.008552718305109555,3,0.05000000000000001,10.0,26
10,10.0,2000,0.0,0.05000000000000001,7.472578056782092e-06,2,2,2,2,0.002,0.0,1.550916233649366e-09,0.0,0.8061998771141863,0.8003410312621204,0.33314974412198084,0.8101983891853239,0.8011221225467123,0.5382299941924621,5,65.59910967068487,0.01,0.016726438980321782,0.020487847925056507,0.0129328098354919,1.0049597031513455,nan,9.23076356323022,44.709929544804915,1.9864715697254365,7.63954670963333e+43,4.493851005666665e+43,1.0,1.0,1.0,12,1.2324853151691517,0.23956446595155992,0.20903271219366837,0.17830959587434997,0.19118438364142432,-0.3353179423740146,20.51304809754982,737443043.7152938,3.0210611762322883,3.941954022757037,21.98374037725812,-0.4269152656344484,3.2429779385448376,1016.4979504838295,1.176492024509824,2.1683122976465468,14.328757909800975,-0.34557372808966014,0.0009865999528930914,5.0353851958881154e+29,-6.921245916911352,13.748858241022662,44.709929544804915,0.25675770720347074,0.13444599029298587,22.797857315817435,-2.0065927197466693,2.405016027480485,7.455402062061378,-0.4112818968793121,1.0854107682391965e-06,7.72567574327198e-05,-13.733552054379405,2.2732163000912515,5.6582263614351165,0.8487012684765467,0.797394781391928,0.797428435280247,0.8061998771141863,0.7965599940702295,0.7966079843845834,0.8101983891853239,0.8061998771141863,0.8101983891853239,5,0.8061998771141863,0.8101983891853239,5,0.8061291137635871,0.8101592542008234,4,0.8061291137635871,0.8101592542008234,4,0.8061291137635871,0.8101592542008234,4,0.8061291137635871,0.8101592542008234,4,0.8061291137635871,0.8101592542008234,4,0.05000000000000001,10.0,27
6,50.0,2000,0.0005,0.05000000000000001,7.472578056782092e-06,2,2,2,2,0.0145,0.0005,0.06546320496760562,0.0,0.03484857000751086,0.02647018541674445,0.5201551644774793,0.01581281363069801,0.04918989205661022,0.8566701378975659,5,1512.0738631177244,0.01,0.03578776893210139,0.0011765680751723235,0.0005454934063818389,0.4537578909920808,nan,10.724425550900587,41.67345425484941,3.0852801642950616,3281.01762650997,2812.300822722831,1.0,1.0,1.0,12,1.1190786080107167,0.3045209164378051,0.11250567530816226,0.2530197733196899,0.2633945564570899,0.14519272391000188,21.699594819090763,5015244543215621.0,3.07729358844079,4.579144486926514,39.82040933313912,-0.37978988562553173,3.176406234120018,16622717433.8125,1.155750442673946,3.5658139156571624,41.20217084932841,-0.20432086467704075,0.0420841409801176,84975137193296.92,-3.1680843080721792,8.1232076457244,33.05294538980435,-0.027456677206330462,0.22845530491717897,13.693899421004074,-1.4764146898934682,2.508544368605925,3.9568657867245274,-0.6056570506284702,1.8927978149654651e-06,0.059946785944328694,-13.177454498115672,2.7763613699449694,41.67345425484941,0.4945984395296828,0.022229084264656376,0.02233290197806612,0.03484857000751086,0.07327597097180373,0.058480891567328934,0.01581281363069801,0.03484857000751086,0.01581281363069801,5,0.03484857000751086,0.01581281363069801,5,0.03008983590631068,0.0007306683260801129,4,0.03008983590631068,0.0007306683260801129,4,0.030089648887962755,0.0006663525858473277,3,0.030089648887962755,0.0006663525858473277,3,0.030089648887962755,0.0006663525858473277,3,0.05000000000000001,10.0,28
10,50.0,2000,0.0,0.05000000000000001,7.472578056782092e-06,2,2,2,2,0.0045,0.0,4.263518851817398e-09,0.0,0.04437879447386495,0.034447592914374076,0.6995835843697843,0.024644179842290444,0.07140949530658615,0.9592453541397549,5,769.8354666553751,0.01,0.06615144492956156,9.471359642579741e-05,0.00026316188411835604,0.5553143147411003,nan,9.220548846205794,44.4595321165291,18.9223975925277,4627.881564648745,5784.85195581093,1.0,1.0,1.0,12,1.092818274960489,0.2036671472333125,0.08875993275503646,0.1749592965566927,0.18346137203350316,0.3456939633093716,22.947168608966262,12472236192.936747,3.1331945567372506,4.619367855340438,25.31911851943925,-0.3885842793779359,1.141575388372123,14717.154556863234,0.1324092280589229,2.505500058250614,35.130941559957584,0.11764958101670997,0.02396265167303325,5633627476.242167,-3.7312588410306877,5.214320245381776,44.4595321165291,0.06523155977063587,0.1546221525465872,11.238083000055404,-1.8667708636591787,2.074398117835773,6.807095519006262,-0.5442356509042062,3.4902353094299977e-06,7.404408623178419e-05,-12.565541400117384,1.95678710984069,3.8823793584360717,0.38904124997479383,0.028508420799760716,0.030455563469496547,0.04437879447386495,0.14990676325780167,0.03967754281966632,0.024644179842290444,0.04437879447386495,0.024644179842290444,5,0.04437879447386495,0.024644179842290444,5,0.041436672538333476,0.0007678712693034995,4,0.04017143210331032,0.0006151622034006738,2,0.04017143210331032,0.0006151622034006738,2,0.04017143210331032,0.0006151622034006738,2,0.04017143210331032,0.0006151622034006738,2,0.05000000000000001,10.0,29
6,2.0,2000,0.0,0.05000000000000001,2.1919205418674697e-06,2,2,2,2,0.077,0.0,6.94254484215031e-08,0.0,0.049333523248339284,0.04135335553831073,0.7203429792694739,0.021070803989026644,0.014018098376912784,0.33923390611846826,4,148.78537442859687,0.01,0.0862205319550062,9.427384818322413e-06,2.3806182088274287e-05,0.4271092474575278,nan,11.834313914251167,44.71017448365252,15.105695258229835,4860.089644168428,14580.268932505285,1.0,1.0,1.0,12,0.9800215850836762,0.33460559016131824,-0.02018068196449138,0.3048432318588618,0.32549297795539567,0.957749553145773,30.714514832886145,1.6846090231830942e+23,3.424735338719889,6.507788540967188,44.71017448365252,-0.3720942397636971,2.4115777435040475,392356574951.55536,0.8802811986570582,4.807469850915241,25.8495782394094,-0.18085905254204424,0.07515031422662743,12514428012209.514,-2.588264981466181,6.434968120246139,37.937234359652585,-0.35897044569696773,0.1958965389424889,19.335627959499643,-1.6301686216584186,2.522141212160105,6.106995968488744,-0.5414302915759527,1.0363266082168386e-06,0.010824798478149447,-13.779828204914065,2.8263714059093856,27.62403480394573,0.2650379793201557,0.03654523040374189,0.038181312962851,0.049333523248339284,0.006985180621043116,0.013998310520668588,0.021070803989026644,0.05921501701934002,0.053068623696552984,5,0.049333523248339284,0.021070803989026644,4,0.049333523248339284,0.021070803989026644,4,0.04738404317779387,0.01752755096532476,2,0.031905156409778625,0.01519724876013143,1,0.031905156409778625,0.01519724876013143,1,0.031905156409778625,0.01519724876013143,1,0.05000000000000001,10.0,30
10,2.0,2000,0.0,0.05000000000000001,2.1919205418674697e-06,2,2,2,2,0.019,0.0,1.3050849862610515e-08,0.0,0.018594983799947843,0.010353630044629365,0.5771249536958397,0.011410578746755445,0.08670742718742928,0.9040783410689629,5,3718.70827531135,0.01,0.028441493560993274,0.0008919710669896952,0.0002662203135970856,0.6136374664003446,nan,9.866326338696709,44.65798565421853,2.343155489485286,5.458139942261948e+99,1.8193799807539827e+100,1.0,1.0,1.0,12,1.1509091582287119,0.28913593078201094,0.1405522024102196,0.22540876001590507,0.2446351114309833,0.5821893732451545,25.575836017045795,2085665185631.2976,3.241648000141967,4.3357019150235745,44.65798565421853,-0.516277026185734,2.9900611900891434,811.1622616809121,1.0952938521059485,2.566443802161538,7.251643851383252,-0.4225641313074827,0.007175120054534765,1361248308.2094426,-4.937135785137096,6.420588017818267,30.54447154691174,0.00605979224837432,0.12711896543694182,12.048381199063572,-2.062631895262708,2.363400555857843,5.5059415771185565,-0.394812625383595,3.990716656684464e-07,2.8679294747756503e-05,-14.734124822980942,2.16722887798726,7.515147974649355,0.7859771534049214,0.0062035294033356315,0.006262376930604623,0.018594983799947843,0.13242371728896707,0.11628798552656532,0.011410578746755445,0.018594983799947843,0.011410578746755445,5,0.018594983799947843,0.011410578746755445,5,0.018594983799947843,0.011410578746755445,5,0.01812614524764891,0.005994952325683297,4,0.01811902277151703,0.005982234030074696,3,0.01811902277151703,0.005982234030074696,3,0.01811902277151703,0.005982234030074696,3,0.05000000000000001,10.0,31
6,10.0,2000,0.0,0.05000000000000001,2.1919205418674697e-06,2,2,2,2,0.0805,0.0,6.937162741177561e-09,0.0,0.046059675042961525,0.041966587504293745,0.5818329120199558,0.029870029305961544,0.02343072900837038,0.5295593834996202,5,254.38047566395062,0.01,0.06329675675405337,2.20177757918167e-05,3.375484862152028e-05,0.6485071654999885,nan,11.820324402924692,44.704577739421005,8.501000481335877,5.6861219142517755e+57,3.4116731485510657e+58,1.0,1.0,1.0,12,1.039131337034419,0.3771328866573248,0.03838511128373917,0.3263118494991979,0.34380440022926545,0.7152595782295713,31.73745434867921,326471004774358.4,3.4574975086265867,6.104727077724423,30.909945537948303,-0.4020282591430163,3.0292069845756275,27971307115.87967,1.108300864004122,4.748037769783432,21.106125047244273,-0.23114687812563378,0.05272429886554288,22516208669040.598,-2.94267885065654,6.13428794485079,44.704577739421005,-0.31878997571701745,0.15654371924727387,15.83212363550752,-1.854419951801998,2.685560230583234,5.2252906045692,-0.42498109286647034,6.183651084975632e-07,0.00048212874508694507,-14.296186763487562,2.8632750127870614,10.537565463926336,0.44196045407884776,0.03983914547336565,0.04000094199655406,0.046059675042961525,0.019012812090836256,0.021409345628313342,0.029870029305961544,0.046059675042961525,0.029870029305961544,5,0.046059675042961525,0.029870029305961544,5,0.041436095500026714,0.013358504697582131,4,0.03800671460261474,0.012624068885075956,2,0.03800671460261474,0.012624068885075956,2,0.03800671460261474,0.012624068885075956,2,0.03800671460261474,0.012624068885075956,2,0.05000000000000001,10.0,32
10,10.0,2000,0.0,0.05000000000000001,2.1919205418674697e-06,2,2,2,2,0.013,0.0,3.262417453684556e-08,0.0,0.024158714083640214,0.015104161432674618,0.5817303360113976,0.015928529216815066,0.3564227542325902,0.9174562379883704,5,2538.340739363318,0.01,0.026285574180538247,0.002470976498350173,0.00046041505554251936,0.6593285206186342,nan,9.780384245980576,42.61712100368207,2.183152402503253,19772780838705.914,39545561677411.83,1.0,1.0,1.0,12,1.1553227077993524,0.2728355369197524,0.14437970564073238,0.21397236066478462,0.2305874787042413,0.5954184039998879,27.53624394081365,445850795064.55707,3.3155030984077776,4.367610182241996,36.65590973718199,-0.5294150102459527,3.1794168756712824,5939.3527437019375,1.1566978075468914,2.5252475975162416,25.769393382888932,-0.45377374178194274,0.006197050198611488,1147529951602.3623,-5.083681874565153,7.729704862819236,42.61712100368207,0.023992315647197553,0.13258087902775864,15.754434538429276,-2.0205624120222283,2.430203092073738,5.8743495939837835,-0.40127093275139886,5.555274921979252e-07,7.913264822644405e-05,-14.403347738186005,2.2617528174826447,10.171560991052274,0.6068812157069255,0.010553698690260911,0.010600071524122736,0.024158714083640214,0.5648484158559725,0.4884913176249831,0.015928529216815066,0.024158714083640214,0.015928529216815066,5,0.024158714083640214,0.015928529216815066,5,0.023498812495454238,0.006380726881922504,4,0.023498812495454238,0.006380726881922504,4,0.023494927745428548,0.00629259367403084,3,0.023494927745428548,0.00629259367403084,3,0.023494927745428548,0.00629259367403084,3,0.05000000000000001,10.0,33
6,50.0,2000,0.0,0.05000000000000001,2.1919205418674697e-06,2,2,2,2,0.028,0.0,9.164703307314337e-08,0.0,0.020342381940023257,0.014162979911165807,0.32451595682750556,0.020156193999468407,0.013168666087998049,0.3348607324471502,5,1179.430105131194,0.01,0.013300650327194206,0.01429669229478586,0.037214853295845916,0.9908472891176756,nan,10.604465103148225,39.21256716736344,2.195357087351329,2276.8894346102616,6830.668303830785,1.0,1.0,1.0,12,1.2679750763676398,0.39462377106010593,0.2374211999603724,0.2806889110266379,0.2988522273234546,0.12241875548910959,21.290285822492642,676961955068.8175,3.0582509040145496,4.048129050602505,33.718278861466686,-0.5076483899847227,3.5933053030196107,82465711.77704062,1.2790724761384231,2.8080208257265005,39.21256716736344,-0.45165823138587585,0.026176958040318634,573234281.9888182,-3.6428757192805143,6.0081768035188095,30.74732424542474,-0.20894069489116554,0.10258936814498998,35.552617190864424,-2.277020975932675,2.8652916720400174,7.583104726327713,-0.25083355549266334,4.5357384986974274e-07,0.001828410612470353,-14.606107736393685,2.9591129651420784,26.44925725546702,0.5323809250501094,0.011056336572639209,0.011090221220834948,0.020342381940023257,0.009660006500071223,0.009689797764454515,0.020156193999468407,0.020342381940023257,0.020156193999468407,5,0.020342381940023257,0.020156193999468407,5,0.014865927857493176,0.014813797858292134,4,0.014865927857493176,0.014813797858292134,4,0.01456590051642028,0.014524425981060577,2,0.01456590051642028,0.014524425981060577,2,0.01456590051642028,0.014524425981060577,2,0.05000000000000001,10.0,34
10,50.0,2000,0.0,0.05000000000000001,2.1919205418674697e-06,2,2,2,2,0.0145,0.0005,0.013790869777918234,0.0,0.020311313001817613,0.011545813077923057,0.5914088321718562,0.012549845294843244,0.09851489629616021,0.9145478506283469,5,3815.490469229907,0.01,0.028238555360887662,0.0011192387706177478,0.0003492153936879422,0.6178746442300499,nan,9.816897961971755,36.69877626063018,2.28495878273653,inf,inf,1.0,1.0,1.0,12,1.1536927348305321,0.27514125792799987,0.1429678716534184,0.21467100462625677,0.23280463457774003,0.6000573561329151,28.667877552235073,29432628096.565495,3.355777246887553,4.371710954840606,35.39457014302791,-0.5381308513219223,2.8921440069583837,426.6049687843342,1.061998097993992,2.426621881260862,7.206643736402653,-0.4331912399766677,0.008435609747981063,164639504.24370575,-4.77529327775084,6.921943840131309,30.61908334021113,-0.017760195795455104,0.13723038883953814,666.8754805953467,-1.986094095216756,2.4461054790216177,36.69877626063018,-0.4127533285036692,4.953682744810053e-07,2.241441721295792e-05,-14.517964362149716,2.268810272175811,4.842757207383589,0.6555118079749667,0.007129449969064323,0.007196676262887235,0.020311313001817613,0.15125239366519475,0.13174244992844258,0.012549845294843244,0.020311313001817613,0.012549845294843244,5,0.020311313001817613,0.012549845294843244,5,0.019810826092614867,0.006223514246416593,4,0.019810826092614867,0.006223514246416593,4,0.019802812282867215,0.006211124994901995,3,0.019802812282867215,0.006211124994901995,3,0.019802812282867215,0.006211124994901995,3,0.05000000000000001,10.0,35
6,2.0,2000,0.0,0.05000000000000001,3.1308187311581914e-05,2,2,2,2,0.0015,0.0005,0.016186293282821715,0.0,0.041978394539901376,0.03252717309222229,0.6115428164216699,0.024689965477438524,0.08601739860766898,0.9432222248022456,5,1734.9455473399835,0.01,0.037983533391842336,0.003103448367533189,0.003846324211957829,0.5881588790626611,nan,9.421956804829822,44.71016599471824,2.974052015233232,22565045.030942935,6447155.723126553,1.0,1.0,1.0,12,1.1439942791276978,0.2066741995032078,0.13452589218260042,0.17514732319778473,0.1778929383606663,0.590491569523273,9.590848617007065,213504886150.64172,2.2608093747621156,3.0568519308547257,44.70686379090917,-0.511305130048254,2.352019595414825,15190.248379040802,0.8552743613855288,2.5436304380559474,17.069291148632942,-0.037233915012980845,0.015352802418903641,2.313661301644328e+33,-4.176457253605689,12.201456437208456,44.71016599471824,-0.06562063541601226,0.19109302156166794,6.589629448660141,-1.6549949456100683,2.0075973877959097,4.013263789271171,-0.667831775481579,1.1009554849890094e-05,0.0016254561995251834,-11.416747039483017,2.3238941158922883,9.387604869465827,0.4497262216736466,0.027600933202043213,0.028002191534722283,0.041978394539901376,0.14369019553482806,0.08967203481074036,0.024689965477438524,0.041978394539901376,0.024689965477438524,5,0.041978394539901376,0.024689965477438524,5,0.034931348772499385,0.0007444551834726598,4,0.034931348772499385,0.0007444551834726598,4,0.034931348772499385,0.0007444551834726598,4,0.034931348772499385,0.0007444551834726598,4,0.034931348772499385,0.0007444551834726598,4,0.05000000000000001,10.0,36
10,2.0,2000,0.001,0.05000000000000001,3.1308187311581914e-05,2,2,2,2,0.0,0.0,0.0,0.0,0.05911347185082452,0.04550954208678867,0.8319163543484035,0.03586447002610121,0.08616252874204833,0.980098735759523,5,3225.8253280496215,0.01,0.052774301037862056,0.0025220043256491812,0.0068401644465467,0.6067055258842992,nan,7.768183937589346,42.06039541202808,20.577904330428147,4.9340897102455995e+51,4.52668780756477e+50,0.9,1.0,1.0,12,1.1996481932487522,0.15392278691367464,0.18202834151785033,0.12489379835334674,0.12729884493227714,0.4477449575150299,10.810945652093823,222221112.10226023,2.3805591072046512,3.110650530507484,42.06039541202808,-0.5409588090925596,1.099983256480342,146.09552653695562,0.0952949583069712,1.9609705352129925,8.008939355697917,0.33925552249630936,0.008091023183314042,6692520631372952.0,-4.817000080839313,9.951806271730034,37.76514987300886,-0.016089993394631477,0.22963935420314968,11.837572505266735,-1.4712452259007744,2.0365872648766685,5.679339001787283,-0.7485498284040071,2.590554214800522e-05,0.0016134184196177838,-10.561053629601318,2.1220586008091242,6.464333136829982,0.08926365669446358,0.03752611875049955,0.039889035659041935,0.05911347185082452,0.15488859719065937,0.06773451900938442,0.03586447002610121,0.05911347185082452,0.03586447002610121,5,0.05911347185082452,0.03586447002610121,5,0.05450022870827075,0.004399592845781326,4,0.05450022870827075,0.004399592845781326,4,0.054484521106668515,0.0043919757416847685,3,0.054484521106668515,0.0043919757416847685,3,0.054484521106668515,0.0043919757416847685,3,0.05000000000000001,10.0,37
6,10.0,2000,0.0015,0.05000000000000001,3.1308187311581914e-05,2,2,2,2,0.001,0.001,0.12567235051609346,0.0,0.044821090615312066,0.03549192362185271,0.3524318536678411,0.07685856115511158,0.04704724706051927,0.7896750920492212,5,1884.655956091441,0.01,0.022363328147537935,0.03266362132854905,0.042195382943693745,1.7147856087387279,nan,9.025385907974563,44.71017781090212,3.180533784020739,204124581.3591043,29160654.479872044,1.0,1.0,1.0,12,1.2348337989846967,0.2512646179963604,0.21093638530292225,0.1932700407680089,0.1996524845283524,0.1397657109461804,8.800234289932284,1587732.4963753452,2.1747783449856937,2.566531849731542,18.787344216863893,-0.5754664780107827,2.8709291092894316,18970.905158123125,1.0546357088415395,2.304441961882618,18.510972254529303,-0.12761035941680884,0.018602618406518504,4.707896349539974e+31,-3.984452933626782,12.672687166240523,44.71017781090212,-0.07833158282591814,0.2365375589225115,6.825905587774069,-1.441648272147686,2.067328901192173,3.597525238711018,-0.7517352466315864,9.061025208992536e-06,0.002704950115050893,-11.611528286585793,2.3035152994794124,13.101117265627417,0.5382631353448565,0.030737523886643383,0.030917156363602687,0.044821090615312066,0.03193097820484608,0.03235220182160014,0.07685856115511158,0.044821090615312066,0.07685856115511158,5,0.044821090615312066,0.07685856115511158,5,0.03205717863699295,0.06946489019178205,4,0.03205717863699295,0.06946489019178205,4,0.03205717863699295,0.06946489019178205,4,0.03205717863699295,0.06946489019178205,4,0.03205717863699295,0.06946489019178205,4,0.05000000000000001,10.0,38
10,10.0,2000,0.0015,0.05000000000000001,3.1308187311581914e-05,2,2,2,2,0.001,0.0005,0.07607709152875897,0.0,0.920620143360715,0.9164416808162038,0.5288057794975987,0.9258617271304003,0.918732766170362,0.7010238766676278,4,66.20588863658872,0.01,0.02327861019405499,0.03025920525770909,0.09904226280510356,1.005693535827438,nan,7.935113715762024,44.71017781198593,2.3305917400800924,4.10620873613077e+32,3.3657448656809594e+31,1.0,1.0,1.0,12,1.273238035127183,0.18124484416709824,0.2415632896264529,0.13668244141277772,0.1410015169233559,-0.026443628264418272,9.551640422137108,11610898.65771267,2.256712911693056,2.9356925617899865,20.397785378707482,-0.5310118747667392,2.3396515716880684,329.85734606340054,0.8500020172947524,1.7761179269022362,11.74269850314294,-0.05035531374891243,0.00043448226888984114,2.9575222221514216e+50,-7.741355422170116,18.04193900393391,44.71017781198593,0.15321140613274964,0.14703578246798893,13.056198806546858,-1.9170793036752072,2.1606556680725917,6.391419386342984,-0.4992248352283702,1.3211618764573863e-05,0.002299129709588503,-11.234413906091692,2.2226204371260914,12.569636171787979,0.3881827830370063,0.9142413605108607,0.914463538577036,0.920620143360715,0.914962728501648,0.9153738428790378,0.9258617271304003,0.9306980041448006,0.932617280543845,5,0.920620143360715,0.9258617271304003,4,0.920620143360715,0.9258617271304003,4,0.920620143360715,0.9258617271304003,4,0.920620143360715,0.9258617271304003,4,0.920620143360715,0.9258617271304003,4,0.920620143360715,0.9258617271304003,4,0.05000000000000001,10.0,39
6,50.0,2000,0.0005,0.05000000000000001,3.1308187311581914e-05,2,2,2,2,0.001,0.0,2.925411140864479e-09,0.0,0.06092301519869972,0.061523132188281184,0.4030861208799444,0.058845361917559555,0.05894056770035063,0.4505289736873277,5,1089.0181029881946,0.01,0.014645299380839258,0.015552779989647813,2.5213407884171746,0.965897070682337,nan,8.520087585199766,44.70799828315597,2.327090927764846,279.0318681760264,50.733066941095714,1.0,1.0,1.0,12,1.3917727505026622,0.3031419334426112,0.33057829463561456,0.2052766478143579,0.21318200725374842,-0.4512417056026935,7.92572069668754,4545839.798417563,2.070113255273701,2.1370616669973455,25.39155329804626,-0.6421377425592191,3.340357021509648,3073.5090965050827,1.2060776939435542,1.8682977377319017,14.660140223345168,-0.23845912946074674,0.008506138327760938,7.104536104501735e+29,-4.766967219908022,11.093166170400368,44.70799828315597,-0.018944758861436484,0.15925271565725602,12.641860159133525,-1.8372629318824452,2.303442899186733,5.396024623507852,-0.502929480943748,3.442696249892108e-06,0.0005801355141538006,-12.579255600011454,2.4852516772494524,7.463463987906302,0.8882901884937382,0.040930062767044945,0.0827163185990989,0.06092301519869972,0.05874986080111766,0.059226480382374665,0.058845361917559555,0.06092301519869972,0.058845361917559555,5,0.06092301519869972,0.058845361917559555,5,0.06092301519869972,0.058845361917559555,5,0.04714069454391393,0.045037891873871576,4,0.04714069454391393,0.045037891873871576,4,0.04714069454391393,0.045037891873871576,4,0.04714069454391393,0.045037891873871576,4,0.05000000000000001,10.0,40
10,50.0,2000,0.0005,0.05000000000000001,3.1308187311581914e-05,2,2,2,2,0.0,0.0,0.0,0.0,0.9781386146043725,0.9778960944665863,0.382546500727289,0.9782972825647823,0.9781588208867128,0.42906289696380306,4,40.1643040132751,0.01,0.01851739875427046,0.020818959405367786,0.15504746089772561,1.0001622141872746,nan,8.178011027142212,44.67024754749672,2.421804270280347,934.9930741229954,102.74649166186762,1.0,1.0,1.0,12,1.276377836416608,0.1957370431719176,0.24402625113503512,0.14576474983777207,0.15169396055543888,-0.04169280423654264,10.04486463422049,5159730.106646176,2.3070615222398585,2.8149243009166227,29.172448461595053,-0.5716801055707464,2.955361742923281,665.1885569904452,1.0836210605986043,1.8247086420969791,13.912047190678145,-0.17704526153656053,0.00046724775125402216,1.352260550786222e+33,-7.668650924365657,18.57197155591808,44.67024754749672,0.1449241044896972,0.12361318657517538,6.79729902060836,-2.0905980521478345,2.274838185179276,4.027585086381054,-0.3978894970654031,7.606030585962834e-06,0.0009158665787601252,-11.786569127172204,2.317234216053262,7.870178070729179,0.6106151023477389,0.9777665204151891,0.9777831483801972,0.9781386146043725,0.9780836132787235,0.9780955668166327,0.9782972825647823,0.9833138021393524,0.983027154331045,5,0.9781386146043725,0.9782972825647823,4,0.9781386146043725,0.9782972825647823,4,0.9781386146043725,0.9782972825647823,4,0.9781386146043725,0.9782972825647823,4,0.9781386146043725,0.9782972825647823,4,0.9781386146043725,0.9782972825647823,4,0.05000000000000001,10.0,41
6,2.0,2000,0.0005,0.05000000000000001,8.305908080179163e-06,2,2,2,2,0.0055,0.0005,4.618031673455168e-05,0.0,0.0377135428698062,0.030385159930065343,0.5491297995455385,0.020648903585602823,0.043421910355135984,0.8726058931280902,5,1827.3944846119055,0.01,0.0390581055991732,0.0013938754473077624,0.0010590879285235753,0.5475195914869754,nan,10.527361428521116,44.71013730404585,3.4113489346259662,341197.9583996302,136479.1833598521,0.8333333333333334,1.0,1.0,12,1.1133772474780532,0.28850730452202056,0.10739796138517431,0.24112533176385295,0.25155849586067225,0.6959742131032893,14.243049150861989,1.1942129898122557e+17,2.6562690088249608,4.103659078567361,44.71013730404585,-0.21976566610425433,3.019449527759827,1965695696948.241,1.1050745391963501,3.7697948519697495,44.70854601130061,-0.13764877094969455,0.031815751007136545,4.632181276593584e+18,-3.447793797134007,9.570431116395538,43.749826272010885,-0.032188126460764646,0.2510843317289472,6.828071120244047,-1.3819664132961433,2.262120167312521,3.0774119680141583,-0.7133864432034389,4.534157613213668e-06,0.004755319575488154,-12.30387124397461,2.510556818706966,15.338873358832137,0.24111295150540646,0.026645197965193837,0.026796738955196,0.0377135428698062,0.062300608836278006,0.04731621864352712,0.020648903585602823,0.0377135428698062,0.020648903585602823,5,0.0377135428698062,0.020648903585602823,5,0.03145850655262202,0.0008575560308997648,4,0.03145850655262202,0.0008575560308997648,4,0.03145850655262202,0.0008575560308997648,4,0.03145850655262202,0.0008575560308997648,4,0.03145850655262202,0.0008575560308997648,4,0.05000000000000001,10.0,42
10,2.0,2000,0.0005,0.05000000000000001,8.305908080179163e-06,2,2,2,2,0.001,0.0,2.0926468149494036e-09,0.0,0.9899826699916892,0.9894986823661694,0.2811164222048697,0.9900356716405446,0.989308602751076,0.3193657418938416,4,29.7353502685063,0.01,0.013276549080169732,0.014115358252164902,0.8621745096058575,1.000053537956231,nan,8.421114197300877,44.71017781218564,2.4072240228791895,5.4735231982004e+66,7.202004208158422e+65,1.0,1.0,1.0,12,1.3121297379445114,0.2175776983494296,0.2716515712614744,0.15638518999222784,0.16374965610286907,0.022786065339653747,8.950999857457896,846635.8659675037,2.191765241964089,2.700640808578904,16.008780567677707,-0.16193919702908804,4.197098979836264,486.9945767678413,1.434393567546388,1.880240029113445,8.192331640579493,-0.45112679409134177,9.789408224935192e-05,1.8372362207061718e+57,-9.231624457145992,22.22258816344089,44.71017781218564,0.24640588092982743,0.10510232220306631,10.30377969457955,-2.2528209061666726,2.285557168632599,5.735384593440207,-0.32504606648355533,3.2582209716480106e-06,0.0007163655138094322,-12.634329225760258,2.37704060101012,10.644134020394578,0.393676803782168,0.9890285012333183,0.9894848758735005,0.9899826699916892,0.9879572167848486,0.9899329198278347,0.9900356716405446,0.992792373090582,0.9927692998023679,5,0.9899826699916892,0.9900356716405446,4,0.9899826699916892,0.9900356716405446,4,0.9899826699916892,0.9900356716405446,4,0.9899826699916892,0.9900356716405446,4,0.9899826699916892,0.9900356716405446,4,0.9899826699916892,0.9900356716405446,4,0.05000000000000001,10.0,43
6,10.0,2000,0.001,0.05000000000000001,8.305908080179163e-06,2,2,2,2,0.0005,0.0,3.212237612082571e-10,0.0,0.03957415968942342,0.06504890718928397,0.300949923016708,0.03810622896289006,0.04052154681798184,0.3331239749517967,5,1248.1098889484397,0.01,0.014271595531336766,0.015094962262246577,1.5224117798390955,0.9629068377432742,nan,8.85062479764932,44.710177519773566,2.1827312582014042,2.5891870184619252e+141,7.397677195605501e+140,1.0,1.0,1.0,12,1.3664179616018826,0.32267602563695175,0.31219268916621196,0.21925691421814839,0.23039451045479725,-0.1686501649413425,7.90171990211593,93628.23419555632,2.0670804449063813,2.1291751404352945,19.003159222909808,-0.14684316053193594,3.662980083280679,72314.63023518382,1.2982770465120834,1.915809071390495,41.318780363756034,-0.37170203756525966,0.008898613847845807,2.0471024575338687e+30,-4.721859761806989,10.306550898939552,44.710177519773566,0.09372793353339955,0.1473983841843198,24.09740190234588,-1.914616261401505,2.4147954219360863,7.829546278099724,-0.4477050115018399,2.2943088749610038e-06,0.0006693832911655429,-12.985078903612509,2.5750147814898896,9.859697078994962,0.4996225393991628,0.10433099007475703,0.051241571803671455,0.03957415968942342,0.047768989415551334,0.03568942207550413,0.03810622896289006,0.03957415968942342,0.03810622896289006,5,0.03957415968942342,0.03810622896289006,5,0.02643670881682981,0.02493778785446543,4,0.02643670881682981,0.02493778785446543,4,0.02643670881682981,0.02493778785446543,4,0.02643670881682981,0.02493778785446543,4,0.02643670881682981,0.02493778785446543,4,0.05000000000000001,10.0,44
10,10.0,2000,0.0015,0.05000000000000001,8.305908080179163e-06,2,2,2,2,0.0005,0.0005,0.2685770627029263,0.0,0.9878199168914993,0.9875124150386166,0.24226196159499475,0.9878648720954069,0.9878245700628389,0.27562701165002146,4,30.98581531634887,0.01,0.0134484663540509,0.014313927621309551,0.7017527547072007,1.000045509513565,nan,8.428822462679266,43.68822739216717,2.2441448015608296,7.819601267925874e+21,1.0288949036744572e+21,1.0,1.0,1.0,12,1.307217650111145,0.221700258987121,0.2679009472594553,0.1585002522946909,0.1674099937948713,0.046145208310063655,9.732702624301123,648543671.8052242,2.2754916196334163,2.7703470077203134,43.350921453671766,-0.1880869003855807,4.020057014124914,444.46156642130154,1.3912960851484952,1.8226730523230636,9.347788010779494,-0.44172989392261003,6.312895714317003e-05,2.282263490990122e+34,-9.67033098491697,21.701623009174032,43.68822739216717,0.2725364337139267,0.10403310475119434,11.462011780479713,-2.2630461155768784,2.2527176272814264,6.68505129910045,-0.32524544980869,3.2304206532465754e-06,0.0007160779971602733,-12.642898196006042,2.315045234858298,10.97809816598483,0.4079206325183081,0.9872500183522237,0.987467309872127,0.9878199168914993,0.9877327785835223,0.9878760595095871,0.9878648720954069,0.9906616201825069,0.9906283075523123,5,0.9878199168914993,0.9878648720954069,4,0.9878199168914993,0.9878648720954069,4,0.9878199168914993,0.9878648720954069,4,0.9878199168914993,0.9878648720954069,4,0.9878199168914993,0.9878648720954069,4,0.9878199168914993,0.9878648720954069,4,0.05000000000000001,10.0,45
6,50.0,2000,0.0015,0.05000000000000001,8.305908080179163e-06,2,2,2,2,0.004,0.0005,0.09137847858579366,0.0,0.037875007933499474,0.029138732237395975,0.40716497718718087,0.792019719650988,0.2884765545545053,0.9994858457573703,5,1396.8449915026006,0.01,0.024148645370564773,0.0962753040607363,0.008061574758626176,20.91140735974518,nan,9.757763586897017,44.55027105407076,2.8470360087114046,2.6057316531105006e+35,9.771493699164377e+34,1.0,1.0,1.0,12,1.1863676735377862,0.2704491792215754,0.17089626394658372,0.21420589520626182,0.22269292215367023,0.4870020517958098,12.262468510094775,3421162848635.9224,2.506543256904068,3.5285874542686124,44.55027105407076,-0.2131497741498174,3.0921020350585042,899741.6302416044,1.1288511298762034,2.7263725478162035,38.32227056446427,-0.199049913123817,0.022238629322924496,2.75733775995957e+21,-3.8059244426625005,10.835603934695023,42.697198482937786,0.0046214681499731555,0.19134840657204844,9.288290202963232,-1.6536593944403766,2.178504569646964,4.7393238336258365,-0.6160523589496546,4.88022684682213e-06,0.0020000148849105303,-12.230318854175078,2.4079527015919164,15.244165266366522,0.22084128742618858,0.02472946850963441,0.02481172026905404,0.037875007933499474,0.03627867499496879,0.03713126901755905,0.792019719650988,0.037875007933499474,0.792019719650988,5,0.037875007933499474,0.792019719650988,5,0.02718072026463087,0.7104430446917391,4,0.02718072026463087,0.7104430446917391,4,0.02718072026463087,0.7104430446917391,4,0.02718072026463087,0.7104430446917391,4,0.02718072026463087,0.7104430446917391,4,0.05000000000000001,10.0,46
10,50.0,2000,0.0005,0.05000000000000001,8.305908080179163e-06,2,2,2,2,0.0005,0.0,3.2451233140514795e-11,0.0,0.9904005110420419,0.990334142681614,0.3133926632633809,0.9903845281010674,0.990402559882181,0.3541326174683274,4,31.016961546931885,0.01,0.01200766964812963,0.012710142553343764,2.4263058080877093,0.9999838621438536,nan,8.457167295758804,44.71015650323057,2.7108567319410604,63710613.65350935,7001166.335550478,1.0,1.0,1.0,12,1.3476613948527474,0.22669945682717335,0.29837079017437484,0.1584616106249329,0.16605987784957868,-0.14612886783279974,8.618654036184823,5307257.6216178015,2.1539289281897083,2.6367096145510787,30.275757689445154,-0.15151584688209696,4.48705798773801,178.95071480412764,1.5011972504088922,1.6832160009830497,5.94876795401936,-0.5436202714234287,5.079646419308182e-05,9.335234871308496e+42,-9.887683808300594,26.804094215036287,44.71015650323057,0.2287648937104629,0.11103260544827631,9.09201015891139,-2.1979313780265017,2.293637507915892,4.838866095493724,-0.3478321630048721,2.093381324572591e-06,0.00037070800330839303,-13.07672994066383,2.4258868988269873,8.00127781548514,0.5681165357857729,0.9900004673662578,0.9906014496365427,0.9904005110420419,0.9903458094146882,0.990477342130787,0.9903845281010674,0.9922986792393699,0.9922401222470137,5,0.9904005110420419,0.9903845281010674,4,0.9904005110420419,0.9903845281010674,4,0.9904005110420419,0.9903845281010674,4,0.9904005110420419,0.9903845281010674,4,0.9904005110420419,0.9903845281010674,4,0.9904005110420419,0.9903845281010674,4,0.05000000000000001,10.0,47
6,2.0,2000,0.002,0.1144714242553332,4.55590650270817e-06,2,2,2,2,0.0,0.0,0.0,0.0,0.037434481200471006,0.02883768611859476,0.340177710182912,0.22046331106079128,0.09300037587445326,0.9775357582064441,5,1632.924929972642,0.01,0.022412894258956203,0.055012427608468445,0.01311344754809203,5.889311244361986,nan,9.466712887399435,43.283794784872846,2.5502937261795644,181.30037836833975,51.80010810523993,1.0,1.0,1.0,12,1.2051429826854214,0.25687111447638944,0.18659821773356008,0.20214064267714207,0.208768220502886,0.43573827673344745,10.878206201950412,38764492.54650329,2.386761356690792,2.9632396322653314,33.247505358247054,-0.20316698840786265,3.1037557323429623,262773.98394290206,1.132612904747261,2.621126038535324,32.824944163930176,-0.30581894343443183,0.02026456428165548,6.259305547409351e+20,-3.8988815201616127,9.943293079985605,43.283794784872846,-0.015643413727574346,0.223155874714945,12.285837537887858,-1.4998847619484599,2.2839646647410805,4.4371039876149965,-0.2922747909872794,4.745382294989626e-06,0.0009854290698033965,-12.258338561183713,2.4129018483248785,9.753601884212136,-0.01688733142134644,0.024497605016778883,0.024580972138534392,0.037434481200471006,0.029078981480632864,0.02945883508193561,0.22046331106079128,0.037434481200471006,0.22046331106079128,5,0.037434481200471006,0.22046331106079128,5,0.02634918601974868,0.22031658201589985,4,0.02634918601974868,0.22031658201589985,4,0.02634918601974868,0.22031658201589985,4,0.02634918601974868,0.22031658201589985,4,0.02634918601974868,0.22031658201589985,4,0.1144714242553332,10.0,48
10,2.0,2000,0.0005,0.1144714242553332,4.55590650270817e-06,2,2,2,2,0.0015,0.0,1.3710484092929075e-08,0.0,0.986772696984353,0.9867657373707807,0.3131166930180588,0.9866860274609228,0.9868342378781249,0.34014426268641873,5,30.30169886087283,0.01,0.011407209029256925,0.012011975039601339,1.5933691360326618,0.9999121687054222,nan,8.706477399785356,44.7101093683223,2.772031728865956,1.7775654872734613e+98,3.1185359425850197e+97,1.0,1.0,1.0,12,1.3293896552733562,0.23758071440523626,0.2847199310946594,0.1656966059577121,0.1761874040974248,-0.06060050539437424,8.524943269115544,84771294.0510818,2.142996368498235,2.6690301889129837,34.105135168754366,-0.13423133440522256,5.112106886869805,311.0006005350491,1.6316116258687334,1.7943406751907824,6.9817367558914345,-0.7248281972410497,0.0001229611366437287,2.6702257706881967e+45,-9.003642214764552,24.958381894684287,44.7101093683223,0.198298658463604,0.1125463089266638,33.118430860977334,-2.1843905071323886,2.3832056379095707,10.18983332000145,0.007116654100094656,1.2378033383781139e-06,0.00015001649661295046,-13.602172250619327,2.4328791257643743,7.277084355870917,0.535614861599983,0.9853616262853365,0.9881628888426524,0.986772696984353,0.9861995034064303,0.9876171827670215,0.9866860274609228,0.986772696984353,0.9866860274609228,5,0.986772696984353,0.9866860274609228,5,0.9852663409827928,0.9852102437142897,4,0.9852663409827928,0.9852102437142897,4,0.9852663409827928,0.9852102437142897,4,0.9852663409827928,0.9852102437142897,4,0.9852663409827928,0.9852102437142897,4,0.1144714242553332,10.0,49
6,10.0,2000,0.001,0.1144714242553332,4.55590650270817e-06,2,2,2,2,0.0,0.0,0.0,0.0,0.04762821985815616,0.05929778312163963,0.31135678601063016,0.044966842706735954,0.05390472379218623,0.3742358043578291,5,878.137017614943,0.01,0.011601996227253598,0.012688121433265365,4.854267808567925,0.9441218429043501,nan,8.360689334421826,44.71017777549855,1.708752309133972,6406.013898037887,2135.337966012629,1.0,1.0,1.0,12,1.4462438943202198,0.3213104449218426,0.3689697777849241,0.20316451936095045,0.21745578650159866,-0.46411226256447397,7.67300517363957,33647492.597410515,2.0377083474608515,1.9525643659181895,44.24116625971349,-0.12956267522032047,3.8710745764258756,4198.558955377438,1.3535321368260746,1.604771935110733,30.865314712873065,-0.6371679398304088,0.005031744397922816,7.206433326976729e+24,-5.291988556199478,9.042697665316414,44.71017777549855,0.13685738862196276,0.09013054129892958,11.737466859580781,-2.4064962006742854,2.5012210649235938,6.012349762046282,0.09557977384282006,1.5222086221348834e-06,0.0016589710287464063,-13.395348236870271,2.6720110713999308,17.837828147503927,0.4102760704177616,0.04034193431305248,0.08992319519371025,0.04762821985815616,0.04378818994427476,0.07295913872554796,0.044966842706735954,0.04762821985815616,0.044966842706735954,5,0.04762821985815616,0.044966842706735954,5,0.04762821985815616,0.044966842706735954,5,0.0399977564780418,0.037215814903088944,4,0.0399977564780418,0.037215814903088944,4,0.0399977564780418,0.037215814903088944,4,0.0399977564780418,0.037215814903088944,4,0.1144714242553332,10.0,50
10,10.0,2000,0.0015,0.1144714242553332,4.55590650270817e-06,2,2,2,2,0.0005,0.0,9.980198865810621e-09,0.0,0.989733636101176,0.9894574116162927,0.28788832550990834,0.989832377591636,0.9899157203371085,0.3243319294315494,4,29.91610566909512,0.01,0.014654506228529096,0.015749742824430146,0.39587416312579,1.0000997657216633,nan,8.401737457440046,44.70382284505921,2.357623036766111,1.4288990237994587e+32,1.7425597851212912e+31,1.0,1.0,1.0,12,1.29037665238616,0.2036078767653576,0.25493415435004896,0.14872064568670415,0.15600418330776708,0.1327621904159455,9.362677369736017,1738274721.6656547,2.2367312933619954,2.8507741928419663,43.521743046100276,-0.15855426565327763,3.838226570034814,839.3899758361847,1.3450104292028824,1.8795072631105054,13.783612572227469,-0.5394964627542144,0.00014616164862054742,2.0355555818084196e+40,-8.830797366397741,20.819691304032816,44.70382284505921,0.22941592788391604,0.11132404960047748,14.56209192615202,-2.195309964972479,2.2960634504051787,6.855687303971681,0.012142481519649903,4.605655092198572e-06,0.0005911164884847025,-12.288225641653886,2.3599412821962904,8.144048285847639,-0.004601975825246448,0.9892816629578627,0.9893569357898396,0.989733636101176,0.9899636507371922,0.9899511326824972,0.989832377591636,0.9931858799666518,0.9931618276788253,5,0.989733636101176,0.989832377591636,4,0.989733636101176,0.989832377591636,4,0.989733636101176,0.989832377591636,4,0.989733636101176,0.989832377591636,4,0.989733636101176,0.989832377591636,4,0.989733636101176,0.989832377591636,4,0.1144714242553332,10.0,51
6,50.0,2000,0.0005,0.1144714242553332,4.55590650270817e-06,2,2,2,2,0.008,0.0,6.498043892446223e-08,0.0,0.028716540486080595,0.02972718098799725,0.24543955007344273,0.027833113717351848,0.02465262074863364,0.2616680809155961,5,898.834340790709,0.01,0.011521677930521682,0.012156986480244877,0.20610311320508884,0.969236309326433,nan,10.053314382159908,43.91949211298924,2.2966267386606143,204124151.26271763,153093113.44703823,1.0,1.0,1.0,12,1.271894954790106,0.3492189007110778,0.24050787879560967,0.25091881953620004,0.26581099312843337,0.13618250834688808,16.04999139579093,3234763958.2223864,2.7757083134880887,3.641901490956772,17.74622735703219,-0.2721049515688916,4.4173037824194905,172775104.66213313,1.4855295059839932,2.716719595472349,43.91949211298924,-0.42496347391691397,0.025957180561540706,5.080613481909875e+19,-3.6513070000728964,8.385689287426088,34.124046996331494,-0.04807256192498311,0.16261273817034794,30.352266885605484,-1.8163837444058408,2.7516512272226317,6.333469590248914,-0.1275766016707274,1.0370593817378535e-06,0.00045447770987149384,-13.779121367349738,2.797549324480367,10.00529499980572,0.5290470913291561,0.03029896337439425,0.03016603910351691,0.028716540486080595,0.022924259852804836,0.02320048867574424,0.027833113717351848,0.028716540486080595,0.027833113717351848,5,0.028716540486080595,0.027833113717351848,5,0.015567522193290452,0.014670602649263556,4,0.015567522193290452,0.014670602649263556,4,0.015567522193290452,0.014670602649263556,4,0.015567522193290452,0.014670602649263556,4,0.015567522193290452,0.014670602649263556,4,0.1144714242553332,10.0,52
10,50.0,2000,0.001,0.1144714242553332,4.55590650270817e-06,2,2,2,2,0.001,0.0,8.631591675674932e-10,0.0,0.9934152461056512,0.9931251966559036,0.2845133318070058,0.9934637931276478,0.9934784226721964,0.3213632771591528,4,26.389106277650676,0.01,0.01340149935141226,0.014265716044966136,0.6956595046122347,1.0000488688110907,nan,8.557676773990831,44.71016863027661,2.4727997122712018,2.4784701813256494e+36,3.490803072289647e+35,1.0,1.0,1.0,12,1.3056016278474187,0.218108965296737,0.2666639520463359,0.1567621313340883,0.16495462012614137,0.05112638439492057,10.065011358483215,378127559.6688077,2.309065187604105,3.116143056194034,28.217719729949774,-0.1682645159339674,3.9923627472254606,837.4423925693867,1.3843832228643735,1.8254851928426488,14.157961392452126,-0.5770303248475922,9.422959375679767e-05,4.664049452736431e+48,-9.269776266942447,22.922300085713697,44.71016863027661,0.2275228785861046,0.10995354683180776,55.87790594219089,-2.207697303913144,2.297764438814965,17.08832928551076,0.01752453222573174,3.296199338216417e-06,0.0005962324906172803,-12.622740468918023,2.3762488229934586,10.076728300760859,0.13620393260279345,0.992880354669959,0.9930799891921005,0.9934152461056512,0.9934435928969706,0.9935278819919707,0.9934637931276478,0.9955493508915103,0.9955367752959554,5,0.9934152461056512,0.9934637931276478,4,0.9934152461056512,0.9934637931276478,4,0.9934152461056512,0.9934637931276478,4,0.9934152461056512,0.9934637931276478,4,0.9934152461056512,0.9934637931276478,4,0.9934152461056512,0.9934637931276478,4,0.1144714242553332,10.0,53
6,2.0,2000,0.0,0.1144714242553332,1.0054910036752826e-05,2,2,2,2,0.0195,0.0005,0.00289849107132711,0.0,0.04655706705052451,0.03528586549584813,0.8366164740137729,0.001463625874747665,0.3373723784302072,0.9792713206886665,4,308.2476858807343,0.01,0.10817271509939265,0.00020313163329551505,0.0003901435097371554,0.03143724395609616,nan,10.632173522964099,44.71017780683129,45.3508142143565,3.008660062910739e+21,5.1577029649898386e+20,0.8333333333333334,1.0,1.0,12,0.9639526117293816,0.20608441229822677,-0.03671314353695641,0.20450215844319516,0.2093241917061154,1.2826606220520913,8.423900267136064,968329506224.7675,2.131072935627696,4.458075698168111,43.8025389087508,-0.2803364458624596,0.9055679362489971,2025743601.2482502,-0.09919297824550023,4.498482327780387,31.527041572755113,0.18832929755415073,0.05132115306320771,1.6330975946575727e+42,-2.9696522713809537,13.529018962938057,44.71017780683129,-0.11380196653073749,0.38769926032815316,3.833653823648874,-0.9475253421529514,1.7519561621331705,2.4895111806315713,-0.6963100682380609,2.662693234188784e-05,0.0018287559469905628,-10.533587360347072,2.197168480088792,5.543556046858326,-0.44323506839531873,0.02705822018453773,0.032242309252482164,0.04655706705052451,0.026052025027458854,0.9846014843884151,0.001463625874747665,0.10618908330749882,0.1088982019954702,5,0.04655706705052451,0.001463625874747665,4,0.04655706705052451,0.001463625874747665,4,0.024199590308205385,0.00014643874422692302,2,0.024199590308205385,0.00014643874422692302,2,0.024199590308205385,0.00014643874422692302,2,0.024199590308205385,0.00014643874422692302,2,0.1144714242553332,10.0,54
10,2.0,2000,0.0,0.1144714242553332,1.0054910036752826e-05,2,2,2,2,0.0015,0.0,1.3358796946784762e-08,0.0,0.7324667484038732,0.7204597046248472,0.5702451750303439,0.8946647004222525,0.7850500543387214,0.9957689729082772,4,113.09058604790317,0.01,0.026451270165095974,0.07910101510662682,0.03210284454656856,1.2214407034473944,nan,8.268073654806575,44.70572351222814,2.535164966425697,6.3605651390720355e+65,9.637219907684903e+64,1.0,1.0,1.0,12,1.2369492178408972,0.18223594270656643,0.21264803989256337,0.14142920683851637,0.1458343170014985,0.09153471634049118,12.249404444062916,1534367859.0764716,2.50547731899771,3.2193513609124107,42.32180167469221,-0.5045008443936835,2.154452655707947,1621.3923802100928,0.7675367032247203,1.9458321604611883,19.89610053276274,-0.010038720202337372,0.0010129308319722704,3.17262432268684e+30,-6.894907336429556,15.194971247961355,44.70572351222814,0.1570010277021539,0.12751044516899057,38.67396806269859,-2.0595569948451096,2.215548980533499,14.134543635041528,-0.04868908927795656,1.1536556723714176e-05,0.004696172666112953,-11.36998971890218,2.301447643856577,17.08855172339865,-0.05972752122344247,0.7142102855173618,0.7147020799533065,0.7324667484038732,0.7290798222941334,0.7314056402997782,0.8946647004222525,0.7401698967710011,0.9091922487239603,5,0.7324667484038732,0.8946647004222525,4,0.7324667484038732,0.8946647004222525,4,0.7324667484038732,0.8946647004222525,4,0.7324667484038732,0.8946647004222525,4,0.7324667484038732,0.8946647004222525,4,0.7324667484038732,0.8946647004222525,4,0.1144714242553332,10.0,55
6,10.0,2000,0.0005,0.1144714242553332,1.0054910036752826e-05,2,2,2,2,0.0005,0.0,3.685126971055245e-10,0.0,0.04425753425923101,0.03394471473884586,0.4616639559414507,0.057881957263821046,0.18169678340868112,0.975302539738577,5,1895.7249310434986,0.01,0.029444225358164548,0.014695962141942518,0.008059825972062236,1.3078441497618751,nan,9.448238012235088,44.29659071431013,2.779001378153204,346.6720941417848,80.00125249425803,1.0,1.0,1.0,12,1.1813700597027026,0.2484032406042492,0.16667483250459758,0.1997591908609035,0.20605147031999013,0.29494958136477684,10.08499093322132,8333329541.989744,2.3110482723697094,3.098599359018649,44.29659071431013,-0.46141377690243685,2.5814570892330604,67346.0957700936,0.948354002783399,2.6354770807121732,17.06196434672844,-0.07602075754880715,0.0152260896185242,6.300364403554936e+25,-4.184744900227864,11.2389944244014,42.70136781488535,-0.028875922712664235,0.2315896164514245,18.25451777920826,-1.4627883682632206,2.0857847245050833,7.952713454530567,-0.3378304963193017,8.40158647617155e-06,0.001718951409460993,-11.687090003737085,2.363997211049741,8.495456969816786,0.07599015811107859,0.02866546309323248,0.028911146864074085,0.04425753425923101,0.21020366490962136,0.27700472805260096,0.057881957263821046,0.04425753425923101,0.057881957263821046,5,0.04425753425923101,0.057881957263821046,5,0.035258234483304514,0.021048600485177656,4,0.035258234483304514,0.021048600485177656,4,0.035258234483304514,0.021048600485177656,4,0.035258234483304514,0.021048600485177656,4,0.035258234483304514,0.021048600485177656,4,0.1144714242553332,10.0,56
10,10.0,2000,0.0005,0.1144714242553332,1.0054910036752826e-05,2,2,2,2,0.001,0.0005,1.8803834773217355e-08,0.0,0.7005086902504079,0.6871104970322324,0.5400048531906398,0.7721859631154712,0.7174250017790224,0.9604165873612213,4,127.2617234935816,0.01,0.025018131947733956,0.04617468867997206,0.04557674413558333,1.1023217468429138,nan,8.1875858862503,44.71007205440283,2.5094841427421954,7.645368629545773,0.9677681809551612,1.0,1.0,1.0,12,1.2553354210100138,0.19102988116478922,0.22740280461115092,0.14553592278747018,0.1505392707848755,-0.012430486945859768,11.088013877964437,6764899.930529994,2.4058646940669335,2.9719863891676854,26.06890932838489,-0.5129743731687967,2.1996918293227132,2805.6278461829525,0.7883172729719048,1.927488325551004,22.365793636919005,-0.02091542336851222,0.001903496871850696,2.134100050651851e+39,-6.264062625510188,15.71956582786186,44.71007205440283,0.11163039807403675,0.14178057178270392,11.225711790171948,-1.953474685676503,2.2371876651222307,5.88930545729622,-0.09563586221087002,1.0356917672580656e-05,0.000538156604290043,-11.477855887353048,2.243397851823644,5.156597816987604,-0.013191416100430817,0.680137211211378,0.6806855896349112,0.7005086902504079,0.6891954196620123,0.6908936225595835,0.7721859631154712,0.7092238650159594,0.772527451464969,5,0.7005086902504079,0.7721859631154712,4,0.7005086902504079,0.7721859631154712,4,0.7005086902504079,0.7721859631154712,4,0.7005086902504079,0.7721859631154712,4,0.7005086902504079,0.7721859631154712,4,0.7005086902504079,0.7721859631154712,4,0.1144714242553332,10.0,57
6,50.0,2000,0.001,0.1144714242553332,1.0054910036752826e-05,2,2,2,2,0.002,0.0005,0.015443378264048055,0.0,0.045336628495723744,0.034487479425695765,0.4160903987475332,0.05363668835724996,0.28781909021070706,0.9759182189070869,5,1751.2763782729232,0.01,0.02924711817497163,0.011993742740322331,0.007202155072070257,1.1830762484314223,nan,9.725827302176144,44.707508389854794,3.259370693711315,44807.624957256376,12802.178559216107,1.0,1.0,1.0,12,1.1855654626977123,0.26558359404211546,0.17021984448230307,0.21296077087874116,0.21892987042774115,0.2600191458360853,10.653809258923651,157524674.80167672,2.365917505098542,3.1479685886995443,27.617635461560887,-0.47160752220034136,2.5012204345089457,5548473951.757428,0.9167787865596674,2.880535763776261,43.478908720027995,-0.05859179048458286,0.027653532493606726,1.4939917009581091e+34,-3.5880018017199506,11.694627921509404,44.707508389854794,-0.078778002947877,0.22120805647858138,6.813898926657322,-1.5086515883038052,2.1381863230849563,3.6536981177858343,-0.30810152583134376,6.9666350030163905e-06,0.1840572210003178,-11.874378232693518,2.4895355610622776,41.784407666538925,0.14738843523154346,0.028931569828114748,0.0291942399532488,0.045336628495723744,0.33956416326751465,0.4702564190073565,0.05363668835724996,0.045336628495723744,0.05363668835724996,5,0.045336628495723744,0.05363668835724996,5,0.03647973747371134,0.018569799601825115,4,0.03647973747371134,0.018569799601825115,4,0.03647973747371134,0.018569799601825115,4,0.03647973747371134,0.018569799601825115,4,0.03647973747371134,0.018569799601825115,4,0.1144714242553332,10.0,58
10,50.0,2000,0.0005,0.1144714242553332,1.0054910036752826e-05,2,2,2,2,0.0005,0.0,9.148159529284363e-10,0.0,0.10081244609900575,0.0777142020418096,0.7221535288425334,0.00896009847400734,0.26939462431960287,0.9888468116589831,4,1226.8993715311753,0.01,0.03604282145001665,0.00912915620633201,0.013126329938838562,0.08887889165200712,nan,8.230517581628032,44.71017776927334,4.189655198020495,2.0544108238315302e+48,3.1127436724720156e+47,1.0,1.0,1.0,12,1.222512865630236,0.17115222909835284,0.20090846634442563,0.13511812819204075,0.13870890938324737,0.18269388577732007,12.184339807592782,4084011.1403914504,2.5001515048619276,3.1482848086162596,16.182352511452226,-0.5141973373609736,1.5996619445050844,1132.8042859277557,0.4697923222376599,1.9682678448531312,17.621073795774308,0.14134799646043122,0.0018734198015113181,7.589998448580867e+26,-6.279989747419483,13.004557897752104,44.71017776927334,0.1361606082072667,0.14982140210668812,14.023307154419607,-1.898311346897941,2.1619140375738217,7.071860178921995,-0.12448168862535562,1.4214465456302104e-05,0.0011624893468751359,-11.161250417768008,2.244127148606631,6.228009125954504,-0.15426891668870546,0.06522143799764622,0.06710872202877681,0.10081244609900575,0.5642842648632082,0.23493950962159307,0.00896009847400734,0.10658738676822489,0.05699771450108521,5,0.10081244609900575,0.00896009847400734,4,0.10081244609900575,0.00896009847400734,4,0.10081244609900575,0.00896009847400734,4,0.10081244609900575,0.00896009847400734,4,0.10081244609900575,0.00896009847400734,4,0.10081244609900575,0.00896009847400734,4,0.1144714242553332,10.0,59
6,2.0,2000,0.0005,0.1144714242553332,2.552771750786518e-06,2,2,2,2,0.0155,0.0,1.1665084219872999e-08,0.0,0.0327798359034268,0.02228467913854067,0.3840382873247386,0.03530246372565307,0.11037120850152986,0.954077370316062,5,1435.9449129004836,0.01,0.024315949966468714,0.00915799670146251,0.0014126441715499969,1.0769566946478386,nan,10.704691762217603,44.710177812191965,2.77264830399855,2540276122916.5083,3048331347499.81,1.0,1.0,1.0,12,1.1685702336524453,0.32905607408732246,0.15578097901201243,0.25900639891738925,0.27209019722236055,0.558852314295362,22.88945722221241,967161267696146.6,3.1306764212417586,4.517156061126129,44.148136976041926,-0.36267747407316847,3.1535755210091145,20631745.424205773,1.1485368951491028,3.1844888744149205,18.657011069849712,-0.16602721096539283,0.02655483432924596,9.926614235410135e+26,-3.628543463905396,7.78958202281713,44.710177812191965,-0.17410677846689362,0.18517318128283086,32.023931314052355,-1.6864637767439186,2.6095344290105937,7.190565925938546,-0.18431114564617213,1.1720084012641854e-06,0.0013056603361918855,-13.656791698520994,2.8084854478166097,13.181568833876929,0.2771817354832732,0.01700787269725488,0.017066328814940333,0.0327798359034268,0.14222561467042277,0.15358554710851374,0.03530246372565307,0.0327798359034268,0.03530246372565307,5,0.0327798359034268,0.03530246372565307,5,0.027612628608161237,0.01767771527822019,4,0.027612628608161237,0.01767771527822019,4,0.027601514276197798,0.017494126965883462,3,0.027601514276197798,0.017494126965883462,3,0.027601514276197798,0.017494126965883462,3,0.1144714242553332,10.0,60
10,2.0,2000,0.0,0.1144714242553332,2.552771750786518e-06,2,2,2,2,0.001,0.0,2.464171453678256e-09,0.0,0.9276304490850028,0.9305489179925744,0.5141124910942508,0.9265785380521776,0.9304032305015117,0.5514061274196614,4,59.66257375488918,0.01,0.01070789130211321,0.011394942031479699,4.50531439330187,0.9988660236046987,nan,8.575886953231208,44.710177812216706,2.516601235561548,1.7402101866082638e+145,1.8711937490411435e+144,1.0,1.0,1.0,12,1.382029735776309,0.247146974274544,0.3235532415946886,0.16518698603247461,0.1763111509476796,-0.13939316700081167,6.535562622814717,544777.116014409,1.877258437144578,2.2686051527642626,16.266436995164433,-0.16964290400090526,5.901104324098419,616.903785983531,1.7751395069728888,1.638396550222116,12.475601404124506,-0.7051494449476187,4.111250748150468e-06,1.963039692738022e+83,-12.401783257466763,31.210343068907378,44.710177812216706,0.2376462426442884,0.10630296212768534,10.993005662799872,-2.2414621282869613,2.269839737206317,5.84358649801385,0.03261554995071507,9.34204571491533e-07,0.00022282999337351164,-13.883570395407682,2.4687750998921225,8.806556148330285,0.4071815077185198,0.9214997540062397,0.942516550886481,0.9276304490850028,0.9256121476128016,0.939019005839556,0.9265785380521776,0.9309620353290124,0.9298559407189408,5,0.9276304490850028,0.9265785380521776,4,0.9276304490850028,0.9265785380521776,4,0.9276304490850028,0.9265785380521776,4,0.9276304490850028,0.9265785380521776,4,0.9276304490850028,0.9265785380521776,4,0.9276304490850028,0.9265785380521776,4,0.1144714242553332,10.0,61
6,10.0,2000,0.001,0.1144714242553332,2.552771750786518e-06,2,2,2,2,0.0035,0.0005,0.11967831941659014,0.0,0.030823523536009777,0.07282623504826258,0.3573815792278612,0.02961503556878746,0.02987155568449623,0.3912077631990761,5,901.6628335593301,0.01,0.012274771381482216,0.012880819686078161,1.3831688135490938,0.9607933218338749,nan,9.540190391498216,44.70911008206013,1.8540707533788767,16265.370577110622,12199.027932832967,1.0,1.0,1.0,12,1.3502181314985227,0.3537537945418867,0.30026615828567016,0.23868568284924574,0.25440059396176634,0.0010941007249183335,12.52530633823463,3279777422.863143,2.5277511048143184,2.9563096631267953,26.97322194465532,-0.3502154888338169,3.7663825266246422,79728.19712898866,1.3261149987954046,2.191585702917717,25.78094102735306,-0.3222734611178707,0.014384310786604486,3.167317897043235e+17,-4.241617195076076,7.864258388419498,44.70911008206013,-0.0944965518325233,0.12075276330672377,22.694990241673917,-2.1140101021835687,2.6406355168546183,7.006887515761557,-0.02022996147459723,9.329870084600057e-07,0.0003249072674239591,-13.88487456067618,2.7040857632681106,9.43390487523288,0.37223069857223007,0.14054575638919423,0.04710942521958372,0.030823523536009777,0.03074083926575121,0.02925879221895002,0.02961503556878746,0.030823523536009777,0.02961503556878746,5,0.030823523536009777,0.02961503556878746,5,0.018454626983055066,0.01712386970293284,4,0.018454626983055066,0.01712386970293284,4,0.018454626983055066,0.01712386970293284,4,0.018454626983055066,0.01712386970293284,4,0.018454626983055066,0.01712386970293284,4,0.1144714242553332,10.0,62
10,10.0,2000,0.001,0.1144714242553332,2.552771750786518e-06,2,2,2,2,0.0005,0.0,5.566753985964258e-10,0.0,0.9921711027438591,0.9912522832144312,0.2696519386054791,0.9922278980868249,0.9921755817386418,0.30302796996983233,4,28.351806682357385,0.01,0.01253451336525818,0.013293626330859374,1.1747882373581928,1.000057243496418,nan,8.540780633975224,44.71017624524046,2.9702090401014254,21887.452666365098,2669.201544678671,1.0,1.0,1.0,12,1.3146573269247566,0.21779467016617937,0.273576043780885,0.15600944096544556,0.16360527071682351,0.17275403665722738,9.128883463034747,3362770923.2573195,2.2114433939230587,2.764121877776741,43.85574412012481,-0.2601324235033982,4.437468170933096,1157.339748267308,1.4900839820283387,1.7810862946421677,16.661958758980177,-0.48861130180304324,0.00020397447715063397,9.643148375846224e+59,-8.497515683953914,25.23939790288356,44.71017624524046,0.1391773766540949,0.1043999619553269,16.441339519900147,-2.2595259679462427,2.3088314540446535,6.960947576941921,0.03988853791250837,3.0048378606211785e-06,0.0005584387113969405,-12.715286947964863,2.3611901238529267,9.613007766526763,-0.06905156785289064,0.9900316495408104,0.9915540973586238,0.9921711027438591,0.9922065320112942,0.9920923151178066,0.9922278980868249,0.9944002763251287,0.9943974125035073,5,0.9921711027438591,0.9922278980868249,4,0.9921711027438591,0.9922278980868249,4,0.9921711027438591,0.9922278980868249,4,0.9921711027438591,0.9922278980868249,4,0.9921711027438591,0.9922278980868249,4,0.9921711027438591,0.9922278980868249,4,0.1144714242553332,10.0,63
6,50.0,2000,0.0,0.1144714242553332,2.552771750786518e-06,2,2,2,2,0.012,0.0005,0.022246327698206957,0.0,0.03577610834410921,0.02952679983973878,0.5836980742461106,0.019933142285479225,0.0272817053520468,0.8372798304803686,5,1700.683152144371,0.01,0.04426900098551845,0.0007640709923923267,0.0007497433566171238,0.5571635152083656,nan,10.486831121365084,44.71015397993907,3.448059542117674,1306248.151964713,653124.0759823564,1.0,1.0,1.0,12,1.0963586803944312,0.2693755169025742,0.09199439812053019,0.2294114571358944,0.23919204189894425,0.9089908104295167,13.930866842819437,15809507564.714014,2.6341070143422813,4.009881336105223,28.0830124364921,-0.28472197744708794,2.9816222257191023,54074541475574.26,1.0924675234478245,3.766893068677935,44.71015397993907,-0.12547275058010532,0.03021207623736333,4.203560058043794e+24,-3.4995135591207958,9.539102807523332,44.7095204383247,-0.1557011142818933,0.22827683111380848,11.575127452513096,-1.4771962149860771,2.3196731794925505,4.318620768545202,-0.29755650411188894,4.737585213225024e-06,0.0010597655836240537,-12.259983000757066,2.535979468508403,7.583446965163425,-0.2438299816450403,0.026318073599885538,0.026486217575221606,0.03577610834410921,0.034416130402738304,0.027495843367922882,0.019933142285479225,0.03577610834410921,0.019933142285479225,5,0.03577610834410921,0.019933142285479225,5,0.030645462742437887,0.002024968155436034,4,0.030645462742437887,0.002024968155436034,4,0.030645462742437887,0.002024968155436034,4,0.030645462742437887,0.002024968155436034,4,0.030645462742437887,0.002024968155436034,4,0.1144714242553332,10.0,64
10,50.0,2000,0.001,0.1144714242553332,2.552771750786518e-06,2,2,2,2,0.0,0.0,0.0,0.0,0.9889959389028282,0.9890775148516097,0.3217541070008319,0.9890176323251599,0.9889543491762617,0.3598674250949457,4,30.0758425946508,0.01,0.011630040747970964,0.01230272991741411,2.1294540312270853,1.0000219347941466,nan,8.483347910462491,44.71017781221652,2.365994770612974,inf,inf,1.0,1.0,1.0,12,1.3322289846575213,0.22694534590526974,0.2868534677468418,0.15908814695665496,0.16813691107099976,0.08595132308120307,9.251140511511872,27758153486.345665,2.2247468424655175,2.878140550966218,36.41699439457873,-0.254449412215617,4.649280178968483,430.72191183235606,1.5367124073946423,1.7318439657449531,11.395923621659069,-0.5294283645354693,2.579787475615121e-05,1.1566894102147677e+58,-10.565218443222198,24.99725158704747,44.71017781221652,0.22324278044279244,0.1053865170637946,12.160758607601554,-2.250120572653417,2.2847468348586797,6.327816853699741,0.03619241941111651,2.2065931206444593e-06,0.003288178490050456,-13.024060806251976,2.347256248084832,29.092171463122984,0.062085244572343115,0.9895727275659874,0.988663878086013,0.9889959389028282,0.989068363562161,0.9887770516414642,0.9890176323251599,0.9916090268327094,0.9915734900165106,5,0.9889959389028282,0.9890176323251599,4,0.9889959389028282,0.9890176323251599,4,0.9889959389028282,0.9890176323251599,4,0.9889959389028282,0.9890176323251599,4,0.9889959389028282,0.9890176323251599,4,0.9889959389028282,0.9890176323251599,4,0.1144714242553332,10.0,65
6,2.0,2000,0.0,0.1144714242553332,3.2389534554170503e-06,2,2,2,2,0.008,0.0005,0.004056654093917969,0.0,0.03070847210907685,0.024190741248154873,0.4576175438960099,0.025191939350728484,0.09244427267734849,0.9249910627386279,5,1548.0313864002842,0.01,0.029547774462637753,0.007987617931455242,0.0014595272195966037,0.8203579540280097,nan,10.594357141402105,44.70998743406793,2.9469240223695206,204124493.27095118,102062246.63547559,0.8333333333333334,1.0,1.0,12,1.1367396566676335,0.3070996612970038,0.12816421464277716,0.2493217573335497,0.26170786264002327,0.4754611110099247,14.832245325379922,131965135905.4355,2.6968035489631346,4.0952765813789975,31.68378959370054,-0.45967812508275224,3.8090070501053663,23381054158.152477,1.3373685384019125,3.941123472577811,44.34182582606776,-0.11432188519669761,0.02584238192976495,3.9009849038954346e+30,-3.655739424371582,9.641301551204863,44.70998743406793,-0.12399670406744569,0.24707868852454734,15.873044576506135,-1.3980484160665856,2.3941580641506,5.173034050596123,-0.3213579138369741,2.9002336312421124e-06,0.0008688858098177399,-12.75071926171955,2.579549506307019,9.535386260208163,0.04282103271285276,0.02091465688214473,0.02094909475324304,0.03070847210907685,0.11935737134869294,0.13278350733262403,0.025191939350728484,0.03070847210907685,0.025191939350728484,5,0.03070847210907685,0.025191939350728484,5,0.022997899182460084,0.0024503649048596356,4,0.022997899182460084,0.0024503649048596356,4,0.022997899182460084,0.0024503649048596356,4,0.022997899182460084,0.0024503649048596356,4,0.022997899182460084,0.0024503649048596356,4,0.1144714242553332,10.0,66
10,2.0,2000,0.0005,0.1144714242553332,3.2389534554170503e-06,2,2,2,2,0.0,0.0,0.0,0.0,0.2076134813274063,0.18200379260945773,0.5841755145300337,0.10913735022998829,0.6720076540998149,0.9872288133414278,5,524.2617838489679,0.01,0.030590936002505446,0.01061116329033754,0.009562439872102941,0.525675642700094,nan,8.68757598993308,44.70976854904195,3.4595992568015577,168.41863910039046,51.035951242542566,0.9,1.0,1.0,12,1.2269450740466186,0.20243044231114973,0.20452740029863375,0.156398641129733,0.16293389962163518,0.2696929703494783,16.987903753706643,69608262.2682102,2.8325015468890986,3.692910208882457,19.38272987338702,-0.5465085648969276,1.8131440389448628,171.6796123000267,0.5950623764629368,2.058677355361745,6.079203422275699,0.14171696016428936,0.002426620924981605,1.4048429003436706e+27,-6.0212555552148,12.339864057208626,44.70976854904195,0.09481680755550666,0.13507771702596694,14.521525684214575,-2.0019049845110053,2.214155459291857,7.126811223144854,-0.07475765613130189,6.100632189975423e-06,0.0012189627919162085,-12.007118154454135,2.2534656138649027,12.306720069458,-0.2809637429459244,0.16857608655105744,0.1698218099499094,0.2076134813274063,0.9926680901190934,0.914217521950363,0.10913735022998829,0.2076134813274063,0.10913735022998829,5,0.2076134813274063,0.10913735022998829,5,0.20212463616418638,0.05476143736462831,4,0.20212463616418638,0.05476143736462831,4,0.20212463616418638,0.05476143736462831,4,0.20212463616418638,0.05476143736462831,4,0.20212463616418638,0.05476143736462831,4,0.1144714242553332,10.0,67
6,10.0,2000,0.0015,0.1144714242553332,3.2389534554170503e-06,2,2,2,2,0.002,0.0,6.798529324377491e-09,0.0,0.035663747682450654,0.03285462058089619,0.2794144047015641,0.03462416603938284,0.02964663837456526,0.30173978764421655,5,1129.4432580632886,0.01,0.014601540430870802,0.015598793410216874,0.24551041631015016,0.9708504655112461,nan,9.43075614088889,44.70997799560892,2.3335852125816765,115292645187575.58,49411133651818.1,1.0,1.0,1.0,12,1.3015254783460377,0.3184342095939301,0.26353702140074053,0.22609268359908213,0.23832328325258978,-0.07443853002802484,10.1296892177778,2634411009284.6484,2.315470638399822,2.8337703133511662,44.70946323150387,-0.5297451748250633,3.6519280091680906,9089.383717371416,1.2952552498243195,2.195809652304974,14.591002658165323,-0.18601037488459377,0.01593975216564452,6.471915033820403e+27,-4.138939153692976,9.658567204833249,44.70997799560892,-0.07374695136892798,0.17922411699328947,25.038705639835506,-1.7191182060608088,2.544671103051677,6.186544329916564,-0.17617673669479228,1.9304186711346027e-06,0.004666650935204377,-13.15777365052395,2.7505612565970945,18.642992946898485,0.1881482775041511,0.03135136216999342,0.0315487518902445,0.035663747682450654,0.02701201854881524,0.027303730535497697,0.03462416603938284,0.035663747682450654,0.03462416603938284,5,0.035663747682450654,0.03462416603938284,5,0.021555575658159954,0.02062895128091201,4,0.021555575658159954,0.02062895128091201,4,0.021555575658159954,0.02062895128091201,4,0.021555575658159954,0.02062895128091201,4,0.021555575658159954,0.02062895128091201,4,0.1144714242553332,10.0,68
10,10.0,2000,0.0015,0.1144714242553332,3.2389534554170503e-06,2,2,2,2,0.002,0.0,1.884795603025954e-08,0.0,0.9823504980369686,0.983296635832339,0.2334678261568327,0.9821641994802499,0.9832299093844664,0.2540110723518769,5,28.3151838721415,0.01,0.014704890776494227,0.015992644754031417,0.0782150276152679,0.9998103542909674,nan,8.968269136101007,44.6944967622657,2.247824304665324,158113910.3750987,54522038.060378864,1.0,1.0,1.0,12,1.2656781078859454,0.22531477635148278,0.2356080322188218,0.16735297911301744,0.17547536834238645,0.06632079227712072,15.191762667657272,348758166.21112293,2.7207533511958344,3.5276116966600495,28.423989102519172,-0.5404389787746027,3.503293713435293,604.8791038951651,1.2537035869565987,1.974910831108681,11.820892162389406,-0.18577634390043332,0.0007047899971975471,3.2937338476304007e+31,-7.257610675841503,16.31383367095506,44.6944967622657,0.1475055884923271,0.12081446119167366,13.854493489801998,-2.1134992887947113,2.359248670720024,5.591339096204803,-0.02285929789114609,1.6812217671838961e-06,0.00020996290953186387,-13.295989786490335,2.376788263835198,8.216253729043194,0.27588889954660617,0.9837819177474434,0.9837574917126051,0.9823504980369686,0.9837791224966232,0.9837464061765263,0.9821641994802499,0.9823504980369686,0.9821641994802499,5,0.9823504980369686,0.9821641994802499,5,0.9814015379299832,0.9812711132683752,4,0.9814015379299832,0.9812711132683752,4,0.9814015379299832,0.9812711132683752,4,0.9814015379299832,0.9812711132683752,4,0.9814015379299832,0.9812711132683752,4,0.1144714242553332,10.0,69
6,50.0,2000,0.0005,0.1144714242553332,3.2389534554170503e-06,2,2,2,2,0.008,0.0015,0.13303840926866475,0.0,0.03399608311652168,0.0254452288519687,0.43269704316745466,0.06554756768264035,0.056775298188958025,0.9729490060928985,5,1622.4275929273504,0.01,0.025296129306423765,0.020414390430479653,0.0028920969364440185,1.9280917586292474,nan,10.108081038044755,44.71016847805003,2.5451585312103746,227.7369610426689,105.10936663507796,1.0,1.0,1.0,12,1.1637282579215593,0.2822872029285955,0.1516288666604443,0.22760743709136666,0.2362634502423931,0.4177286513046705,15.200688863374449,274682654877.56238,2.7213407467841577,3.82873376967558,41.00026227123286,-0.4980879771659375,3.372453933881802,21902709.72010844,1.215640649668249,3.0429761877886823,42.63008023591925,-0.10806156741020892,0.022281836391004426,1.3768045521899354e+26,-3.8039834440250337,9.681740915143337,44.71016847805003,-0.10816707499147103,0.24328669253100146,10.754327021900849,-1.4135147264098513,2.3665181326219935,3.727912082923851,-0.3185757675614494,2.8224653977549992e-06,0.0008190776200304829,-12.777899800429097,2.550813490400672,9.712699919691978,0.05395906561632767,0.021143064400995948,0.021196539038388477,0.03399608311652168,0.05138376152306091,0.05339456536117285,0.06554756768264035,0.03399608311652168,0.06554756768264035,5,0.03399608311652168,0.06554756768264035,5,0.02584321610089709,0.03346365942080403,4,0.02584321610089709,0.03346365942080403,4,0.02584321610089709,0.03346365942080403,4,0.02584321610089709,0.03346365942080403,4,0.02584321610089709,0.03346365942080403,4,0.1144714242553332,10.0,70
10,50.0,2000,0.0005,0.1144714242553332,3.2389534554170503e-06,2,2,2,2,0.0015,0.0,6.822095996735e-09,0.0,0.09058985502808746,0.07332748401258114,0.5255735859308572,0.05125044188051665,0.24115619748840245,0.97840311100265,5,1043.7532420668838,0.01,0.032306328453035923,0.005391825832998859,0.00578238958341092,0.5657415155883229,nan,8.683203296404685,44.710058468561726,3.283834377089561,28471.577178668136,10168.420420952907,1.0,1.0,1.0,12,1.2045996187915888,0.19797951597363428,0.18614724516685643,0.1556627218093479,0.16232399089544583,0.389044779075939,14.03974270930342,287108615.7359684,2.6418920728815607,3.5447722415270357,23.06462014035931,-0.5155754615576443,1.9043861168237304,1063.0553999482008,0.6441597082590025,2.115313794316895,14.398687492175355,0.11471213661858606,0.0029705406147481645,1.2994721898313898e+24,-5.819011317564367,11.29908421439765,44.710058468561726,0.08565139081712943,0.1438011095106797,11.832682162247895,-1.939324118073498,2.2042888389379645,6.185844982246245,-0.1034827808656851,5.6357003314963365e-06,0.0006789923214842797,-12.086389135764373,2.193683417848354,9.294443811915965,-0.2524845415955406,0.06429754279036395,0.06509505421929199,0.09058985502808746,0.4117347463954556,0.2604834041892351,0.05125044188051665,0.09058985502808746,0.05125044188051665,5,0.09058985502808746,0.05125044188051665,5,0.08655423746946987,0.012795042754199112,4,0.08655423746946987,0.012795042754199112,4,0.08655423746946987,0.012795042754199112,4,0.08655423746946987,0.012795042754199112,4,0.08655423746946987,0.012795042754199112,4,0.1144714242553332,10.0,71
6,2.0,2000,0.0,0.1144714242553332,3.433424561142897e-05,2,2,2,2,0.0005,0.0,2.605224414924691e-09,0.0,0.05689452920519077,0.040546022636092145,0.6041830060976802,0.0005166861405521002,0.05035587411089008,0.9648070727801102,4,1851.4156038251176,0.01,0.046583746744050414,0.004617473468804217,0.010169426348752024,0.009081473170973358,nan,8.714509782170879,44.71017589546167,4.626477694619615,6.076331939507119e+29,3.574312905592423e+28,1.0,1.0,1.0,12,1.166522910453656,0.19692183220817444,0.15402745262394643,0.16488166033682006,0.16652505026716471,1.3220361940093188,6.8807070203580345,44766487.38359808,1.9287214112522575,2.6838399711566656,40.90590060575416,-0.15126689134713284,1.5910122556237345,12968.914865559607,0.46437045242072317,2.148399540164895,22.2545207218839,-0.16001311385550349,0.0127982286806446,9.716306432539906e+38,-4.3584485019572,15.217302285159866,44.71017589546167,0.05371607718141593,0.33182736012963937,5.462882137667987,-1.103140444921853,1.5966815274172572,4.286494487602092,-0.6665634904398875,3.635955774542836e-05,0.07599334735238163,-10.22205345194601,1.980476683535926,38.3899354059919,-0.028939414475079552,0.03131035286175085,0.033433185841334825,0.05689452920519077,0.11829294806798388,0.03225798812413424,0.0005166861405521002,0.07024761098716156,0.04402217582026292,5,0.05689452920519077,0.0005166861405521002,4,0.05689452920519077,0.0005166861405521002,4,0.05689452920519077,0.0005166861405521002,4,0.05689452920519077,0.0005166861405521002,4,0.05689452920519077,0.0005166861405521002,4,0.05689452920519077,0.0005166861405521002,4,0.1144714242553332,10.0,72
10,2.0,2000,0.0005,0.1144714242553332,3.433424561142897e-05,2,2,2,2,0.0,0.0,0.0,0.0,0.0956887657394508,0.09512196595528138,0.5550211478157164,0.0933594759175963,0.09269959267278949,0.5893576658316849,4,873.4187532311215,0.01,0.015813444886431875,0.017070793207632617,2.2162796517958805,0.9756576458703953,nan,7.3305546144006035,44.71017781221506,2.882345197498577,219.81663444911038,2.472628059045111,1.0,1.0,1.0,12,1.3622616845511926,0.19111276506514793,0.3091463218355073,0.13381571285023564,0.13901153248252449,0.46975539824996937,4.905181210946019,712718.2221542773,1.5902920364625377,1.614032567316316,37.0334685981975,-0.041849684999007784,4.174035247106191,126.12815471945504,1.4288832530626205,1.3467895729424915,6.8268677392960075,-0.9714100310496526,1.846601725098418e-05,4.588328643309961e+70,-10.89957842041173,31.416347514832875,44.71017781221506,0.2342265821646791,0.1616068835457103,14.958072226169463,-1.8225885376036322,2.1087421726189093,6.3318618414615395,-0.16352948398906902,1.284056185672598e-05,0.0016084098192384114,-11.262901502347834,2.3147508600975084,8.1175326347017,0.42489852007542417,0.0786544124035349,0.11102271972285847,0.0956887657394508,0.0963111717949549,0.08842813030581728,0.0933594759175963,0.10992859782229546,0.10733349273850262,5,0.0956887657394508,0.0933594759175963,4,0.0956887657394508,0.0933594759175963,4,0.0956887657394508,0.0933594759175963,4,0.0956887657394508,0.0933594759175963,4,0.0956887657394508,0.0933594759175963,4,0.0956887657394508,0.0933594759175963,4,0.1144714242553332,10.0,73
6,10.0,2000,0.001,0.1144714242553332,3.433424561142897e-05,2,2,2,2,0.0,0.0,0.0,0.0,0.05236395197471779,0.04122927773078058,0.3797019544157274,0.0805091917616185,0.05153375616246606,0.7136905118363873,5,2460.4072283749674,0.01,0.024332493739238483,0.03348687799356081,0.09233046579855769,1.5374926590813793,nan,8.506281678561132,44.71017624623851,3.2604801696131123,75243145.36058891,5249521.769343412,1.0,1.0,1.0,12,1.2640026897627767,0.2350577969553744,0.23428342369928196,0.17915888132996888,0.18297413338951374,0.7687229937802338,7.1019263710127625,388912.17961438466,1.960366067107645,2.1934026316738375,27.171153481630633,-0.19951685059823066,2.512908098380596,4431.612845689448,0.9214406874114798,1.9507232626633595,20.770403656696587,-0.41053610757933345,0.013546532003618253,2.4123713649228475e+37,-4.301624705107216,14.025362048119929,44.71017624623851,0.054229615220132955,0.26437604862996533,5.618083975008349,-1.3303827627404194,1.8890570579714583,3.4935718636663746,-0.4431032353868785,1.6687808350885155e-05,0.002884676549622824,-11.000832144018856,2.169741867221908,10.4533615041383,0.33251183809874924,0.035427090153519976,0.035896791064103956,0.05236395197471779,0.036506491492939726,0.03758558523283995,0.0805091917616185,0.05236395197471779,0.0805091917616185,5,0.05236395197471779,0.0805091917616185,5,0.04127620474073597,0.07393718174178784,4,0.04127620474073597,0.07393718174178784,4,0.04127620474073597,0.07393718174178784,4,0.04127620474073597,0.07393718174178784,4,0.04127620474073597,0.07393718174178784,4,0.1144714242553332,10.0,74
10,10.0,2000,0.0025,0.1144714242553332,3.433424561142897e-05,2,2,2,2,0.0,0.0,0.0,0.0,0.09701934979717614,0.09027161954256337,0.5635253786896905,0.09686062001518023,0.08684590004699162,0.6032695718448191,4,596.2898981882772,0.01,0.019800730704302008,0.0218822539790216,0.6509963636612369,0.998363936860763,nan,7.240196522113785,44.70750843917675,2.6599993449344055,10654.214312901153,169.923673252012,1.0,1.0,1.0,12,1.3183195210653083,0.17907259998748923,0.27635783542858844,0.13034215332625462,0.134662485895512,0.7338312084623076,5.773370315268332,2523731.3346325345,1.753256020092603,1.9865289769214927,25.688553566267633,-0.11603693720471854,3.048077870957151,57.78320219613668,1.1145111857123382,1.409087637978209,4.868731602196398,-0.7053591322007626,0.00018788868109907537,7.157375169705215e+40,-8.579660892321106,22.821892353333478,44.70750843917675,0.22078038474625106,0.18655057711188755,8.164849501485309,-1.6790528857154265,2.139180518696975,4.226205989826696,-0.2283010559296072,2.252506632463771e-05,0.00493911112295889,-10.700881809984187,2.2963950506934823,12.520420435491014,0.18355488194760206,0.08586111855467911,0.08793439027583487,0.09701934979717614,0.07999939337900812,0.08367768674678651,0.09686062001518023,0.11795562398852838,0.11717703726673015,5,0.09701934979717614,0.09686062001518023,4,0.09701934979717614,0.09686062001518023,4,0.09701934979717614,0.09686062001518023,4,0.09701934979717614,0.09686062001518023,4,0.09701934979717614,0.09686062001518023,4,0.09701934979717614,0.09686062001518023,4,0.1144714242553332,10.0,75
6,50.0,2000,0.002,0.1144714242553332,3.433424561142897e-05,2,2,2,2,0.0,0.0,0.0,0.0,0.05408055448665065,0.04228292413875125,0.4506347558319546,0.10323040637988473,0.06142855730796697,0.816538350296545,5,2660.774901418738,0.01,0.026644431433048687,0.03940436087416506,0.10840856821472783,1.9088267004615553,nan,8.056730938211473,44.70408915734588,2.942629180649164,1.961351564447695e+19,1.0322902970777341e+18,1.0,1.0,1.0,12,1.2864488126150357,0.21068117596925764,0.25188556385251404,0.15994901068065376,0.1616806393382691,0.7509981521854341,6.340123003240005,159298.43083995927,1.8468981694028914,1.9519421148887977,24.998836344448108,-0.16606685464089616,2.197636415146484,265.7075455196958,0.7873824260777678,1.5286867899551884,9.594051643194733,-0.43618096150625285,0.006645551011275191,2.3214096608513336e+32,-5.013807669069569,14.753776753166681,44.70408915734588,0.09982345373626753,0.2729874835602739,3.906764100925321,-1.2983293326127827,1.8101448019267234,2.762667771253319,-0.48012773531716063,1.9949862749001812e-05,0.000581384423472651,-10.82228829440135,2.0642794770858934,3.8423903017804517,0.263007510794369,0.03603514372784619,0.036733074201756886,0.05408055448665065,0.03947627214110878,0.041578993402907403,0.10323040637988473,0.05408055448665065,0.10323040637988473,5,0.05408055448665065,0.10323040637988473,5,0.04351963357592705,0.09862854460880165,4,0.04351963357592705,0.09862854460880165,4,0.04351963357592705,0.09862854460880165,4,0.04351963357592705,0.09862854460880165,4,0.04351963357592705,0.09862854460880165,4,0.1144714242553332,10.0,76
10,50.0,2000,0.0005,0.1144714242553332,3.433424561142897e-05,2,2,2,2,0.0,0.0,0.0,0.0,0.13319092482838438,0.1377505726229603,0.5499483546401799,0.1315510683304653,0.15768738906242594,0.5844505150947573,4,554.3430769774006,0.01,0.016635830558516855,0.017963484292922383,1.4261601601361187,0.9876879261854211,nan,7.359625873559716,31.1600687799926,2.455799569407819,105084539138499.42,1745590351137.864,1.0,1.0,1.0,12,1.3444287081117943,0.18698971184994811,0.29596917048773974,0.13292814880369191,0.13783491397874684,0.5720218442380179,5.518449964632301,26660.4259107729,1.7080970173476755,1.7826763193857245,21.353226519009905,-0.1039738585125392,3.7368734430834705,147.85306961299617,1.318249284016978,1.4041368990320964,8.530086605532446,-0.8529445616373585,1.2397377878173436e-05,3.615997650385359e+39,-11.298025569152031,27.745686327882087,31.1600687799926,0.27957466106874745,0.17306014320564508,14.43032516270605,-1.7541160963125826,2.1564703797758455,6.10410808220273,-0.19166224795926484,1.2898047147633727e-05,0.004132168925769588,-11.25843464196071,2.29059964765362,18.464827129948006,0.4274284052276581,0.14380781537163898,0.13625297766885755,0.13319092482838438,0.22010777027110645,0.12140332858570606,0.1315510683304653,0.1520376946256563,0.15004607158541272,5,0.13319092482838438,0.1315510683304653,4,0.13319092482838438,0.1315510683304653,4,0.13319092482838438,0.1315510683304653,4,0.13319092482838438,0.1315510683304653,4,0.13319092482838438,0.1315510683304653,4,0.13319092482838438,0.1315510683304653,4,0.1144714242553332,10.0,77
6,2.0,2000,0.0,0.1144714242553332,2.0265311283601023e-06,2,2,2,2,0.0995,0.0,2.447497993835879e-07,0.0,0.061202657162372616,0.053590013017703365,0.5843778547064656,0.034154232201587365,0.025712470467201137,0.6616960360953997,5,115.28016652050063,0.01,0.06194616232783105,1.176281285421149e-05,2.5490486859143686e-05,0.5580514602654438,nan,11.917246562894976,44.71017628182963,7.591855620333685,21621.5402371063,2.16215402371063e+16,1.0,1.0,1.0,12,1.0453649496888067,0.40075437914453566,0.04436605860069023,0.3368207113397037,0.361671029902832,0.7326511008122197,46.34510957604944,288459896153549.2,3.836115775680367,6.535931004946938,24.04229625446373,-0.45299464596684813,2.441604249876925,133844609863212.73,0.8926553027179395,4.436435314906651,44.70536882274929,-0.1614590848755383,0.09493226422659996,2.3901527073276805e+18,-2.354591649833845,5.643066113615235,44.71017628182963,-0.17972500563985166,0.1250206346542228,13.169885315021657,-2.0792764780698008,2.8154554015793325,4.620894259267429,-0.03131059324851679,4.293474487762914e-07,0.005945502718419012,-14.660999341906148,3.0074937731625333,33.66771586391496,0.5159825517875419,0.04949982242299272,0.05006755946774476,0.061202657162372616,0.01980399432391591,0.023179184876100135,0.034154232201587365,0.061202657162372616,0.034154232201587365,5,0.061202657162372616,0.034154232201587365,5,0.05478316333387955,0.015399281228178003,4,0.054600942830033104,0.014606852570501552,3,0.050212697727103905,0.014468615379733922,2,0.050212697727103905,0.014468615379733922,2,0.050212697727103905,0.014468615379733922,2,0.1144714242553332,10.0,78
10,2.0,2000,0.0,0.1144714242553332,2.0265311283601023e-06,2,2,2,2,0.007,0.0,8.26704328194039e-09,0.0,0.02687917706192258,0.017354801026257447,0.6101674933694529,0.010515328244737315,0.030933002279713673,0.9177315567501922,5,2352.2806904680624,0.01,0.0418290911432875,0.00020856559354537604,0.0003110892770125955,0.3912072241093079,nan,9.580987356986109,43.422244975900455,3.638225171858142,14652.51288685807,29305.02577371614,1.0,1.0,1.0,12,1.1291086655767013,0.25639269543631477,0.12142852993948094,0.20775058784485542,0.2220448673183176,0.8168910392077173,22.04186727870671,12097633146.602774,3.0929437029603553,4.341285029395205,24.224659898954613,-0.5108095100677154,1.9945216553224834,1189.871639491988,0.6904042498238019,2.5118461204667932,16.78465113040483,-0.2046509652687965,0.011859430647749684,24602445441.474236,-4.434631892656819,6.018753999706365,43.422244975900455,0.17708651222153607,0.12505328264366902,14.405308354969073,-2.0790153713539588,2.2055097378307087,7.295757285472886,-0.04008809577553475,1.2587631555896772e-06,8.997828839631808e-05,-13.5853809416557,2.083406294980585,9.510534950763821,0.228566032683287,0.012366699117339704,0.012818526899510066,0.02687917706192258,0.04838272490270514,0.033900953691698564,0.010515328244737315,0.02687917706192258,0.010515328244737315,5,0.02687917706192258,0.010515328244737315,5,0.026080536882798495,0.0018285997879965538,4,0.026080536882798495,0.0018285997879965538,4,0.026052293408329475,0.0018240708295614231,3,0.026052293408329475,0.0018240708295614231,3,0.026052293408329475,0.0018240708295614231,3,0.1144714242553332,10.0,79
6,10.0,2000,0.0,0.1144714242553332,2.0265311283601023e-06,2,2,2,2,0.027,0.0005,0.04845697408150374,0.0,0.021122907182098548,0.014019276168890904,0.31732697076546573,0.022201868751514735,0.013759758382502355,0.31860146608200224,5,1178.8322353814876,0.01,0.013940962805133173,0.015241243067302134,0.022198049603827204,1.051080164302885,nan,10.645972243383639,44.71017781220932,2.130855666585192,979023.4696615441,2937070.408984632,1.0,1.0,1.0,12,1.261642250202302,0.3972496128669657,0.2324142454863263,0.2816672293637717,0.30224150453099435,0.20848672451672107,20.27443313421538,22891589784623.38,3.0093606407556455,4.220483062042517,35.3794679915114,-0.5056261535361339,3.5223664217686514,860307.2150952221,1.2591330426433167,2.6830307789011654,23.561331680682752,-0.40356619629357304,0.03045075116193437,4.304926761762459e+23,-3.4916446164298622,6.5521975946546,44.71017781220932,0.018749873721862258,0.11708508415088938,29.441081832093488,-2.144854393512193,2.8584667435488145,6.875037769118644,-0.00789782266900532,4.0965076114111836e-07,0.0019455293414128623,-14.70796084233244,3.0683413755535165,26.24837799563601,0.5210553899659961,0.010455928746501227,0.010478992578072938,0.021122907182098548,0.009527195010674283,0.00955021138531805,0.022201868751514735,0.021122907182098548,0.022201868751514735,5,0.021122907182098548,0.022201868751514735,5,0.01599134609743752,0.017323545712116948,4,0.01599134609743752,0.017323545712116948,4,0.015930026399811753,0.017286506221446445,3,0.015930026399811753,0.017286506221446445,3,0.015930026399811753,0.017286506221446445,3,0.1144714242553332,10.0,80
10,10.0,2000,0.0005,0.1144714242553332,2.0265311283601023e-06,2,2,2,2,0.0065,0.0,1.166411550427827e-09,0.0,0.15065941832121962,0.13155355918195386,0.42455485992002007,0.6969885048963878,0.33285544158099806,0.9992776870859891,5,435.110507309891,0.01,0.020195176258713983,0.06539608171022508,0.00268379021446622,4.626252461763424,nan,9.479320855026982,36.34451445848134,1.9680795812138063,3.2384028066368394e+76,3.2384028066368394e+76,1.0,1.0,1.0,12,1.2009517143516597,0.25852722083098595,0.1831143377531193,0.1956777169244805,0.21100890064143768,0.5520494999880352,21.73872590341171,7653892654.184076,3.0790952738768413,4.082848642882488,24.908327359756665,-0.5397509049687261,3.096250017041769,4094.514135192743,1.130191707325435,2.224307222044359,22.854618425898085,-0.4288252905033376,0.0024559784171693257,98227471461406.48,-6.00923005653336,9.703020135282994,36.34451445848134,0.27212540845943023,0.13703332598437773,15.33896679725434,-1.9875311273753788,2.3963512727564016,5.870885233257311,-0.07507201954398082,7.934129184435366e-07,0.0001559216104730357,-14.046922046614648,2.1953486790316195,14.116399702680347,0.42714718861137263,0.12194601038865846,0.1220552488359835,0.15065941832121962,0.15038477688447202,0.15119304296213434,0.6969885048963878,0.15065941832121962,0.6969885048963878,5,0.15065941832121962,0.6969885048963878,5,0.15065941832121962,0.6969885048963878,5,0.15063196832904355,0.6968934567243343,4,0.15063196832904355,0.6968934567243343,4,0.15063196832904355,0.6968934567243343,4,0.15063196832904355,0.6968934567243343,4,0.1144714242553332,10.0,81
6,50.0,2000,0.0005,0.1144714242553332,2.0265311283601023e-06,2,2,2,2,0.023,0.0005,0.011374897322858178,0.0,0.023100436199954586,0.015331904615413464,0.3204162665068448,0.024891621431407822,0.015391547290375321,0.34565899458723587,5,1261.399935210318,0.01,0.014190336278451027,0.01595968399510176,0.009186629394168056,1.0775390220318333,nan,10.59087988810136,44.70252673009605,2.0709606507019536,1.2710362934668662e+20,2.5420725869337323e+20,1.0,1.0,1.0,12,1.2217380656064294,0.36314503101091616,0.2002744888424794,0.2680540615510797,0.28640099964852495,0.33897503425921766,27.549080814221135,142098234182299.12,3.3159691707672287,4.451202454936882,41.9668512361762,-0.5483001888691116,3.8306795949234935,1289532.5323131145,1.3430422273797578,2.7813876051345843,32.83002235010399,-0.4194631875695418,0.022086263980783227,79237979035825.52,-3.812799403025149,6.447888666627257,44.70252673009605,0.06886093837100947,0.12683516393753574,24.23472089843634,-2.0648669573052065,2.7941776408617063,6.39958463556301,-0.03670600542818545,5.744095625162501e-07,0.0003724091253898453,-14.369923171516273,2.922257713401652,10.801040462640577,0.4314260632762982,0.011441861849367326,0.011453415796918474,0.023100436199954586,0.010635763019649759,0.010647257420068381,0.024891621431407822,0.023100436199954586,0.024891621431407822,5,0.023100436199954586,0.024891621431407822,5,0.017152515228602925,0.019316349258042497,4,0.017152515228602925,0.019316349258042497,4,0.017083568909036524,0.01927401628337677,3,0.017083568909036524,0.01927401628337677,3,0.017083568909036524,0.01927401628337677,3,0.1144714242553332,10.0,82
10,50.0,2000,0.0005,0.1144714242553332,2.0265311283601023e-06,2,2,2,2,0.0065,0.0,3.860941284818583e-08,0.0,0.03565155540601538,0.024984602427217045,0.5119426244411232,0.033006187138607465,0.21666150647182703,0.9504691971528857,5,1542.1710642356932,0.01,0.023254014069344,0.006289119967261778,0.0008041944705924955,0.9257993588980532,nan,9.677513696915405,44.5136260467399,2.068159297540734,10896387156.734907,18160645261.224846,1.0,1.0,1.0,12,1.1716800794579245,0.2582742709042268,0.15843868414600035,0.20261113890259355,0.21579868864639387,0.6549464166324771,22.606947234315502,2896015481942.785,3.1182572587890913,4.203759498646577,41.147066045644515,-0.5335422341550501,3.253801246973061,5094.307626884543,1.179823927328787,2.440063824766054,25.45204685311713,-0.4112480175642151,0.005465903469021201,7.320741882897835e+21,-5.209225851891773,8.27680446787818,44.5136260467399,0.22236046775117105,0.1348937118991574,32.52331726539378,-2.0032681299077963,2.407958087572767,9.605062612628563,-0.0681747443601356,5.751166204495828e-07,9.64785661453797e-05,-14.368692998540698,2.2510593278419466,12.186829849561077,0.5595178912514785,0.019626697940078392,0.019675553935557352,0.03565155540601538,0.2952346950269225,0.3217436372499511,0.033006187138607465,0.03565155540601538,0.033006187138607465,5,0.03565155540601538,0.033006187138607465,5,0.03565155540601538,0.033006187138607465,5,0.03475075144958037,0.01584462035226714,4,0.034748233834400455,0.015181473712427696,3,0.034748233834400455,0.015181473712427696,3,0.034748233834400455,0.015181473712427696,3,0.1144714242553332,10.0,83
6,2.0,2000,0.0,0.1144714242553332,2.5520253774201465e-06,2,2,2,2,0.0005,0.0005,0.01093182162177466,0.0,0.057569702369931766,0.06247332339986426,0.33914497744100147,0.05594725117740057,0.05784393493457196,0.3847084102702836,5,866.0742070780155,0.01,0.012948675144386591,0.013713796547938719,3.0450067173577358,0.9718176206278497,nan,8.856125191412021,44.34936481572137,1.99168559977201,2.16324811339806e+57,6.180708895423029e+56,1.0,1.0,1.0,12,1.382793418551421,0.32168288703964903,0.3241056695453431,0.21634349705764183,0.2271154625588818,0.2336700154774577,8.905640552317463,2838112.4975771317,2.1866848459140606,2.3535666938399986,25.380765269551176,-0.2930872506066572,3.748667411092421,420796.9133442487,1.3214004197860227,1.984720806892109,43.03476982096228,-0.4027744523602192,0.007653341586937416,2.641331418249621e+24,-4.872612917766873,9.704712981579359,44.34936481572137,0.03676194339527468,0.14255345671675065,15.59083326350523,-1.9480382147645285,2.4783675496701543,5.981455414655976,-0.08852272223410165,2.0681668705862695e-06,0.0009316385262591174,-13.08884791280064,2.6242948236866224,13.532693937567556,0.08010710629848118,0.045098956210394114,0.08475131161926688,0.057569702369931766,0.054593093303418834,0.06299146032289649,0.05594725117740057,0.057569702369931766,0.05594725117740057,5,0.057569702369931766,0.05594725117740057,5,0.057569702369931766,0.05594725117740057,5,0.04993452002984532,0.04825115576519154,4,0.04993452002984532,0.04825115576519154,4,0.04993452002984532,0.04825115576519154,4,0.04993452002984532,0.04825115576519154,4,0.1144714242553332,10.0,84
10,2.0,2000,0.0005,0.1144714242553332,2.5520253774201465e-06,2,2,2,2,0.0005,0.0005,0.008996356305768605,0.0,0.9874813818298802,0.9875845036075553,0.36657437893738304,0.9874150430072164,0.9876383517946543,0.4045500073369587,4,30.532323926627324,0.01,0.010845161981379525,0.01146971931693218,3.3527344069498275,0.9999328201788059,nan,8.62205312199079,44.709997424746476,2.622368610606334,16125.747575954847,1832.4713154494143,1.0,1.0,1.0,12,1.3529334394842887,0.23155014574692187,0.30227515321453463,0.15909207701078507,0.16891788634647112,0.45497868905066824,8.437179821952842,46286407.43445059,2.13264810845083,2.637686263661239,26.06752371489752,-0.24103080897546297,5.144788899709599,491.80698292435636,1.6379843382614725,1.704991248408836,10.631872657793501,-0.6545363535448206,2.6002237198657545e-05,2.2341069286459544e+54,-10.557327977542332,27.685205500183066,44.709997424746476,0.21822049213366748,0.10883861305539366,10.020983090594823,-2.217889108116001,2.303108418614174,4.837330572988882,0.021909108034250734,1.278778577028843e-06,0.00044924847556825813,-13.56960517230264,2.4146477521119447,14.810227926193793,0.28616261866653614,0.9867627050300588,0.9885094239627269,0.9874813818298802,0.9873139748014051,0.9881860375753416,0.9874150430072164,0.9892906349181754,0.9891878683599981,5,0.9874813818298802,0.9874150430072164,4,0.9874813818298802,0.9874150430072164,4,0.9874813818298802,0.9874150430072164,4,0.9874813818298802,0.9874150430072164,4,0.9874813818298802,0.9874150430072164,4,0.9874813818298802,0.9874150430072164,4,0.1144714242553332,10.0,85
6,10.0,2000,0.001,0.1144714242553332,2.5520253774201465e-06,2,2,2,2,0.0035,0.0005,0.003264902542573463,0.0,0.033777671879489456,0.02581458475915051,0.3250541323200527,0.07033515744057771,0.038634490878590895,0.8345289983248385,5,1568.7358734898803,0.01,0.019833362276805818,0.03126295857197543,0.011312997570821146,2.0822973735879873,nan,9.81608056059464,44.6704336221059,2.6443425495952915,588.319450588468,220.61979397067552,1.0,1.0,1.0,12,1.2047210317484325,0.29036205717983954,0.1862480312178284,0.223822652965956,0.23491433803195813,0.8417853337753034,12.327625111103202,43588787549730.24,2.511842688008323,3.318255733364635,44.6704336221059,-0.30587101027384744,3.482325009872925,480567.68710634235,1.247700176988059,2.7394617244513824,20.59164992593668,-0.2649040819985425,0.02507202984500621,3.432360167888984e+21,-3.6860024029972034,9.747052992155997,35.96174929914417,-0.08513818547424401,0.21898543716456786,11.364054284547825,-1.518750048342101,2.357725822146905,4.041998626778116,-0.27512953479264723,2.950443253653506e-06,0.0008528281517486507,-12.733555143424004,2.5298644719343244,9.819579771951922,-0.05734224366023014,0.021812117556509237,0.02185396484145284,0.033777671879489456,0.022736222816761065,0.022832092378433925,0.07033515744057771,0.033777671879489456,0.07033515744057771,5,0.033777671879489456,0.07033515744057771,5,0.023059479410226163,0.06482771085255898,4,0.023059479410226163,0.06482771085255898,4,0.023059479410226163,0.06482771085255898,4,0.023059479410226163,0.06482771085255898,4,0.023059479410226163,0.06482771085255898,4,0.1144714242553332,10.0,86
10,10.0,2000,0.0,0.1144714242553332,2.5520253774201465e-06,2,2,2,2,0.0005,0.0,1.2788215153973333e-09,0.0,0.8447149657728513,0.8498023950127794,0.5186524170544752,0.8429491264995385,0.8492359963742119,0.5520282660151394,4,94.28953948654791,0.01,0.010876642155581536,0.011601089215372076,4.5314316140871025,0.9979095442310564,nan,8.388276752819987,44.468237123414845,2.626249395551696,4.6956743544173425e+23,3.3540531102981017e+22,1.0,1.0,1.0,12,1.3853824650774595,0.23711385034326518,0.3259762495878094,0.1590911831915398,0.16892410839387434,0.3060031818660144,6.507702529092309,4482790.071470511,1.8729864798137101,2.0808062243398453,31.416730413240295,-0.1807482219714796,5.691022187092098,99.0675810670631,1.7388898782414135,1.5144561910403531,4.711258629556294,-0.8035123774054869,3.6898061859557243e-06,2.626018887830566e+54,-12.509936625422519,32.854213500905914,44.468237123414845,0.24332001789455182,0.11071794413378039,11.560936563737444,-2.2007693554410532,2.2047790611038294,6.7851616431026525,0.015121378405313354,1.0886540032034433e-06,0.000414417480061287,-13.730568484236782,2.3837593879368093,14.230994351623615,0.357395649975032,0.835063389895829,0.8696288293696581,0.8447149657728513,0.8414208083204756,0.8633380543026216,0.8429491264995385,0.8484188110459955,0.8465833150177549,5,0.8447149657728513,0.8429491264995385,4,0.8447149657728513,0.8429491264995385,4,0.8447149657728513,0.8429491264995385,4,0.8447149657728513,0.8429491264995385,4,0.8447149657728513,0.8429491264995385,4,0.8447149657728513,0.8429491264995385,4,0.1144714242553332,10.0,87
6,50.0,2000,0.0,0.1144714242553332,2.5520253774201465e-06,2,2,2,2,0.003,0.0005,0.006106991381693803,0.0,0.03430454697499633,0.027255968714595225,0.317078488470356,0.03837407779791218,0.02795328555198362,0.40681409946802444,5,1189.1984221599307,0.01,0.017912810464997472,0.020809892746073977,0.050285128929042806,1.1186294873936689,nan,9.501803595251568,44.710177812214155,2.7284860178434474,1.3448189570220137e+30,6.206856724716987e+29,1.0,1.0,1.0,12,1.256320348253408,0.2860957218262019,0.22818708986706326,0.21410591790262945,0.22247110902668624,0.6841079845854531,10.831345844789295,86446032.11568609,2.3824443233556614,2.9962429829820643,25.855665608899606,-0.29555676021214966,3.2011338469088004,19689.20051984012,1.1635050742056376,2.1999694680721493,18.305055052624045,-0.29159472429663646,0.01888198011551973,1.623396917516475e+41,-3.9695472447642146,10.83085415450814,44.710177812214155,-0.05043937956445136,0.1480992075589147,24.71030762407101,-1.9098729084390076,2.3746555461925056,7.3746323401423455,-0.10846084558745676,3.1635948109983246e-06,0.006851406922414311,-12.663801578523026,2.6729317512644744,20.110530267169942,-0.08036930601627615,0.023692197361466955,0.0237711618073224,0.03430454697499633,0.022690933140778777,0.022794845717259905,0.03837407779791218,0.03430454697499633,0.03837407779791218,5,0.03430454697499633,0.03837407779791218,5,0.02209212386969644,0.027462009850798774,4,0.02209212386969644,0.027462009850798774,4,0.02209212386969644,0.027462009850798774,4,0.02209212386969644,0.027462009850798774,4,0.02209212386969644,0.027462009850798774,4,0.1144714242553332,10.0,88
10,50.0,2000,0.0005,0.1144714242553332,2.5520253774201465e-06,2,2,2,2,0.0,0.0,0.0,0.0,0.9701035127974965,0.9700375639086006,0.45716464061753787,0.9700232379379072,0.970014977694501,0.4938659718924867,4,42.889694132168145,0.01,0.012344730796512791,0.013143681734758102,2.6941823576470134,0.9999172512432639,nan,8.218964339372322,44.70919583346002,2.5354838849649592,2.2250131877256807e+21,1.2787432113365982e+20,1.0,1.0,1.0,12,1.346694372731996,0.21826483674626843,0.2976529769041991,0.1513176510313162,0.16016638911335523,0.5089008481311518,6.863860935093178,1826254.5577438108,1.9262701019415511,2.3308364975173155,26.536424824882015,-0.18421954860489562,4.9210740480704835,570.1961764703648,1.5935268091330537,1.6338119245943656,12.83836504128701,-0.6558412319685841,8.03338363083599e-06,1.1899103136636286e+63,-11.73190474505546,29.746055421032057,44.70919583346002,0.24258866711727617,0.10293669258487428,4.662800566448659,-2.273641114816395,2.1778178295518362,3.7551970403246235,0.048769486784971845,3.639232998512556e-06,0.0005890381455343779,-12.523737613213438,2.374774894554808,7.873184625862952,-0.14943969468487797,0.969070365719452,0.9709388132088534,0.9701035127974965,0.9700036908765902,0.9700180042690056,0.9700232379379072,0.9760190106535843,0.975815616540554,5,0.9701035127974965,0.9700232379379072,4,0.9701035127974965,0.9700232379379072,4,0.9701035127974965,0.9700232379379072,4,0.9701035127974965,0.9700232379379072,4,0.9701035127974965,0.9700232379379072,4,0.9701035127974965,0.9700232379379072,4,0.1144714242553332,10.0,89
6,2.0,2000,0.0005,0.1144714242553332,1.8900726699282955e-05,2,2,2,2,0.0015,0.001,0.029629710039010593,0.0,0.05537302727742507,0.0467204078330807,0.6769382322344454,0.03196716229738255,0.03972861216105067,0.9231959589364909,5,1658.0142631345632,0.01,0.05369189276580023,0.0009277295128774567,0.0021100648679205206,0.5773056643124005,nan,9.815245388115484,44.69787109814815,4.953433591320941,224.91336832685076,43.53161967616466,1.0,1.0,1.0,12,1.0950540093429921,0.22664017354067464,0.09080368565300131,0.1988482398581672,0.20288117932099423,0.29706171056561154,8.842362320197772,33763995949.88639,2.179554071741367,3.4567604696610754,43.53655025189685,-0.11244991358081871,1.9014797180873804,7138552.329316359,0.6426323820591794,3.183236828162532,28.204839425087535,-0.06724461010288509,0.026829606661147,5.2744606650886574e+25,-3.6182492750640334,12.526826648254236,44.69787109814815,-0.04321068086531598,0.2532536797473928,4.746922206415484,-1.3733636058606116,1.901465547290425,3.2801931661753723,-0.4176075933791797,1.855954065849956e-05,0.0022735077023671875,-10.894526579915738,2.247167432569692,7.695981508275506,0.008106379930297206,0.04194540780085275,0.042842788420964284,0.05537302727742507,0.0514342835144396,0.035784390671329845,0.03196716229738255,0.05537302727742507,0.03196716229738255,5,0.05537302727742507,0.03196716229738255,5,0.04734054667317719,0.0030640223203485654,4,0.04734054667317719,0.0030640223203485654,4,0.04734054667317719,0.0030640223203485654,4,0.04734054667317719,0.0030640223203485654,4,0.04734054667317719,0.0030640223203485654,4,0.1144714242553332,10.0,90
10,2.0,2000,0.001,0.1144714242553332,1.8900726699282955e-05,2,2,2,2,0.0005,0.0,1.4137443259771746e-11,0.0,0.1609213893902307,0.13611583964357002,0.6741627773247536,0.5454752915322033,0.31865673769009206,0.9998200128830524,4,630.4128508331022,0.01,0.030378705491961575,0.08977469404702577,0.03628612517492905,3.389700359903295,nan,7.889022943605358,44.71013654000227,2.9551236770122746,158017658.5087834,13740665.957285512,1.0,1.0,1.0,12,1.2443471881663628,0.1739700692849639,0.2186110455444585,0.13545467356800667,0.1385148652853305,-0.5074550756029743,9.725454195669696,21644085.541859504,2.27474659233882,2.874581012040878,39.88974008908115,-0.1683392935017237,1.8846494351956127,633.8676244178806,0.6337418275807414,1.8727854797968795,14.06257921314757,-0.10955070247487611,0.0015234145184332157,5.936795098266862e+30,-6.486801069787938,14.612165369447238,44.71013654000227,0.15926859759178133,0.15593386483979849,10.909097387774276,-1.8583233049566068,2.166492277190493,6.0448830935299425,-0.14267613840850313,1.8363885833886597e-05,0.0013179858343789932,-10.905124548440089,2.259304008450338,6.096812530919793,0.012753645101313932,0.12294067995922556,0.12448544958125378,0.1609213893902307,0.19528266211105827,0.2152122594270146,0.5454752915322033,0.17288251019482065,0.7104038866716066,5,0.1609213893902307,0.5454752915322033,4,0.1609213893902307,0.5454752915322033,4,0.1609213893902307,0.5454752915322033,4,0.1609213893902307,0.5454752915322033,4,0.1609213893902307,0.5454752915322033,4,0.1609213893902307,0.5454752915322033,4,0.1144714242553332,10.0,91
6,10.0,2000,0.0015,0.1144714242553332,1.8900726699282955e-05,2,2,2,2,0.001,0.0005,0.10610990460042356,0.0,0.057775281052417214,0.04751958105341945,0.6169811974827394,0.03022083795005938,0.04206459896188386,0.9360792471103657,5,1929.7478507715746,0.01,0.0478028288239804,0.001419664708826465,0.0027771461404096504,0.5230755679516507,nan,9.662807350149455,31.590557068292817,4.586447155226743,297.0184086187608,48.16514734358283,1.0,1.0,1.0,12,1.11403919338652,0.22572668622247014,0.10799232345937766,0.19453090465784925,0.19878763298328272,0.2152951508785466,10.756469030991093,521028593212.82904,2.375507343907269,3.4970192535646394,31.590557068292817,-0.167189725264712,1.9557375913495645,2917653.139935347,0.6707674068611814,3.0764392650172847,23.381072021321106,-0.07872430537827482,0.020654582899135642,1.50158019022582e+27,-3.879818052036862,12.94938469504502,26.422211100500693,-0.021601329960260967,0.28794784458128675,7.0295186261682145,-1.244975910449773,1.8761821627765614,4.344105586170448,-0.4916655561542479,1.6736435364414266e-05,0.0024171146652790516,-10.99792245677203,2.199585680215159,7.91970021563459,0.05528871683679894,0.04197351239471666,0.04280994971312447,0.057775281052417214,0.05682775438118675,0.03914520455440543,0.03022083795005938,0.057775281052417214,0.03022083795005938,5,0.057775281052417214,0.03022083795005938,5,0.050058336200902824,0.002059739961579202,4,0.050058336200902824,0.002059739961579202,4,0.050058336200902824,0.002059739961579202,4,0.050058336200902824,0.002059739961579202,4,0.050058336200902824,0.002059739961579202,4,0.1144714242553332,10.0,92
10,10.0,2000,0.0015,0.1144714242553332,1.8900726699282955e-05,2,2,2,2,0.0,0.0,0.0,0.0,0.06740763198617254,0.05206896009525155,0.821677095834022,0.03481229560845124,0.08636866028391678,0.9880178329100195,5,2709.14615368909,0.01,0.04720164700368956,0.003681938248272029,0.008869115698759561,0.5164444230230837,nan,7.877440166674243,44.709958644457416,9.255522532035858,6.098753884905908e+71,6.629080309680336e+70,1.0,1.0,1.0,12,1.2045132896627024,0.15568747535294425,0.18607557635580133,0.12541797277229844,0.1282280585630006,-0.28864836217132556,11.773078511497777,1480583846.6976388,2.4658154428496477,3.193896257607147,41.170322509160684,-0.21133240805289846,1.2339935242221594,464.8364078555258,0.21025567767539013,1.9460261622130421,16.27554659562515,0.1121882065349923,0.0034796899799094034,8.695028311930108e+27,-5.660812075397098,11.120708203547718,44.709958644457416,0.13499770556890267,0.19100129175924394,12.083419867854698,-1.6554750878209743,2.0679820050249638,6.297357413091283,-0.24756258414871282,2.3994395422267217e-05,0.0016331246924125638,-10.63769027895952,2.175417949030634,6.707468282051622,-0.10968922458654282,0.04332936595569319,0.04546988234388888,0.06740763198617254,0.1500807055262758,0.07421297971702331,0.03481229560845124,0.06740763198617254,0.03481229560845124,5,0.06740763198617254,0.03481229560845124,5,0.06350929043956835,0.0031833668460445846,4,0.06350929043956835,0.0031833668460445846,4,0.06349005340286498,0.0031762628044072275,3,0.06349005340286498,0.0031762628044072275,3,0.06349005340286498,0.0031762628044072275,3,0.1144714242553332,10.0,93
6,50.0,2000,0.001,0.1144714242553332,1.8900726699282955e-05,2,2,2,2,0.0015,0.0005,0.005594038765245101,0.0,0.04949929134585311,0.0390690048073195,0.5344479404364886,0.027674764713102623,0.1361047300508672,0.9394819917071032,5,1928.9258986998502,0.01,0.0359781000495148,0.003950425461478991,0.003908084466289107,0.5590941599494459,nan,9.79313116964178,44.71007896428618,3.3536449526568504,7.815524704049347e+58,1.67475529372486e+58,1.0,1.0,1.0,12,1.143251711113818,0.25396327529089446,0.13387658026500424,0.21047253780407021,0.21720418844924871,0.07600660794101889,12.314750835257916,2744878538386993.0,2.510797798745644,3.6153783088012066,44.71007896428618,-0.19913715290447143,2.4615570497066797,931849.3181431007,0.9007940967530164,3.0209435759588397,19.83710539976311,-0.1563144832716349,0.02495978201584133,1.892681220474737e+29,-3.690489468858736,12.011158663472537,44.709739491004655,-0.03905139611423128,0.24476387122607973,6.373874426693894,-1.4074613240964686,2.018721660221946,3.56788169432355,-0.376460384725831,1.0159897038382848e-05,0.004387663693077739,-11.497062249882724,2.3093264091885937,16.729675409119725,0.26880221889485717,0.03368243322742268,0.034025289848682715,0.04949929134585311,0.23816075107994328,0.14247867435955575,0.027674764713102623,0.04949929134585311,0.027674764713102623,5,0.04949929134585311,0.027674764713102623,5,0.041023445960466545,0.00012744314587017096,4,0.041023445960466545,0.00012744314587017096,4,0.041023445960466545,0.00012744314587017096,4,0.041023445960466545,0.00012744314587017096,4,0.041023445960466545,0.00012744314587017096,4,0.1144714242553332,10.0,94
10,50.0,2000,0.0005,0.1144714242553332,1.8900726699282955e-05,2,2,2,2,0.0,0.0,0.0,0.0,0.16761770120022002,0.13981405933803126,0.681026107533818,0.03811218777401621,0.3683623744231895,0.9938317495872014,4,695.4497619312501,0.01,0.03298623224276769,0.023857141270242008,0.0223138136338192,0.22737567393607822,nan,8.10850724021639,44.43670531389118,3.6135111283226093,3.5534115662211025e+80,4.441764457776378e+79,1.0,1.0,1.0,12,1.2355562872054424,0.18147835431205211,0.21152130364871982,0.14011335049021345,0.14541326243061017,-0.43998248207472745,11.731877594775664,2292639706.5450683,2.462309717611719,3.157430477867024,44.43670531389118,-0.21266281764877834,1.705420688103127,252.51344234631793,0.5338118181910901,1.9289349454636298,9.812466626171227,-0.05455598995410964,0.0014801349944579133,4.907407204331868e+22,-6.515621982894155,13.575860428750929,43.58866365927399,0.17354922081311108,0.14927336047959705,17.558011036507374,-1.9019760198309876,2.1818905351347295,7.559727613065713,-0.12166239912242507,1.6177099716655087e-05,0.001193011246045314,-11.031913913535135,2.2384866044455998,6.299512172134853,0.06951291389717107,0.12491580462651218,0.1269086721873616,0.16761770120022002,0.450135382578882,0.6168395529166701,0.03811218777401621,0.1765960571317336,0.12089682077422291,5,0.16761770120022002,0.03811218777401621,4,0.16761770120022002,0.03811218777401621,4,0.16761770120022002,0.03811218777401621,4,0.16761770120022002,0.03811218777401621,4,0.16761770120022002,0.03811218777401621,4,0.16761770120022002,0.03811218777401621,4,0.1144714242553332,10.0,95
6,2.0,2000,0.0005,0.26207413942088964,1.3107375774432165e-05,2,2,2,2,0.0035,0.0,6.956829424862661e-09,0.0,0.040880584093375,0.03335044205196429,0.6371356363856957,0.022481375745440346,0.033758144054226245,0.8773746450019967,5,1705.079545261632,0.01,0.04433159271160466,0.0011334096189912653,0.0014998058950939678,0.5499279485364207,nan,9.919293697701782,43.95222583152435,3.366499968849522,7.2078802355489e+77,2.4026267451829665e+77,1.0,1.0,1.0,12,1.104577340657353,0.24070632953917784,0.09946276465635796,0.20690182646504446,0.21323466474255787,0.22713219530390927,11.999860619954424,6790041309.352773,2.4848950347167476,3.6774834345465797,38.214294388944296,-0.36043341890163744,2.5758524169980728,78878020.5769416,0.9461805150628692,3.1853166744851737,43.83495771938861,-0.28831382102926606,0.02872708158278086,1.122263607691945e+22,-3.5499149919796893,10.515148632821115,43.95222583152435,-0.14197188116192777,0.21285742744450606,7.305057689159183,-1.547132692111227,2.0485119450001443,3.844556236802621,0.10153948687334671,8.699437619510062e-06,0.01926069314072867,-11.652252175828709,2.3810536694490194,30.16610333095981,0.17215770106398837,0.02943088458706355,0.029739857475454316,0.040880584093375,0.04512593243893177,0.033667123978306616,0.022481375745440346,0.040880584093375,0.022481375745440346,5,0.040880584093375,0.022481375745440346,5,0.03459759083003455,0.001338241278093314,4,0.03459759083003455,0.001338241278093314,4,0.03459759083003455,0.001338241278093314,4,0.03459759083003455,0.001338241278093314,4,0.03459759083003455,0.001338241278093314,4,0.26207413942088964,10.0,96
10,2.0,2000,0.0005,0.26207413942088964,1.3107375774432165e-05,2,2,2,2,0.0005,0.0,1.4470289488956941e-08,0.0,0.034708241872559616,0.023127717197410812,0.9186662436623672,0.020339734871862955,0.06469291405156008,0.9915847361863007,4,1181.7557129992524,0.01,0.0808713046819095,0.0005774163556848615,0.0015139977747083472,0.5860203160547748,nan,8.111798741623009,44.708323352333,5.9665208419727165,32806956.682536133,6561391.336507226,1.0,1.0,1.0,12,1.1546530736265734,0.14884279507569176,0.1437999296994253,0.12500177666817774,0.12789045923623005,0.021254906011292516,12.153753023573593,400916435057.98944,2.4976380129187095,3.5443723402232017,44.708323352333,-0.37756498951389755,0.6944711965260628,138.29695206677397,-0.3646045913323704,2.175420893263533,9.90254325990004,0.18038545368454667,0.018393117242542365,442745423970820.25,-3.9957787472514834,7.085661782505108,44.69745480836339,-0.14776201700907782,0.2154519124946427,7.228835166310878,-1.5350175382150015,1.8936144545722797,4.937541600003709,0.10344750874710516,2.295250413104483e-05,0.002043975370658991,-10.682083514946225,1.9719095099220283,9.19970867952735,-0.284116452718117,0.01526988449423472,0.01940502522543809,0.034708241872559616,0.058344059500803624,0.11539494778201363,0.020339734871862955,0.05232983872306511,0.06515254390148416,5,0.034708241872559616,0.020339734871862955,4,0.034708241872559616,0.020339734871862955,4,0.03464625473498938,0.020005261843175786,3,0.034203225952596464,0.019996362519828528,2,0.034203225952596464,0.019996362519828528,2,0.034203225952596464,0.019996362519828528,2,0.26207413942088964,10.0,97
6,10.0,2000,0.0,0.26207413942088964,1.3107375774432165e-05,2,2,2,2,0.0035,0.0,1.349265379384502e-07,0.0,0.04595089624454642,0.03716444221981768,0.5627834593225709,0.024892097219110322,0.045078049893708394,0.9217302091266775,5,2107.1799926072017,0.01,0.04151318452941692,0.0016568279866368118,0.0022061847720917477,0.5417108098748908,nan,10.018412092577492,44.71017781118271,3.8254257251616988,483.6862059916334,103.6470441410643,1.0,1.0,1.0,12,1.120748151788436,0.25301640692206695,0.11399645496745321,0.21451765487060517,0.2205610433190824,0.15131796851815546,10.473800352412523,56269399524.50392,2.348876934420379,3.6533789032080253,30.07909124894915,-0.3255807455194204,2.4701553784086663,171471637.89312983,0.9042810548996979,3.459260010189663,34.530628301615735,-0.25336961051326967,0.02552938193454977,8.432897374138843e+32,-3.667925257400967,11.788608484342827,44.71017781118271,-0.1166248899099181,0.29062731384731905,6.715930929730328,-1.2357135410470261,2.0681792415847435,3.260353535715056,-0.050002580644665715,9.63062997130818e-06,0.00174682815401926,-11.55056191671255,2.353870350433748,9.07474606831921,0.13094453849990537,0.032580166356515804,0.03296226405839079,0.04595089624454642,0.06473526187725746,0.04560679058475741,0.024892097219110322,0.04595089624454642,0.024892097219110322,5,0.04595089624454642,0.024892097219110322,5,0.03901815588582497,0.0008519447708249622,4,0.03901815588582497,0.0008519447708249622,4,0.03901815588582497,0.0008519447708249622,4,0.03901815588582497,0.0008519447708249622,4,0.03901815588582497,0.0008519447708249622,4,0.26207413942088964,10.0,98
10,10.0,2000,0.0005,0.26207413942088964,1.3107375774432165e-05,2,2,2,2,0.001,0.0,2.971041779362953e-10,0.0,0.053319920139300404,0.04052346476895261,0.8447309647638754,0.034628408726013714,0.08187855078813631,0.9872084582300054,5,3101.316928837521,0.01,0.05288771373661318,0.002031564978356249,0.005498804921465353,0.6494459975848731,nan,8.05737982668566,44.66506629263031,18.1665795053299,231461.93066886516,33065.990095552166,1.0,1.0,1.0,12,1.1935998258301612,0.1570995974460293,0.1769738045475776,0.12794493389923373,0.13053320928262702,-0.23851646879477104,10.867730923858296,22010975240.524376,2.385797932687332,3.2461856679380343,43.145388387196284,-0.3777944180307294,1.1167569023873392,230.47750149218507,0.11042886201213102,2.006114701426483,10.46769978986253,-0.04118367135217617,0.007298971053360394,4.988166552105404e+19,-4.920021892356868,10.01609085182633,44.66506629263031,-0.012255133618254485,0.19069610997552705,11.07486569572761,-1.6570741652438765,2.0739739868070446,5.936155273557734,0.15330294733897562,2.183773441308067e-05,0.0046574964908128605,-10.73187114813329,2.1578490002660478,14.2789357409142,-0.23656164161169976,0.03304679646862909,0.03520367769892836,0.053319920139300404,0.14520795210664086,0.06579929153175439,0.034628408726013714,0.053319920139300404,0.034628408726013714,5,0.053319920139300404,0.034628408726013714,5,0.049524725813207486,0.005043177719774026,4,0.049524725813207486,0.005043177719774026,4,0.04950012288026828,0.005034619373882042,3,0.04950012288026828,0.005034619373882042,3,0.04950012288026828,0.005034619373882042,3,0.26207413942088964,10.0,99
6,50.0,2000,0.0,0.26207413942088964,1.3107375774432165e-05,2,2,2,2,0.012,0.0,2.212960167832352e-08,0.0,0.060692522431229017,0.04822452433207979,0.8145993202921392,0.0028778793660292684,0.04897141243924762,0.9696882148156509,4,439.61160196332776,0.01,0.09777388967069514,0.000244205816856504,0.0005304372212462164,0.04741736297564839,nan,10.378495117224853,43.64578584245166,592.0080303828403,167.01536366206867,32.32555425717458,1.0,1.0,1.0,12,0.9869987934766954,0.20350723611575883,-0.013086461964098283,0.19778751126776353,0.20215531385799074,0.8066398715228361,10.173346566658367,1825998260284.0925,2.3197712185328543,4.488637502796428,33.098840973660515,-0.25851143255853426,1.0071055368497774,3120668029.89546,0.0070804114721378245,4.19166044992038,43.64578584245166,0.004945362876916632,0.04112417472343744,8.910156462108036e+20,-3.1911591376131554,12.600673077091306,31.350694985048186,-0.1469454270527618,0.3380090687077343,3.9245918736598533,-1.0846825533627944,1.7472948608064576,2.7622139706375926,-0.14562240907739987,2.7015051043865147e-05,0.004737624669397765,-10.519116401206208,2.187492023348123,9.63199099124421,-0.3306156278792925,0.03945534663603814,0.044525703928972205,0.060692522431229017,0.07268022637820658,0.07135613157350701,0.0028778793660292684,0.09693092862213347,0.08655491635053973,5,0.060692522431229017,0.0028778793660292684,4,0.060692522431229017,0.0028778793660292684,4,0.044841554133294895,0.0025216008981252085,2,0.044841554133294895,0.0025216008981252085,2,0.044841554133294895,0.0025216008981252085,2,0.044841554133294895,0.0025216008981252085,2,0.26207413942088964,10.0,100
10,50.0,2000,0.0005,0.26207413942088964,1.3107375774432165e-05,2,2,2,2,0.0005,0.0,7.495869440129995e-10,0.0,0.0512823621263913,0.03797930574150677,0.8141377432373041,0.029321612717681286,0.06622081178808631,0.9852978696248427,5,3112.311997316874,0.01,0.0527050333290207,0.0012303329556324581,0.003343355867022985,0.571767982243384,nan,8.338446647669809,29.793102686340927,22.10893802278809,1.409176423365416e+121,3.355181960393847e+120,1.0,1.0,1.0,12,1.1880659143146606,0.1674002542628266,0.17232670283115353,0.13538442721523458,0.13959319340560153,-0.19108454827137206,16.12719076936287,147612435.75945368,2.7805067151193903,3.9082207310938686,16.290241905131708,-0.4147922339116896,1.0993927447906757,258.694324391453,0.0947579771782197,2.0949982445980275,11.033111929592845,-0.0319562481243279,0.006046386791082364,132677191061436.25,-5.10829440996353,9.620076910705963,29.793102686340927,0.006811170689501843,0.17588191314993357,6.007529359502369,-1.7379424571420747,2.0527056537043724,4.120252324581501,0.19428728910078824,1.372094311104808e-05,0.0010582970844382489,-11.196587198156703,2.0972358601534036,6.666284133432088,-0.021813594121141405,0.030246974454944186,0.03240858064318483,0.0512823621263913,0.1138683981702956,0.05547242447628205,0.029321612717681286,0.0512823621263913,0.029321612717681286,5,0.0512823621263913,0.029321612717681286,5,0.04864856594236631,0.004478953458358867,4,0.04864856594236631,0.004478953458358867,4,0.04851841694612624,0.004452845089322442,3,0.04851841694612624,0.004452845089322442,3,0.04851841694612624,0.004452845089322442,3,0.26207413942088964,10.0,101
6,2.0,2000,0.0015,0.26207413942088964,1.4506386445202115e-05,2,2,2,2,0.0,0.0,0.0,0.0,0.04770431048631086,0.05565254531816385,0.40133929360639464,0.044971118762600584,0.10630956750244729,0.4311160206305675,5,2653.959030366924,0.01,0.018597979195427987,0.020010754896672263,1.6928474298849658,0.9427055606537991,nan,7.560944238213337,44.705300333813035,3.283544945461823,2.5608632358281977e+33,1.2391273721749343e+32,1.0,1.0,1.0,12,1.3953770935798433,0.24265058052020705,0.33316469672238935,0.16692435754175228,0.1714575210825215,-0.4770021608779411,5.800682949387588,9315.51533813377,1.7579756605148107,1.5433275496282224,22.914705129707645,-0.2648214682277281,2.83193949075296,202.72246499593632,1.0409618093436634,1.3499861457325741,10.121113911076465,-0.1786794787515752,0.009789195044237762,6.669422004895816e+37,-4.626476048063486,15.191242042919049,44.705300333813035,0.0028914450465743844,0.20916209715372558,4.365887733970398,-1.5646457431599503,1.923998659035801,3.2654699847391355,0.1172131288859506,1.1559402790444433e-05,0.0007243380996194221,-11.368011357780816,2.119476077615637,5.796504242669158,0.10714430758191568,0.06597662697497979,0.053276698493200894,0.04770431048631086,0.23810555201107395,0.03585203173366734,0.044971118762600584,0.04770431048631086,0.044971118762600584,5,0.04770431048631086,0.044971118762600584,5,0.03517393280480919,0.03247225075184257,4,0.03517393280480919,0.03247225075184257,4,0.03517393280480919,0.03247225075184257,4,0.03517393280480919,0.03247225075184257,4,0.03517393280480919,0.03247225075184257,4,0.26207413942088964,10.0,102
10,2.0,2000,0.001,0.26207413942088964,1.4506386445202115e-05,2,2,2,2,0.0,0.0,0.0,0.0,0.10472845899704344,0.1092512107764156,0.5179144958457477,0.1030533098469621,0.12389477265415667,0.5526619127725179,4,698.143623393212,0.01,0.017081732207169926,0.018485492657620516,1.4880926538670367,0.9840048333936754,nan,7.363568711776871,44.69092551159658,2.8729844819608474,inf,inf,1.0,1.0,1.0,12,1.3487182734555785,0.19865759875206035,0.2991547143890374,0.13983130941752453,0.14582397641863154,-0.3262023155417108,5.166419029967197,20742.30119856695,1.642179804424659,1.6440253529016593,21.56708277356983,-0.17816660250507527,3.7191432012484853,73.99863439320319,1.3134933195117826,1.4109042118078394,5.023321415466918,-0.3641255917375021,3.577797532683863e-05,5.22333306093768e+52,-10.238178068213728,29.414126713529924,44.69092551159658,0.1922758651578486,0.15500897128071572,8.170990087193566,-1.8642722845074045,2.1144700300244947,4.469736823498227,0.24835747808604797,1.5016682445190399e-05,0.0011454503228110358,-11.106348811844489,2.2786282545934253,6.303060145872038,-0.015172614968707754,0.11550548086936378,0.10751969246283963,0.10472845899704344,0.1757294914586141,0.09290151665689382,0.1030533098469621,0.12124481825863466,0.11924695616688141,5,0.10472845899704344,0.1030533098469621,4,0.10472845899704344,0.1030533098469621,4,0.10472845899704344,0.1030533098469621,4,0.10472845899704344,0.1030533098469621,4,0.10472845899704344,0.1030533098469621,4,0.10472845899704344,0.1030533098469621,4,0.26207413942088964,10.0,103
6,10.0,2000,0.0005,0.26207413942088964,1.4506386445202115e-05,2,2,2,2,0.0,0.0,0.0,0.0,0.05604340096104677,0.045567483225443565,0.43546426544468053,0.06161201753023604,0.045192823008532466,0.4884854243137804,5,2822.673715912478,0.01,0.024048503250457983,0.02801009455240678,0.3261794762298218,1.0993625738926829,nan,7.601461928421349,44.71017691596858,3.590378963744253,1129.8486682835921,36.842891357073654,1.0,1.0,1.0,12,1.3325203560114558,0.20520002977902288,0.28707215349761683,0.1503956036384157,0.1522532259032116,-0.22295024066275682,6.260741722096181,3756.6125193881217,1.8342986640509569,1.7635771834915994,11.17904062848394,-0.2750258257621104,2.2394799203415037,96.1202712172469,0.8062436604903951,1.3115374040913759,7.5745000879871025,-0.004953478236922163,0.012844257243281566,5.154400782179316e+37,-4.354858474671287,15.635592257543175,44.71017691596858,-0.014562475669960023,0.3015368922605331,4.036991654986826,-1.1988629079107356,1.7454430756834145,2.8699115628545533,-0.08036064561792462,2.0849656272028494e-05,0.0012862253407735953,-10.778173095609384,2.009019133676191,6.279184122245477,-0.18055998537709123,0.03974410763618394,0.040914941079099994,0.05604340096104677,0.03591920231751765,0.038047249177843696,0.06161201753023604,0.05604340096104677,0.06161201753023604,5,0.05604340096104677,0.06161201753023604,5,0.04433202426806672,0.05139434024492426,4,0.04433202426806672,0.05139434024492426,4,0.04433202426806672,0.05139434024492426,4,0.04433202426806672,0.05139434024492426,4,0.04433202426806672,0.05139434024492426,4,0.26207413942088964,10.0,104
10,10.0,2000,0.002,0.26207413942088964,1.4506386445202115e-05,2,2,2,2,0.0,0.0,0.0,0.0,0.07726228226598361,0.07288386965496095,0.5668822939787362,0.07627543914397111,0.06573000057268373,0.6013114638423533,4,824.719650168346,0.01,0.018624740932764814,0.020371525434226642,0.906235451585047,0.9872273625232143,nan,7.262940901060367,44.71017781215612,2.825801944366494,4524978601597.997,66154657918.099365,1.0,1.0,1.0,12,1.3272902738196368,0.18404169062795278,0.28313947582963295,0.13253548766369372,0.1374204774398332,-0.22332175992686568,5.041593136742731,100363.80716221535,1.6177221306947185,1.7420095475969952,27.79424572760766,-0.154105204646594,3.5265988790523126,111.2540337148462,1.2603339161365663,1.3981077824128394,7.255051334889002,-0.3294359229153072,0.00010766940069344376,1.806424925691583e+63,-9.136445130294577,25.817784413784203,44.71017781215612,0.17638592261836622,0.17386436793878174,17.002751779185925,-1.749479778336199,2.1790972687495738,6.1989854385896725,0.18831281368622865,2.0342621539601683e-05,0.002220462265058533,-10.802792289729483,2.374423873688075,7.283627437700839,-0.1424047639622032,0.0694756168476155,0.07191370985128377,0.07726228226598361,0.05660622327195963,0.06430833930212043,0.07627543914397111,0.0923412913561317,0.09095849326463334,5,0.07726228226598361,0.07627543914397111,4,0.07726228226598361,0.07627543914397111,4,0.07726228226598361,0.07627543914397111,4,0.07726228226598361,0.07627543914397111,4,0.07726228226598361,0.07627543914397111,4,0.07726228226598361,0.07627543914397111,4,0.26207413942088964,10.0,105
6,50.0,2000,0.0015,0.26207413942088964,1.4506386445202115e-05,2,2,2,2,0.0,0.0,0.0,0.0,0.06019199870607008,0.04717057068332455,0.4582468508664038,0.2591040385136114,0.12242554381894859,0.9689808464710009,5,2679.7024014401754,0.01,0.02812396766672101,0.060974983319622644,0.06450150258761875,4.30462593174335,nan,8.312905430189398,44.71017781221746,4.295194870948386,102.00307814624006,4.467288093995915,1.0,1.0,1.0,12,1.253628872228247,0.2142110244267869,0.22604244324646997,0.16600341533096166,0.16851965636208668,0.16565306304401445,7.08021763108091,124265.35160578329,1.9573046460864354,2.232008474753537,23.19571508899914,-0.27241619379944915,2.1805974666213777,406.07013548120386,0.7795989065089401,1.7785898966120093,10.114604578030733,0.011328121244677308,0.029125862283042776,1.4070726098790233e+60,-3.5361287612497994,15.188362118333208,44.71017781221746,-0.06889634557726831,0.35456682712467097,5.608500418812516,-1.036858439845947,1.7708899273881964,3.2097908847176497,-0.17068785351433272,2.2448231749866045e-05,0.00120679744841705,-10.70429871080384,2.0435431065537464,5.7934916027741705,-0.21365972110113154,0.040325812824042906,0.04099390051986065,0.06019199870607008,0.052311109759028904,0.05586148318420541,0.2591040385136114,0.06019199870607008,0.2591040385136114,5,0.06019199870607008,0.2591040385136114,5,0.04939868792270177,0.25910260360470116,4,0.04939868792270177,0.25910260360470116,4,0.04939868792270177,0.25910260360470116,4,0.04939868792270177,0.25910260360470116,4,0.04939868792270177,0.25910260360470116,4,0.26207413942088964,10.0,106
10,50.0,2000,0.002,0.26207413942088964,1.4506386445202115e-05,2,2,2,2,0.0,0.0,0.0,0.0,0.052089910405724686,0.04718846825460235,0.5448172628292158,0.05138227588129408,0.04228994278730542,0.5857565166174843,4,871.6535847439231,0.01,0.019418391575489677,0.021359349103501884,0.8368790483767288,0.9864151326251305,nan,7.12653384152242,44.71017781099109,2.648601330529348,40.44157705952654,0.4872479163798378,1.0,1.0,1.0,12,1.325855787950511,0.18282900988937326,0.2820581286474512,0.13231136207992053,0.1366698175021667,-0.21552730413594182,5.562860870645028,40860.64136842881,1.7161125210096044,1.8221372757237062,22.67885326126617,-0.20132573600852374,3.1246722100974886,93.79865348435547,1.13932938491793,1.3977035422183104,6.818040562534612,-0.24295738413645004,0.00012242855474452866,8.683819889137555e+45,-9.007982924697545,23.858555559739568,44.71017781099109,0.18548614592821883,0.2065988658425096,8.412466966673025,-1.5769762119413397,2.1544284093410813,3.7854292630379827,0.11039975640318138,2.4203416106850062e-05,0.0022549276146495655,-10.629016773323887,2.2686780322563425,7.3928829137244865,-0.22564012187099355,0.04360073732437673,0.04587475703370564,0.052089910405724686,0.03522886657980274,0.04025868590081945,0.05138227588129408,0.06951407200145325,0.06830890084312408,5,0.052089910405724686,0.05138227588129408,4,0.052089910405724686,0.05138227588129408,4,0.052089910405724686,0.05138227588129408,4,0.052089910405724686,0.05138227588129408,4,0.052089910405724686,0.05138227588129408,4,0.052089910405724686,0.05138227588129408,4,0.26207413942088964,10.0,107
6,2.0,2000,0.0,0.26207413942088964,3.853466155588228e-05,2,2,2,2,0.0005,0.0,9.094613164989755e-09,0.0,0.04936438706731973,0.03510957847982398,0.6971344383727466,0.0006469788465178271,0.18453451178529523,0.9608373878790244,4,848.0897627157649,0.01,0.06882254248088633,0.0013372243240804987,0.003606754455763794,0.013106186158769118,nan,9.001375111675,44.664891001896464,16.46263167533875,3066.512833557401,82.50707175490766,0.8333333333333334,1.0,1.0,12,1.0991437111858569,0.18876500351795242,0.09453143228267613,0.16953066696444127,0.16929882562768883,0.8238336950685667,7.117146336188549,21341395888.4628,1.9625068496047726,3.2077414042113506,44.664891001896464,-0.19298697437016657,1.1518815235129158,8221.146944736633,0.14139671281205887,2.3277620031285764,26.455994919806084,0.24048522629230318,0.02084381285307165,6.512877898705692e+26,-3.870698120431067,14.395907658822079,35.859626931873336,0.03215955528495223,0.6321572515641497,2.8677646296571844,-0.4586171000187289,1.4428785377905478,1.7848862811373367,-0.6102459197234794,4.984179157633801e-05,0.004301606469851642,-9.9066567375754,1.818070175224923,10.055039586530851,-0.1415213161052055,0.026134052516933695,0.02983029585521851,0.04936438706731973,0.5341040439548446,0.018852512554523297,0.0006469788465178271,0.0996928485272478,0.08148521060123239,5,0.04936438706731973,0.0006469788465178271,4,0.04936438706731973,0.0006469788465178271,4,0.04936438706731973,0.0006469788465178271,4,0.047747518093283856,0.000603743716937059,3,0.047747518093283856,0.000603743716937059,3,0.047747518093283856,0.000603743716937059,3,0.26207413942088964,10.0,108
10,2.0,2000,0.003,0.26207413942088964,3.853466155588228e-05,2,2,2,2,0.0,0.0,0.0,0.0,0.030861746579233188,0.024379051055206033,0.5770885424351452,0.03041954373214173,0.019783138978692393,0.6179341582350903,4,1702.1443131234212,0.01,0.021573975738371692,0.02412384420080579,0.7197258335938033,0.9856714899153175,nan,6.8534642202586395,44.660749880199035,2.4704106411446243,11901.594129259844,97.7945285888237,1.0,1.0,1.0,12,1.3256777115513139,0.17468829688320345,0.2819238090927495,0.12769965403779035,0.130688425086473,-0.37374651777204587,5.226228918968356,195025.89869128898,1.6536899699982937,1.7069325941019873,37.63198183193725,-0.18175025166555747,2.8036872547131795,72.20769322461388,1.0309354275428129,1.3173760816474327,6.833699051110176,-0.2503053966498254,0.00014849760288967998,5.524437787234554e+39,-8.814941742008843,21.776525880528578,44.660749880199035,0.24830451098921952,0.22933830313812156,10.842019651772837,-1.4725570592912947,2.1154946510863843,4.292225962261873,0.06307234993989845,3.5595869591796304e-05,0.004126746162249374,-10.243280949539795,2.2647589990177197,9.340208762608235,0.03502735965696525,0.02005471691686924,0.022220689669515667,0.030861746579233188,0.012307642993351485,0.01662223021058397,0.03041954373214173,0.042519468845718916,0.04155544327310585,5,0.030861746579233188,0.03041954373214173,4,0.030861746579233188,0.03041954373214173,4,0.030861746579233188,0.03041954373214173,4,0.030861746579233188,0.03041954373214173,4,0.030861746579233188,0.03041954373214173,4,0.030861746579233188,0.03041954373214173,4,0.26207413942088964,10.0,109
6,10.0,2000,0.0005,0.26207413942088964,3.853466155588228e-05,2,2,2,2,0.0005,0.0005,0.01218233249259725,0.0,0.046643203075430045,0.03183328169940857,0.48182590242322026,0.13140080001435334,0.06679562960326775,0.8863471955993494,4,2475.015627834687,0.01,0.030323784713135987,0.04937033541116618,0.14265107044387143,2.817147866150096,nan,7.576773600968987,36.80360217104659,3.4172901794733117,inf,inf,1.0,1.0,1.0,12,1.293991469078631,0.1819283059327991,0.25773160338203954,0.1394270730291252,0.13924000598822875,-0.16879860413976322,5.338235528188552,49781.50647543871,1.6748951729367363,1.9001973170439947,21.72433186671572,-0.17442432347405948,1.9552100975098385,76.96646441409361,0.6704976544201415,1.2994826344462356,7.8472086585552985,0.023618192083033795,0.007780972432292598,6.580958173053766e+34,-4.856073957305349,16.594613845095672,36.80360217104659,0.08727782632515291,0.5337680589294556,3.4169059072169876,-0.6277938809517918,1.553879128059713,2.0609946202552085,-0.45777946724750884,4.0240996691517284e-05,0.003530248148291761,-10.120624263803652,1.8437064998709334,11.976488832201102,-0.023500572213762602,0.02371257504458058,0.025144066978215085,0.046643203075430045,0.03182475167679559,0.037161337118654304,0.13140080001435334,0.06223630629815322,0.1377239210123572,5,0.046643203075430045,0.13140080001435334,4,0.046643203075430045,0.13140080001435334,4,0.046643203075430045,0.13140080001435334,4,0.046643203075430045,0.13140080001435334,4,0.046643203075430045,0.13140080001435334,4,0.046643203075430045,0.13140080001435334,4,0.26207413942088964,10.0,110
10,10.0,2000,0.002,0.26207413942088964,3.853466155588228e-05,2,2,2,2,0.0,0.0,0.0,0.0,0.04197834575277981,0.02934211095382447,0.6774148852257683,0.057236739957185395,0.034172958244882125,0.797703666872113,4,2216.4971049892883,0.01,0.026728563447855805,0.03387665118620607,0.2497427386520759,1.363482503437982,nan,6.6799372264662455,44.70975964070063,2.213135053394523,6.756483516335806e+52,6.2271737477749364e+50,1.0,1.0,1.0,12,1.2936638578597301,0.1601909934282164,0.2574783925179491,0.12073552960508888,0.1229187645950756,-0.19283374594596042,5.493177308542129,22139.821936648088,1.703506832838641,1.797829695869069,23.22340012091983,-0.20027052185300423,2.25899690471966,56.33490659245479,0.8149208672855738,1.3493923407604416,6.673125009830439,-0.08428370234591774,0.0005054242629004461,2.1039592784901603e+29,-7.590112356840678,16.797943716127023,44.70975964070063,0.24898167866970733,0.3023223834035586,15.887386552169923,-1.1962613362608174,2.116690684063258,5.1281126194174504,-0.06749522033466075,4.533990079752752e-05,0.0026118537569819115,-10.001323100855359,2.1940193428622536,6.319132041341277,-0.07412392293557998,0.022321408857147347,0.023726578251546247,0.04197834575277981,0.021213548037964658,0.02406858673949633,0.057236739957185395,0.052615443655689154,0.06563091114348489,5,0.04197834575277981,0.057236739957185395,4,0.04197834575277981,0.057236739957185395,4,0.04197834575277981,0.057236739957185395,4,0.04197834575277981,0.057236739957185395,4,0.04197834575277981,0.057236739957185395,4,0.04197834575277981,0.057236739957185395,4,0.26207413942088964,10.0,111
6,50.0,2000,0.001,0.26207413942088964,3.853466155588228e-05,2,2,2,2,0.0,0.0,0.0,0.0,0.04855722112372681,0.03307633229306562,0.5525303863106596,0.4280223621429153,0.17880559071687366,0.9839958884087678,4,2372.045993394428,0.01,0.03236938225052342,0.08396767542662784,0.08971470037819838,8.814803488286278,nan,7.689188122225433,44.71015602350175,3.981789716990814,12731.7708995179,252.1142752379782,1.0,1.0,1.0,12,1.2763422310980679,0.18161966439854219,0.24399835515145615,0.14025245253908425,0.14090387396760531,-0.0698871705882953,5.355379328216518,11500.925290917501,1.6781015376591994,1.8829131981277565,22.19528670740459,-0.17772831830369853,1.8860751781962282,172.33925413609677,0.6344980446025287,1.3270854501413842,12.524909889755735,0.05025376495494374,0.015201100563736615,1.7694470707762483e+45,-4.186387448242071,16.66931449274969,44.71015602350175,0.046711897863624535,0.4601218714561798,4.688331741409485,-0.77626388664064,1.5837576123431347,2.9188668169116374,-0.355397788989065,3.877038478804091e-05,0.004064932241221438,-10.157853881439253,1.8929022006643403,11.910304402726432,-0.0032217935524924126,0.024628304673155754,0.02604347108231431,0.04855722112372681,0.048674137624255646,0.05972027238345003,0.4280223621429153,0.06360620890012128,0.42875632990167695,5,0.04855722112372681,0.4280223621429153,4,0.04855722112372681,0.4280223621429153,4,0.04855722112372681,0.4280223621429153,4,0.04855722112372681,0.4280223621429153,4,0.04855722112372681,0.4280223621429153,4,0.04855722112372681,0.4280223621429153,4,0.26207413942088964,10.0,112
10,50.0,2000,0.0005,0.26207413942088964,3.853466155588228e-05,2,2,2,2,0.0,0.0,0.0,0.0,0.044174635544428124,0.031588092563384844,0.6666908109721789,0.05528667600478204,0.03423887510756893,0.766506093036358,4,2045.7975734922268,0.01,0.026217188033317095,0.03223769694670228,0.29680189032133514,1.251547982759883,nan,6.746515386357208,44.7101744502029,2.166864052082857,inf,inf,1.0,1.0,1.0,12,1.3021599374115373,0.16068983231680448,0.26402437603599527,0.12011093660791053,0.12250534591682427,-0.24833598673811705,5.33990767003066,11618.839342224977,1.6752083625661944,1.7740681614285885,18.88039551413708,-0.18700173326763914,2.2920142762765363,91.2819240640449,0.829431027575039,1.3443773464301847,9.57605205780395,-0.09539132969363763,0.00025368469543601775,2.70020015528947e+28,-8.279418418618116,17.940374143456292,44.7101744502029,0.2715487563114697,0.30082196618574053,11.982371578615957,-1.2012366636892664,2.114244930992393,4.244947712810225,-0.06522005783312934,4.490751667694705e-05,0.005130619522832756,-10.01090536794131,2.263652222802448,8.352357960958853,-0.06761067449401154,0.024498503808965063,0.026091138336761337,0.044174635544428124,0.022174385186671162,0.025255564131253586,0.05528667600478204,0.05466813110208676,0.06399270255945105,5,0.044174635544428124,0.05528667600478204,4,0.044174635544428124,0.05528667600478204,4,0.044174635544428124,0.05528667600478204,4,0.044174635544428124,0.05528667600478204,4,0.044174635544428124,0.05528667600478204,4,0.044174635544428124,0.05528667600478204,4,0.26207413942088964,10.0,113
6,2.0,2000,0.001,0.26207413942088964,2.4271463406142064e-05,2,2,2,2,0.0005,0.0005,0.05641763209562589,0.0,0.053437938183103086,0.04279390267232839,0.41430534157885257,0.06333913604681357,0.044969268063631634,0.5130208373071719,5,2666.481186034686,0.01,0.024548878494185408,0.029698933157366138,0.23278517819454403,1.1852840547437367,nan,7.8766029068523595,44.70912784154341,3.8521546728752125,2.249219443620607e+22,9.571146568598328e+20,1.0,1.0,1.0,12,1.307739802220949,0.21368274988948596,0.2683003052805795,0.15927834989606618,0.16132830570205467,-0.7983653895606729,5.8531418657293,422842.84491718566,1.7669785881375561,1.8189724047795004,40.19701673758666,-0.0717597884482915,2.375526718911499,809.5584382441991,0.8652191892816468,1.5181155481079764,17.376607671405118,-0.08071913029238227,0.01502068355284323,6.281341417251216e+39,-4.198327124171473,16.172605449635892,44.70912784154341,-0.05043079760588849,0.26030446595273,4.126666232909991,-1.3459033101840017,1.775677194447627,3.1538307636854013,0.0038157103347371208,2.3150071049417763e-05,0.0011281193608775515,-10.67351270834742,2.082884173732974,5.0633298810317156,0.022710559624979577,0.037021301210912246,0.037922468622969836,0.053437938183103086,0.03493049749258816,0.03663817065149318,0.06333913604681357,0.053437938183103086,0.06333913604681357,5,0.053437938183103086,0.06333913604681357,5,0.04224470870103029,0.05424410005234214,4,0.04224470870103029,0.05424410005234214,4,0.04224470870103029,0.05424410005234214,4,0.04224470870103029,0.05424410005234214,4,0.04224470870103029,0.05424410005234214,4,0.26207413942088964,10.0,114
10,2.0,2000,0.001,0.26207413942088964,2.4271463406142064e-05,2,2,2,2,0.0,0.0,0.0,0.0,0.05285586906682256,0.041119818571281795,0.6173764660460532,0.06102862457757022,0.042962103502768086,0.698841437595888,4,1113.9170508098719,0.01,0.02430074255077254,0.029220943073771027,0.25889295547488733,1.1546234250810505,nan,7.0980664950067744,44.71011112672143,2.5899305139911513,9365195.564863259,169967.25163091213,1.0,1.0,1.0,12,1.2936162785544336,0.16877370884726078,0.25744161311812125,0.1266008125762214,0.12941201903273122,-0.9186641644252789,5.920107849703011,160467.7040817931,1.7783546665852095,2.0075599403306232,27.1046325156217,-0.07068538804601773,2.4716022102872843,179.2576266695511,0.9048666084781525,1.471216291836722,11.13057765729076,-0.11024102086352149,0.00040889055343851043,1.3823614339578682e+33,-7.8020630332364025,20.206801121861318,44.71011112672143,0.137980202806966,0.21720634297244115,8.189130499883866,-1.52690748797657,2.104178588851097,3.9609995882270583,0.08924130708748863,3.155722044801958e-05,0.003018651483576313,-10.363708137854406,2.255825986104555,6.8052707306418165,-0.11636584864722747,0.034658204592544366,0.03584538205447847,0.05285586906682256,0.032898951509650734,0.034958734421083305,0.06102862457757022,0.06783720358668677,0.07422344057219352,5,0.05285586906682256,0.06102862457757022,4,0.05285586906682256,0.06102862457757022,4,0.05285586906682256,0.06102862457757022,4,0.05285586906682256,0.06102862457757022,4,0.05285586906682256,0.06102862457757022,4,0.05285586906682256,0.06102862457757022,4,0.26207413942088964,10.0,115
6,10.0,2000,0.0005,0.26207413942088964,2.4271463406142064e-05,2,2,2,2,0.0,0.0,0.0,0.0,0.058308206594024754,0.04601924232268484,0.4249404895786864,0.09396663435231753,0.05946519765186448,0.7487627681776335,5,2777.456358913326,0.01,0.025719871207746246,0.036230811454335446,0.11077488858024426,1.6115507548803076,nan,8.248426405144524,44.65156422455181,2.914318915026899,inf,inf,1.0,1.0,1.0,12,1.2763901455228,0.22247125548576124,0.24403589486786081,0.1695620909544472,0.17179710553034697,-0.6068450257450461,7.047987308817844,215702.95307201758,1.9527420879537447,2.12728901978123,26.86352099678225,-0.14868340495123367,2.267630936228562,1887.3653085456137,0.8187356460934907,1.8050596059537105,18.184917355690065,-0.04213568531897747,0.006585643809908758,4.4898220010127767e+23,-5.02286317940748,14.638225171339366,44.65156422455181,0.0006106384442720169,0.33554498156855767,4.185018086180063,-1.0919992583277327,1.7698959169026311,2.735223183211575,-0.1396288785539097,2.067389442510774e-05,0.002407940253644243,-10.786638792481511,2.022872276050842,10.43925721045007,0.0793077997325561,0.03953447915079833,0.040215041223231426,0.058308206594024754,0.04135689082753658,0.04307206777573935,0.09396663435231753,0.058308206594024754,0.09396663435231753,5,0.058308206594024754,0.09396663435231753,5,0.04756492358457005,0.08833543728322688,4,0.04756492358457005,0.08833543728322688,4,0.04756492358457005,0.08833543728322688,4,0.04756492358457005,0.08833543728322688,4,0.04756492358457005,0.08833543728322688,4,0.26207413942088964,10.0,116
10,10.0,2000,0.0005,0.26207413942088964,2.4271463406142064e-05,2,2,2,2,0.0,0.0,0.0,0.0,0.06026169094107315,0.0427499523045985,0.8342334872908824,0.015755368419050307,0.3434138900231536,0.9801631462678103,4,3357.9034304314205,0.01,0.045138091648612176,0.013030179050261877,0.026936530830275675,0.2614491590429595,nan,6.995360244395539,44.71017776133665,6.265801167051855,52446607503.99955,1348241838.1490886,1.0,1.0,1.0,12,1.2321123584451978,0.14525321374893085,0.20873006098954416,0.11531718092468099,0.11710154702844332,-0.5861405649212516,7.324832492063016,1680598.8108505895,1.9912702866639096,2.3462067729647456,38.013867974586304,-0.15123167215063787,1.291074858943202,51.89309568959663,0.2554750954221576,1.6007561510488393,6.108268674583459,0.30435811651490285,0.005756133170248035,1.4232722736246352e+36,-5.15748935432332,11.583762243306682,44.71017776133665,0.012393627816759152,0.31629068832172796,13.220474562224181,-1.1510935884913995,2.0245620584228945,5.284660623843215,-0.09287650684171536,5.1672419969827905e-05,0.001857690041144147,-9.870586381657828,2.1721154354251224,4.032156519747938,-0.3478741733273554,0.03266106038787355,0.0353271055848488,0.06026169094107315,0.8033825230384395,0.2111037786119709,0.015755368419050307,0.06748637181185058,0.057533818997906855,5,0.06026169094107315,0.015755368419050307,4,0.06026169094107315,0.015755368419050307,4,0.06026169094107315,0.015755368419050307,4,0.06026169094107315,0.015755368419050307,4,0.06026169094107315,0.015755368419050307,4,0.06026169094107315,0.015755368419050307,4,0.26207413942088964,10.0,117
6,50.0,2000,0.0005,0.26207413942088964,2.4271463406142064e-05,2,2,2,2,0.0,0.0,0.0,0.0,0.06051210552481847,0.04338573177281016,0.6526259665849873,0.001247234831041624,0.06089415459115552,0.9649305329727641,4,1640.6294487001423,0.01,0.04851049567345991,0.004958500056508695,0.011811464228857189,0.020611327605020824,nan,8.545202997323925,44.7012305250529,5.086960593757017,10665.81252305195,415.5511372617643,1.0,1.0,1.0,12,1.1784102573399315,0.18636048993952192,0.1641662905920213,0.15610080269235008,0.15623528691293415,-0.1475220292119893,6.754254933519741,3560956.0963123064,1.9101726668121408,2.6841960792374477,23.71595413086733,-0.10197584138957672,1.4295368551596586,1140.3911630604566,0.3573505143014393,1.8178279844102254,23.743163036595494,0.21197149100914725,0.015246680189305965,1.4219488411399133e+28,-4.183393492131696,16.063712185358746,44.7012305250529,-0.05170230981772946,0.42849306161659506,3.224645714513498,-0.8474807333353868,1.5472986651652825,2.3278620979033695,-0.3177454476599618,4.217085816085941e-05,0.002271327947687263,-10.073781140380628,1.9320089374316434,6.369799124321885,-0.28593454825404946,0.03352128016245514,0.03612380963115686,0.06051210552481847,0.14589733686450912,0.035537892077915835,0.001247234831041624,0.07888958581635047,0.05277141890595452,5,0.06051210552481847,0.001247234831041624,4,0.06051210552481847,0.001247234831041624,4,0.06051210552481847,0.001247234831041624,4,0.06051210552481847,0.001247234831041624,4,0.06051210552481847,0.001247234831041624,4,0.06051210552481847,0.001247234831041624,4,0.26207413942088964,10.0,118
10,50.0,2000,0.001,0.26207413942088964,2.4271463406142064e-05,2,2,2,2,0.0,0.0,0.0,0.0,0.07845431116124166,0.0581419361622394,0.7413228657782684,0.8645989623080148,0.367438187351565,0.9908529323680512,4,2024.6672564203182,0.01,0.03392163907328926,0.11730402020238358,0.06384662511781075,11.020413658735274,nan,7.090032019746762,44.70087172107755,2.998155867058672,282.61285380531734,7.136688227407003,1.0,1.0,1.0,12,1.2633569517808116,0.15746387413047733,0.2337724255924815,0.12224334059244775,0.12370549784827928,-0.7577872277238717,7.23953715361365,54949.73160642084,1.9795572752951875,2.2863524504621915,15.563739053057546,-0.15006774745010482,1.6769995959649584,49.70581207482453,0.517006241913767,1.5500652974997156,5.898803462112728,0.14558869294427393,0.0012478159883668849,5.821945245396419e+27,-6.686360465124858,14.101377826623601,44.70087172107755,0.11860088917022886,0.2609495836826322,10.682830448277556,-1.3434280562853183,2.0977493346641207,4.37218243330599,0.0020499188593550125,3.768114392612904e-05,0.005341390053616384,-10.186350749743236,2.219670411526019,8.714591391024898,-0.198163876538001,0.04701649755015038,0.04895499977532618,0.07845431116124166,0.10513263789020648,0.13258296185647372,0.8645989623080148,0.08757474316813559,0.9732101951105849,5,0.07845431116124166,0.8645989623080148,4,0.07845431116124166,0.8645989623080148,4,0.07845431116124166,0.8645989623080148,4,0.07845431116124166,0.8645989623080148,4,0.07845431116124166,0.8645989623080148,4,0.07845431116124166,0.8645989623080148,4,0.26207413942088964,10.0,119
6,2.0,2000,0.001,0.26207413942088964,2.4248602000903847e-06,2,2,2,2,0.0095,0.0005,3.710945226200567e-05,0.0,0.03277427525754304,0.04284116503858734,0.26969833754181155,0.031243272873644503,0.040469182866836755,0.3126764583322635,5,733.5516999559657,0.01,0.009596670365356786,0.010269087606142193,5.281537239097367,0.9532864610470319,nan,9.463730911951222,37.21317532900268,1.5639772920999726,inf,inf,1.0,1.0,1.0,12,1.3883634762434787,0.39597158366354784,0.32812569829494,0.25520146232589275,0.27570710888662275,-0.7232398041908767,12.610544270979794,282950117.3653052,2.53453331089945,2.9622205524793843,34.74474509746508,-0.35583855296051076,4.43562839090647,65828.40171194224,1.489669294767771,2.092245203038967,31.203430905764623,-0.3646939018367975,0.010731882475762148,4304637204849.692,-4.534536297302225,7.0919117991837695,26.113619162216622,0.04272189227454179,0.10058391421598069,17.579298590526538,-2.2967629325511143,2.7690809994420236,5.195903103270136,0.3458313759626711,5.921238710538694e-07,0.008127289296611844,-14.339549982305336,2.8073151526783082,37.21317532900268,0.5021927432252926,0.02738560033656693,0.06836361952165206,0.03277427525754304,0.030246493808308475,0.05991778191855728,0.031243272873644503,0.03277427525754304,0.031243272873644503,5,0.03277427525754304,0.031243272873644503,5,0.02167282690589434,0.01988901899334259,4,0.02167282690589434,0.01988901899334259,4,0.02167282690589434,0.01988901899334259,4,0.02167282690589434,0.01988901899334259,4,0.02167282690589434,0.01988901899334259,4,0.26207413942088964,10.0,120
10,2.0,2000,0.001,0.26207413942088964,2.4248602000903847e-06,2,2,2,2,0.0015,0.0,6.180064681464108e-10,0.0,0.9411221022137177,0.9395865654410658,0.3936922857233269,0.9432652348365965,0.940274732328593,0.7175571252307432,4,47.04728808901361,0.01,0.019945329522427127,0.02633801852660946,0.03317697351626128,1.0022772099580253,nan,8.760066351999605,44.70817579415775,2.1993146124382488,5.237637911869828e+71,1.5404817387852434e+71,1.0,1.0,1.0,12,1.257060575286808,0.21440035155086293,0.22877611881040347,0.16103496955443308,0.16830180060718763,-0.5292159609373585,14.393108162619503,28901803.051396035,2.6667494921984165,3.4104204715172446,25.420322895985514,-0.347842286941045,2.6425535050034306,1180.2187345121806,0.9717456864299024,2.0012136919203796,20.95194311160825,-0.12247840365439934,0.0007458729635458373,6.000750787517307e+33,-7.200955262414561,15.837166132142448,44.70817579415775,0.18749559310305203,0.13965232438399466,18.88599634119419,-1.9685993423757637,2.369871852041369,6.954122552702908,0.2656141518671385,3.1594367700072218e-06,0.0013101889977273368,-12.665116783591102,2.354670914235971,15.434613776910789,-0.11238084247481545,0.9388049880210545,0.9388326060884249,0.9411221022137177,0.9387548059216327,0.9388041562275501,0.9432652348365965,0.9430733066325552,0.9443082672135727,5,0.9411221022137177,0.9432652348365965,4,0.9411221022137177,0.9432652348365965,4,0.9411221022137177,0.9432652348365965,4,0.9411221022137177,0.9432652348365965,4,0.9411221022137177,0.9432652348365965,4,0.9411221022137177,0.9432652348365965,4,0.26207413942088964,10.0,121
6,10.0,2000,0.0,0.26207413942088964,2.4248602000903847e-06,2,2,2,2,0.0065,0.001,0.19296888139248808,0.0,0.036747443625223954,0.026698666781981868,0.5406965141193436,0.0187136903489464,0.12659208609552175,0.9151029055867459,5,1429.3584392389323,0.01,0.031977633914323365,0.002465532340216519,0.001512304404484146,0.5092514880708889,nan,10.286561805031914,44.710177791346574,3.079670404727719,inf,inf,1.0,1.0,1.0,12,1.146142913336946,0.2692837595728985,0.13640231674507416,0.22134198687223117,0.22917397142345622,0.03230984780212495,17.247407164567537,9169505976.179604,2.847661822879361,4.074204074118493,37.80663817161909,-0.33557493980462233,2.7515550375848,16860600.676939193,1.0121662200742294,2.8511408975494525,43.60983325628167,-0.10014446927104541,0.05362758092404816,4.467671698934536e+32,-2.925691773772346,9.010166369042038,44.710177791346574,-0.1449323550907349,0.14977406684260186,19.91673459157883,-1.8986273414264707,2.413380047895515,6.566842365747241,0.23183232228689696,3.023305737805341e-06,0.0009728179926031173,-12.709159710064522,2.670827409595155,8.76965064275038,-0.0825875059642276,0.021590759994093343,0.02175779672662831,0.036747443625223954,0.2076863072151979,0.15337626072242097,0.0187136903489464,0.036747443625223954,0.0187136903489464,5,0.036747443625223954,0.0187136903489464,5,0.031170646346691942,0.0016304041435982173,4,0.031170646346691942,0.0016304041435982173,4,0.031169809146874033,0.0015663153983861238,3,0.031169809146874033,0.0015663153983861238,3,0.031169809146874033,0.0015663153983861238,3,0.26207413942088964,10.0,122
10,10.0,2000,0.0015,0.26207413942088964,2.4248602000903847e-06,2,2,2,2,0.0005,0.0005,1.366623126533672e-06,0.0,0.5837887490441233,0.563326309347515,0.5063711221966509,0.8860106657843767,0.6920784406569647,0.9998698943047044,4,153.55426314410838,0.01,0.025994543467793518,0.09206029649954516,0.022005077359175156,1.5176905468546658,nan,8.530256139141024,44.7101777449554,2.6411920944646994,8.50902939440818e+29,1.93387031691095e+29,1.0,1.0,1.0,12,1.241980799453288,0.19349712880024064,0.21670752401440482,0.14871368406981364,0.15404871775252468,-0.4919095496748432,13.540001569467718,66762891.396513164,2.605648383397543,3.501852239706499,21.727683265802753,-0.3213120572833043,2.1205327830064715,887.5455722280645,0.7516673698490662,1.9852979149124272,16.18552669830329,-0.012606239894229054,0.0010170254463934007,1.142010536054886e+40,-6.890873141192943,13.73055959468359,44.7101777449554,0.19367868566884003,0.1329982047580399,22.433707970488786,-2.0174196489113334,2.2315721976262313,9.7987275399358,0.3039524373313377,6.908424950162848e-06,0.0009620983924156994,-11.882768883914231,2.269236452433517,9.884621934942325,-0.4613744855221636,0.5527233326087239,0.553466846389698,0.5837887490441233,0.592478399536865,0.5977462566496523,0.8860106657843767,0.589669025567344,0.9764722946073113,5,0.5837887490441233,0.8860106657843767,4,0.5837887490441233,0.8860106657843767,4,0.5837887490441233,0.8860106657843767,4,0.5837887490441233,0.8860106657843767,4,0.5837887490441233,0.8860106657843767,4,0.5837887490441233,0.8860106657843767,4,0.26207413942088964,10.0,123
6,50.0,2000,0.0005,0.26207413942088964,2.4248602000903847e-06,2,2,2,2,0.0105,0.0,1.9689611360390075e-09,0.0,0.040600691677959724,0.03169057683564648,0.5431777819280827,0.018312814493373443,0.031150050321395468,0.8570151670502374,5,1559.5731795780537,0.01,0.040078209218020674,0.0007593006038558634,0.0006433190622814993,0.45104685995570465,nan,10.661535864293414,44.34614459612899,3.4624752759315185,3331.900407619673,2221.2669384131154,1.0,1.0,1.0,12,1.1113328322169964,0.3027978207074705,0.10556004474587063,0.2507263883704765,0.2638242181571885,0.15153489887600158,20.41556479169538,453090119061.95514,3.0162975899139783,4.483278410527675,21.72068449767509,-0.34256997075002343,2.754522474699585,101572337.2636442,1.0132440971638514,3.5083326349133888,41.521423976191734,-0.08169233049327419,0.031960656485074006,4.9203930216884565e+26,-3.4432496174604172,8.70922008954592,44.34614459612899,-0.09051405060744393,0.22011753303256756,14.246149449849936,-1.5135936342285976,2.36342027647854,4.91157941219025,0.07381919991249213,2.939538884997734e-06,0.0024306772300791155,-12.737257830752156,2.5934676382809214,16.986583711037454,-0.07421679418344809,0.027126418761208144,0.027344620067771573,0.040600691677959724,0.042085348903100846,0.03305198756771212,0.018312814493373443,0.040600691677959724,0.018312814493373443,5,0.040600691677959724,0.018312814493373443,5,0.035534922913612904,0.001486768196355548,4,0.035534922913612904,0.001486768196355548,4,0.035528927935248304,0.001434511010615278,3,0.035528927935248304,0.001434511010615278,3,0.035528927935248304,0.001434511010615278,3,0.26207413942088964,10.0,124
10,50.0,2000,0.0005,0.26207413942088964,2.4248602000903847e-06,2,2,2,2,0.003,0.0,1.802837276628429e-08,0.0,0.9701869995463649,0.9702296356789798,0.3849901864328663,0.9699964922981659,0.9700553074893855,0.5689197079521866,4,35.31980546676048,0.01,0.018756687264608704,0.023091553216121465,0.03479906926698649,0.9998036386301938,nan,8.797811888225317,44.67414037373084,2.0672654371144983,inf,inf,1.0,1.0,1.0,12,1.2514508563165099,0.21685438334766194,0.22430356329328896,0.16277951148221004,0.17093606784470694,-0.4960680856262313,16.798982427111937,2066570935.3274028,2.8213183147600223,3.584346051377378,29.72143486687218,-0.3740870048776295,2.7835796569502276,835.2142786392242,1.0237377457818801,1.9627183687516707,15.146602453304093,-0.1513704270769488,0.0008526038697067595,1.960104742399822e+27,-7.067215514930399,14.609810370654955,44.67414037373084,0.19409280733917786,0.12245734482342134,15.354003538119533,-2.0999925151580663,2.3537183000637287,5.908926378348557,0.32326072103678444,2.9426282921824476e-06,0.0013916892962927863,-12.736207399040262,2.340031573272361,18.519585137792454,-0.08270370701579295,0.9702516853504999,0.9702502221400747,0.9701869995463649,0.9700861348451503,0.9700832953248404,0.9699964922981659,0.9717517144991237,0.9710892166338735,5,0.9701869995463649,0.9699964922981659,4,0.9701869995463649,0.9699964922981659,4,0.9701869995463649,0.9699964922981659,4,0.9701869995463649,0.9699964922981659,4,0.9701869995463649,0.9699964922981659,4,0.9701869995463649,0.9699964922981659,4,0.26207413942088964,10.0,125
6,2.0,2000,0.0,0.26207413942088964,9.420524637686558e-06,2,2,2,2,0.039,0.001,0.03440227636636758,0.0,0.04922322432091646,0.039361719559500026,0.8622445616376997,0.003240072836483638,0.11094915893800589,0.9007096746748814,4,130.87136323935985,0.01,0.1242259559876216,4.643272751518363e-05,7.875127526967769e-05,0.06582406742312553,nan,11.462886676166331,44.71017781221497,49.05193922054835,9.859307912072533e+46,8.450835353205028e+46,1.0,1.0,1.0,12,0.8913369114609412,0.22179999674507855,-0.1150327956423307,0.23299756007867903,0.24206496473672673,1.3199384379829624,17.416102194401535,40263793920692.17,2.857395191760778,6.068180523127652,35.54978618444808,-0.2816883921257636,1.1117677328391355,4656969869.2080555,0.10595130066521415,5.197116760568128,42.041892172722235,0.011244076731216905,0.07054049248364018,3.340184161195951e+41,-2.651568372576258,9.307848794015747,44.71017781221497,-0.20704402318468984,0.24617003608341004,9.613045003962387,-1.4017327782298588,2.0534269595387125,4.870771707834666,0.030488027624772037,9.550442928480231e-06,0.003553727234078482,-11.558923024601578,2.4589819032210456,8.757315162978857,-0.005570090729586106,0.03200048139748896,0.036861452960094646,0.04922322432091646,0.026834513720030335,0.3027728902575037,0.003240072836483638,0.08656264397741537,0.08749266709171218,5,0.04922322432091646,0.003240072836483638,4,0.043296326294458023,0.0025809750035358263,3,0.019827632934590944,0.002521189869212836,1,0.019827632934590944,0.002521189869212836,1,0.019827632934590944,0.002521189869212836,1,0.019827632934590944,0.002521189869212836,1,0.26207413942088964,10.0,126
10,2.0,2000,0.0005,0.26207413942088964,9.420524637686558e-06,2,2,2,2,0.0005,0.0,7.993222141591101e-10,0.0,0.08736807422739484,0.06582465629545203,0.7061475329987495,0.005611540391337983,0.08356163597956785,0.9859001439758661,4,1437.379902931924,0.01,0.03846677856259446,0.005775046808422955,0.0098839671038591,0.06422872932660391,nan,8.263357790628,44.71017781221697,4.85383255320724,1242.1869813497035,221.81910381244705,1.0,1.0,1.0,12,1.2103845249152412,0.1775548955747378,0.19093809831051128,0.1407090759017719,0.14522060357587588,0.01116872910421333,13.09791570602639,53162274.80235172,2.572453111138139,3.3746539133633044,23.263493847701916,-0.4220859295898764,1.530035608458532,245.39039010055896,0.4252910086358289,2.0642913423029277,8.351797658367284,-0.12638861723976882,0.0039688607328602,2.306398197000046e+37,-5.529276194519382,11.783788491490007,44.71017781221697,0.08066789056183618,0.14859725406138713,16.425647725380188,-1.906515625594736,2.1389750225887085,8.807572958340657,0.265261529115969,1.4539856428512232e-05,0.002528588872026841,-11.138616960150276,2.151883532413496,11.095183671220305,-0.20168508667747767,0.054069265161302685,0.05603662949765857,0.08736807422739484,0.1739279561701498,0.07114541137721578,0.005611540391337983,0.09202378647879944,0.044984765709480214,5,0.08736807422739484,0.005611540391337983,4,0.08736807422739484,0.005611540391337983,4,0.08736807422739484,0.005611540391337983,4,0.08736807422739484,0.005611540391337983,4,0.08736807422739484,0.005611540391337983,4,0.08736807422739484,0.005611540391337983,4,0.26207413942088964,10.0,127
6,10.0,2000,0.0,0.26207413942088964,9.420524637686558e-06,2,2,2,2,0.0025,0.0,3.6178114048366e-08,0.0,0.0391751076116665,0.03069386622153832,0.49643010464140963,0.038781656625858,0.1769329140658955,0.9587942658412038,5,1801.301718496064,0.01,0.0303074138501901,0.011268326889974317,0.005391075789786892,0.9899566074021114,nan,9.712345237527867,44.71016779618725,2.9023046400039063,1184480.292247677,296120.07306191925,1.0,1.0,1.0,12,1.1582152674067576,0.2574741445782033,0.14688025773506694,0.20996204841277363,0.21737472939758185,0.21732204687292161,10.22964887646482,92008242.24229513,2.325290256448275,3.1620196075351115,25.428803364794206,-0.3723035355539389,2.971733590383628,4285681.726783667,1.0891454829936205,2.9785894407822644,31.52801630076607,-0.3104682337316742,0.017847052867298544,2.8781423327756226e+39,-4.025916889861369,11.684437269714747,44.71016779618725,-0.04730959065144331,0.22329784697685928,8.49953533620695,-1.4992487620237112,2.133868282459288,3.989070674975835,0.07503786572861029,8.243276815783886e-06,0.012937030410085567,-11.706112621274942,2.3935573885168924,22.3455597552404,0.05577173332481825,0.02637993591457779,0.026526555138370662,0.0391751076116665,0.2120340251220257,0.2799830604498028,0.038781656625858,0.0391751076116665,0.038781656625858,5,0.0391751076116665,0.038781656625858,5,0.02993211871574209,0.007821625585723522,4,0.02993211871574209,0.007821625585723522,4,0.02993211871574209,0.007821625585723522,4,0.02993211871574209,0.007821625585723522,4,0.02993211871574209,0.007821625585723522,4,0.26207413942088964,10.0,128
10,10.0,2000,0.0005,0.26207413942088964,9.420524637686558e-06,2,2,2,2,0.0005,0.0,4.860003126672181e-09,0.0,0.09426303925406367,0.07636329161195421,0.6618984826027965,0.05241532854590488,0.27002383485219433,0.9849973926114574,5,1239.0650137370017,0.01,0.03556681824921885,0.00723815799683726,0.010118160598090554,0.5560538781762786,nan,8.215337160705865,44.71017781221605,3.8632335497104426,1.4520517352464217e+78,2.6889846949007807e+77,1.0,1.0,1.0,12,1.2110693575713476,0.18119902317099573,0.19150373590478373,0.14261971871776516,0.14807125427190165,0.00705304964855003,13.224742551290314,1627221356.7577212,2.582089510733734,3.3322373434783747,42.24589776271402,-0.4303505980653643,1.6718558252093518,293.9936994353502,0.5139342820028057,1.9854481605795866,9.618955895478019,-0.17605405602664112,0.004483129955585916,1.4580027104083712e+38,-5.407433825697672,12.142195849578064,44.71017781221605,0.06825215157787366,0.1465202652777156,9.51513361581329,-1.920591530550943,2.0887915444710496,5.880711159398684,0.2783732497041478,1.1916236507540773e-05,0.004436196132415477,-11.337608675413195,2.123771435482164,18.749903159665784,-0.11065743590170246,0.06680493765558199,0.06802189792621696,0.09426303925406367,0.4960524065140417,0.26160376949663633,0.05241532854590488,0.09426303925406367,0.05241532854590488,5,0.09426303925406367,0.05241532854590488,5,0.08891938382372352,0.009130328709353193,4,0.08891938382372352,0.009130328709353193,4,0.08891938382372352,0.009130328709353193,4,0.08891938382372352,0.009130328709353193,4,0.08891938382372352,0.009130328709353193,4,0.26207413942088964,10.0,129
6,50.0,2000,0.0,0.26207413942088964,9.420524637686558e-06,2,2,2,2,0.004,0.001,0.0493994644075812,0.0,0.059122244059786645,0.04953245929293428,0.6583802187492866,0.03243271423710228,0.039699511713321735,0.9267240415172303,5,1733.6478877144555,0.01,0.0520863202612175,0.0009074003546774809,0.0020530272987266396,0.5485704196935606,nan,9.840861295568063,44.71014049046235,5.046604899449595,inf,inf,1.0,1.0,1.0,12,1.1005810802475078,0.23213813898109575,0.09583829509735287,0.20177548214880184,0.2066270315429874,0.47910352504135273,10.34331046667632,80243708169.3423,2.3363399790268917,3.711235322792659,33.38520353401396,-0.32018470902584817,1.8688111774627063,314554.10993669793,0.6253024947248016,3.1556546335162383,20.05854245235251,-0.14605984112687415,0.03261675275030827,5.457512248212126e+38,-3.4229292345584525,12.853984723935488,44.71014049046235,-0.08991558838353181,0.2836431820438832,4.319920868775433,-1.2600382320086372,1.8943213516530255,2.8200335502686404,-0.041750893154605666,1.6311076662625416e-05,0.0015236659820962496,-11.02366613108669,2.270021250080721,6.0755468591555575,-0.24182753610730226,0.04426384225507896,0.04521129156393724,0.059122244059786645,0.050552716919365165,0.03611310398349776,0.03243271423710228,0.059122244059786645,0.03243271423710228,5,0.059122244059786645,0.03243271423710228,5,0.05092338367002377,0.0032768564147965004,4,0.05092338367002377,0.0032768564147965004,4,0.05092338367002377,0.0032768564147965004,4,0.05092338367002377,0.0032768564147965004,4,0.05092338367002377,0.0032768564147965004,4,0.26207413942088964,10.0,130
10,50.0,2000,0.001,0.26207413942088964,9.420524637686558e-06,2,2,2,2,0.0,0.0,0.0,0.0,0.054118144548584594,0.04155778626713438,0.8683130392688488,0.03571921374430181,0.0954096739147709,0.9879343659663558,5,3054.141487233606,0.01,0.057781396997688146,0.0016992621369693402,0.004806692110566532,0.6600228822005318,nan,7.951885657018692,38.26324994733274,306.30291669913214,158114034.06120962,20014434.691292357,1.0,1.0,1.0,12,1.1865957621641996,0.15479516953425726,0.17108850342544304,0.126476878869329,0.12940015598446894,0.16936800328897114,12.001537135664613,8645825.375446279,2.4850347362233003,3.377556397046033,19.089652518490936,-0.39584107620542686,1.0065025604701412,762.3680711394607,0.006481510029039906,1.9853054265096,21.328473966648748,0.07953767121400257,0.008618466228947757,4.292733302422313e+22,-4.753848141814848,9.446934145541702,38.26324994733274,0.018539909883193498,0.21284195653948076,8.690879449307948,-1.5472053767596627,2.0182214928687667,5.024149660478939,0.10309945520494067,2.533986224965441e-05,0.002951331347084497,-10.58313181916915,2.112247334665973,9.508403742336014,-0.46845269561779557,0.034020482622211044,0.036534731630607505,0.054118144548584594,0.1855811139112976,0.0649286940887133,0.03571921374430181,0.054118144548584594,0.03571921374430181,5,0.054118144548584594,0.03571921374430181,5,0.049459206148922394,0.0050494894300768135,4,0.049459206148922394,0.0050494894300768135,4,0.04941283842443203,0.005038610813285275,3,0.04941283842443203,0.005038610813285275,3,0.04941283842443203,0.005038610813285275,3,0.26207413942088964,10.0,131
6,2.0,2000,0.001,0.26207413942088964,7.513764020612118e-06,2,2,2,2,0.0005,0.0,6.95816687303572e-09,0.0,0.04584129673235667,0.0442697260605966,0.36761366785133137,0.04429177326013408,0.03799676352321632,0.40070061775465665,5,1470.5278148044088,0.01,0.01674657151883234,0.017947284392142892,0.6694753394393761,0.9661980881284958,nan,8.48170526611056,44.33888257745564,2.676571567062582,2.5090584131602514e+136,4.0687433726922994e+135,1.0,1.0,1.0,12,1.341547032146755,0.2696330812022944,0.29382344964039275,0.19148429421820312,0.19728211328591128,-0.33268705115949765,7.707542673658787,6285416.120490139,2.042199417403618,2.0846434396913747,43.89244386447245,-0.4839658566559501,3.161448132840769,10661.284570271308,1.1510301925115654,1.7959827039509504,27.903117975631687,-0.15517144468317945,0.013337211744015979,8.03067664385773e+23,-4.31719727503273,11.555287475752662,44.33888257745564,-0.004920140509089046,0.17855253140161273,13.508381596461408,-1.7228724274918428,2.278433694243849,5.7251023570293835,0.16842473322762483,5.001183549644779e-06,0.0008871398669911026,-12.205835963612593,2.4274272228455693,8.872336624622434,0.16769275024220553,0.043272041567449016,0.04369583988198412,0.04584129673235667,0.033916033771234526,0.03578248353828036,0.04429177326013408,0.04584129673235667,0.04429177326013408,5,0.04584129673235667,0.04429177326013408,5,0.030244712012636697,0.028842039062594322,4,0.030244712012636697,0.028842039062594322,4,0.030244712012636697,0.028842039062594322,4,0.030244712012636697,0.028842039062594322,4,0.030244712012636697,0.028842039062594322,4,0.26207413942088964,10.0,132
10,2.0,2000,0.001,0.26207413942088964,7.513764020612118e-06,2,2,2,2,0.0005,0.0,0.00021063547317423296,0.0,0.9614776287112882,0.9604793829606465,0.4276423226203906,0.9618272632781296,0.9611418154233918,0.4739964246353279,4,50.60140214984881,0.01,0.018315246385548135,0.02015168571343439,0.41100726221559203,1.0003636429558014,nan,7.774878126836584,44.71017781221814,2.50656889403083,5935479.237263615,283994.2218786419,1.0,1.0,1.0,12,1.2995685121267997,0.18797898943150476,0.26203229562331554,0.1383762566023278,0.14324008507187472,-0.23062620678812015,7.9304910042237475,472060.4504670037,2.0707149510343412,2.442988086487268,25.204581361912883,-0.42464872730298203,3.049024765320372,429.96485414413553,1.1148217904133972,1.6857023809972471,13.46411558302624,-0.14384320235488818,0.00026031786651075836,2.4852395044297503e+63,-8.25360711016804,20.6882348458989,44.71017781221814,0.18752475626990228,0.1410832179174615,11.694219170376927,-1.958405364706127,2.2431126694222647,5.512228685243074,0.276079544637246,1.2755048132698272e-05,0.0007297969161885428,-11.269583432743886,2.342816723917918,4.79223904136468,-0.22587792653791672,0.9598829724720891,0.9600775476985619,0.9614776287112882,0.9607157904804203,0.9608823925116254,0.9618272632781296,0.9614776287112882,0.9618272632781296,4,0.9614776287112882,0.9618272632781296,4,0.9614776287112882,0.9618272632781296,4,0.9614776287112882,0.9618272632781296,4,0.9614776287112882,0.9618272632781296,4,0.9614776287112882,0.9618272632781296,4,0.9614776287112882,0.9618272632781296,4,0.26207413942088964,10.0,133
6,10.0,2000,0.0,0.26207413942088964,7.513764020612118e-06,2,2,2,2,0.0005,0.0,1.8943692310178954e-08,0.0,0.05432673752937851,0.043752326254686724,0.5784542826610319,0.029417951903304533,0.0815441892342792,0.9483202099708502,5,2118.156682702014,0.01,0.0404871624104574,0.003670028075828112,0.005374808357860024,0.5415004331411591,nan,9.51388427188499,44.71002146858387,3.6561990773780457,1211343448653999.0,158001319389652.03,1.0,1.0,1.0,12,1.1374690380926633,0.22363615569423523,0.1288056522133205,0.1872410704548351,0.19313937401717982,0.5410856282446788,9.607516782584723,25960734881.36551,2.262545790276541,3.3657870104190666,38.27922244599157,-0.36521699595968055,2.2224287161812155,39340992.45628181,0.7986006141823109,2.919842828766906,44.24167640578881,0.025256272976284102,0.024330519646567697,4.3755250058620604e+30,-3.716023764150602,13.477775314720676,44.71002146858387,-0.04882312796586232,0.27343308926968096,5.131048766047499,-1.2966983332311852,1.87794799759182,3.3627623071573343,-0.02259354741729534,1.8764194906508673e-05,0.002005947960016661,-10.883560030294033,2.210177326066219,7.133857449472452,-0.414090749874685,0.03817547692006632,0.038754764314615345,0.05432673752937851,0.13674947312673125,0.07846514267280182,0.029417951903304533,0.05432673752937851,0.029417951903304533,5,0.05432673752937851,0.029417951903304533,5,0.046114082291269475,0.00022527471033532943,4,0.046114082291269475,0.00022527471033532943,4,0.046114082291269475,0.00022527471033532943,4,0.046114082291269475,0.00022527471033532943,4,0.046114082291269475,0.00022527471033532943,4,0.26207413942088964,10.0,134
10,10.0,2000,0.0005,0.26207413942088964,7.513764020612118e-06,2,2,2,2,0.0,0.0,0.0,0.0,0.12054076337929495,0.10030567682800921,0.6278177963638969,0.2216567688906521,0.1422027304241443,0.94497248651834,4,729.115099672179,0.01,0.027547507865377633,0.04664948739487863,0.08697663272521396,1.8388532034858978,nan,7.544355321354206,39.35565186193634,2.367886958943149,497044608258995.75,20454510627942.21,1.0,1.0,1.0,12,1.2620158588637946,0.17007578746212093,0.23271033049315032,0.13028630209420805,0.13360938830273522,-0.019888706624703607,7.7413762582375165,1495916.9215257415,2.0465794829369064,2.4071623520225978,25.2090219321668,-0.4209422404742805,2.11326710564751,124.79394529533772,0.7482351412682957,1.6392468779545302,8.141810869430548,0.07571148807070675,0.0010972446515018607,7.856650238702166e+33,-6.8149531038649895,16.137038580451044,34.442268093800706,0.1512608511567687,0.18425264036097655,13.206336661270996,-1.691447417697993,2.1161771935911355,7.0606006304572615,0.16648869404840277,2.5632841087196355e-05,0.09230004231221706,-10.571636173665523,2.22282263994312,39.35565186193634,-0.5520628685726805,0.08953999495647752,0.09083627214825517,0.12054076337929495,0.10043826194295292,0.10451316043882784,0.2216567688906521,0.13681240581254378,0.22613947292964895,5,0.12054076337929495,0.2216567688906521,4,0.12054076337929495,0.2216567688906521,4,0.12054076337929495,0.2216567688906521,4,0.12054076337929495,0.2216567688906521,4,0.12054076337929495,0.2216567688906521,4,0.12054076337929495,0.2216567688906521,4,0.26207413942088964,10.0,135
6,50.0,2000,0.0025,0.26207413942088964,7.513764020612118e-06,2,2,2,2,0.0005,0.0005,42.30168735918333,0.0,0.04823237812538473,0.038114868840462585,0.3623428466078173,0.06389356853477049,0.043247869691133194,0.5812041402766451,5,2100.4315566524056,0.01,0.022646113037707714,0.02886361066594968,0.09591125278996931,1.324702845227183,nan,8.618246389449908,44.7093497463697,2.9698771298255817,inf,inf,1.0,1.0,1.0,12,1.2707307177516316,0.2400739610763566,0.23959210331799036,0.18188918400196702,0.18579515658056844,-0.05208115543751521,7.686172547190951,20477989.448239535,2.0394229414341143,2.3572162502152256,33.049691696061686,-0.4268254013822767,2.608087664609398,1854.021868000949,0.9586172572300751,1.9530807978573705,15.121947760004936,-0.044172414992368354,0.011128465824301577,1.2062955218599539e+36,-4.498248964678032,13.359246724458888,44.7093497463697,0.009296785530152146,0.21744830307791824,6.601309279656855,-1.5257941437035067,1.9890442051648654,4.043064935483096,0.09384723720911158,1.1797631754400094e-05,0.0020650584084731705,-11.347611745415003,2.242516587278295,10.118989759506851,-0.20118570080829817,0.03287343423038537,0.03323879416561767,0.04823237812538473,0.03257515720717461,0.03327488333145448,0.06389356853477049,0.04823237812538473,0.06389356853477049,5,0.04823237812538473,0.06389356853477049,5,0.03637030496179152,0.055130288477385325,4,0.03637030496179152,0.055130288477385325,4,0.03637030496179152,0.055130288477385325,4,0.03637030496179152,0.055130288477385325,4,0.03637030496179152,0.055130288477385325,4,0.26207413942088964,10.0,136
10,50.0,2000,0.0015,0.26207413942088964,7.513764020612118e-06,2,2,2,2,0.0005,0.0,3.4429770147347365e-09,0.0,0.9275521336692159,0.9262593505866029,0.4161328470491436,0.927937190877359,0.9266922353090838,0.4647905996263721,4,63.3292949804002,0.01,0.0188873273730475,0.02098391446874109,0.3055164597990458,1.000415132685448,nan,7.785879520009692,36.008596111773834,2.476620605100313,183.16894626262427,9.441698260960015,1.0,1.0,1.0,12,1.2923470650637214,0.18708927372584214,0.25645999549716036,0.13918817960587238,0.14334707349285747,-0.18924660928942796,8.12795968373046,400081.5016840559,2.095309930652867,2.4230385609127683,21.707479338715103,-0.4382954437842828,2.9692044465272818,84.27490800898383,1.088294053810747,1.6395161896024304,4.863505220171822,-0.13171513246820674,0.0002110787266816462,9.216810549103267e+40,-8.463279381841978,20.960332103790485,36.008596111773834,0.1950936869013697,0.13976935262082088,15.813497789090178,-1.9677616962423397,2.253762508546146,6.882553886092136,0.27892639685707926,1.2380288466197394e-05,0.002004863322272031,-11.299404989994038,2.3451733859360684,9.610796922765354,-0.21293480030153963,0.9255326263093541,0.9256932917812387,0.9275521336692159,0.9259801979917818,0.9261593170581107,0.927937190877359,0.940141204884792,0.9399091931075478,5,0.9275521336692159,0.927937190877359,4,0.9275521336692159,0.927937190877359,4,0.9275521336692159,0.927937190877359,4,0.9275521336692159,0.927937190877359,4,0.9275521336692159,0.927937190877359,4,0.9275521336692159,0.927937190877359,4,0.26207413942088964,10.0,137
6,2.0,2000,0.0,0.26207413942088964,3.104665611843591e-05,2,2,2,2,0.0005,0.0005,0.31153176833035506,0.0,0.050331740128868596,0.03429196579578738,0.5984774294902625,0.03393253013984008,0.5181608961030917,0.978232754327767,4,1976.6392631894003,0.01,0.04148780746738325,0.018766621825165284,0.031553703088194,0.6741775677328017,nan,7.654594907144219,44.71017781102618,3.615886008187644,204124741.80927575,4267416.205071966,0.8333333333333334,1.0,1.0,12,1.2264520760344442,0.169026656977486,0.20412551019389166,0.13655896393734615,0.1365419260299779,0.5427100528556569,5.913214740167198,44812.39878170406,1.7771896327980998,2.023865970513486,22.065002441095416,0.01932455814688737,1.5394131595402394,426.1105517857525,0.43140127856812066,1.3856827953222433,22.375697004173745,0.17983164943782468,0.011342209876737336,8.1586880889361175e+34,-4.47922412517627,16.196363841761414,44.71017781102618,0.023977014150413485,0.4377614419871293,2.8716818946534115,-0.826081169980435,1.4270467335635282,2.3634789313137543,-0.3595163762439714,4.9443100248354107e-05,0.0007574299979883194,-9.914688039492143,1.7255179917491088,3.3325307757752216,-0.26967635896304093,0.025280998993411092,0.027263158265082455,0.050331740128868596,0.7653472317024314,0.7552029264670035,0.03393253013984008,0.0697926497461635,0.08627976393966846,5,0.050331740128868596,0.03393253013984008,4,0.050331740128868596,0.03393253013984008,4,0.050331740128868596,0.03393253013984008,4,0.050331740128868596,0.03393253013984008,4,0.050331740128868596,0.03393253013984008,4,0.050331740128868596,0.03393253013984008,4,0.26207413942088964,10.0,138
10,2.0,2000,0.001,0.26207413942088964,3.104665611843591e-05,2,2,2,2,0.0,0.0,0.0,0.0,0.03832421049073589,0.027084480065712995,0.6910859797576563,0.04484188727137903,0.027112782512617187,0.7740013544544242,4,3212.097223650343,0.01,0.025878826558202023,0.03101420742376086,0.38224286923972106,1.1700668245264612,nan,6.3841675466215655,44.70932302499611,2.298587094818315,1381.5054938716887,6.404754259952196,0.9,1.0,1.0,12,1.3094263095723961,0.1579793071564544,0.2695891096688761,0.11788319827547412,0.11980468772797835,0.07336349189607735,5.245954159403177,4813.718836375429,1.6574571432065754,1.5630517828518977,20.188066989631565,0.10162350791117043,2.2997968562291096,26.950714743303134,0.8328207956557167,1.1904673621986388,4.451756014897784,-0.1278740595844917,0.00045625853350906377,4.115956613066916e+26,-7.692450949660973,16.911027005459633,44.70932302499611,0.21297152847908737,0.39978388727287506,10.091678560308917,-0.9168311596967803,2.1074162718063287,3.1250987874999647,-0.20038598273859182,5.13763804440496e-05,0.014517233210419821,-9.876332015551696,2.210070732776302,14.157340758505324,-0.22790557144197365,0.020575824824569867,0.022353404881833235,0.03832421049073589,0.016569867658986912,0.019926592607485624,0.04484188727137903,0.04825991232606178,0.05347362340414725,5,0.03832421049073589,0.04484188727137903,4,0.03832421049073589,0.04484188727137903,4,0.03832421049073589,0.04484188727137903,4,0.03832421049073589,0.04484188727137903,4,0.03832421049073589,0.04484188727137903,4,0.03832421049073589,0.04484188727137903,4,0.26207413942088964,10.0,139
6,10.0,2000,0.0015,0.26207413942088964,3.104665611843591e-05,2,2,2,2,0.0,0.0,0.0,0.0,0.05698860847772839,0.04661321809807096,0.4715292861416017,0.06486903599564899,0.04732929891321008,0.5586281606456018,5,2814.3542058023854,0.01,0.025816393016821117,0.030748279903620477,0.3434291266567878,1.1382807499326875,nan,7.389756847680383,35.4582450814178,3.422510096741395,3082876046098.6562,48676990201.55773,1.0,1.0,1.0,12,1.339704643432667,0.18842214767800092,0.2924491743190309,0.13784429969906,0.13930943631174722,-0.10309995857511157,5.43095019191682,4314.330021939843,1.6921141079402837,1.6759661837170774,18.79109544785301,0.0740980585963151,2.139602300605107,20.1574780506342,0.7606199709244766,1.0857095824101866,4.032812044648618,-0.07371130454452043,0.006951106327325088,2.214350183294763e+41,-4.968854448286049,17.005954518497393,35.4582450814178,0.05162725603987521,0.4572909616909072,3.565210011149707,-0.7824354130205392,1.6495298322008938,2.168919491889223,-0.3374855164630044,2.823040698358495e-05,0.0008624978996218316,-10.475110899097697,1.9067802191664123,4.547373981876181,0.04987016820795781,0.040762916121962374,0.04208812969452212,0.05698860847772839,0.03725096116856769,0.03986789957541356,0.06486903599564899,0.05698860847772839,0.06486903599564899,5,0.05698860847772839,0.06486903599564899,5,0.04396497812119756,0.05384175045649637,4,0.04396497812119756,0.05384175045649637,4,0.04396497812119756,0.05384175045649637,4,0.04396497812119756,0.05384175045649637,4,0.04396497812119756,0.05384175045649637,4,0.26207413942088964,10.0,140
10,10.0,2000,0.001,0.26207413942088964,3.104665611843591e-05,2,2,2,2,0.0,0.0,0.0,0.0,0.02156926975468489,0.019298678238412897,0.6326367916989019,0.02011033379167288,0.010968404201679037,0.659555516860235,4,2625.8670768131888,0.01,0.01987432391169101,0.02191203294628346,1.1301551609990519,0.9323604378078157,nan,6.655075995528866,44.31417537055469,2.5374286340429246,113.0143899091766,0.4664234003680421,1.0,1.0,1.0,12,1.3370090868213003,0.17133626304961497,0.29043509452251476,0.1240663723335183,0.12715223714140816,-0.09831561576961532,4.783937623483676,4868.828860623977,1.565263977993862,1.4838570194699372,19.457841544039674,0.16917800511710174,3.2030186095248676,23.59485054232471,1.1640936806397613,1.1775627658801653,3.0061344430949504,-0.4105961851042679,0.00013074341845491685,9.988202212728897e+47,-8.942273793151065,22.69038157619315,44.31417537055469,0.21380822075218225,0.31776076919953555,13.811611189704259,-1.1464564774348567,2.14835493064068,4.261967181313789,-0.08968320838385672,3.45127229987184e-05,0.003919477075036308,-10.274182519338991,2.323142678149546,8.037901030834707,-0.04555765364250993,0.01730630939723782,0.01902045556331598,0.02156926975468489,0.0024525244421094174,0.010342354371254817,0.02011033379167288,0.03142472011930085,0.02957091362715273,5,0.02156926975468489,0.02011033379167288,4,0.02156926975468489,0.02011033379167288,4,0.02156926975468489,0.02011033379167288,4,0.02156926975468489,0.02011033379167288,4,0.02156926975468489,0.02011033379167288,4,0.02156926975468489,0.02011033379167288,4,0.26207413942088964,10.0,141
6,50.0,2000,0.0025,0.26207413942088964,3.104665611843591e-05,2,2,2,2,0.0,0.0,0.0,0.0,0.05202408626768196,0.04563697208045762,0.4373674839496909,0.05094860145738303,0.03890517206941121,0.47719221298014464,5,3091.345044926298,0.01,0.022952841320665617,0.025509649467842083,0.7985389306722018,0.979327175401694,nan,7.244045040463866,44.710177795328406,2.990056144608423,122811.04551867946,1725.6821384357768,1.0,1.0,1.0,12,1.3728633176151857,0.19585004589957106,0.316898571659364,0.14035293086329026,0.14125838158318055,-0.275456584278807,5.273079174693577,4263.792700730299,1.6626144755491243,1.5379078764232554,21.610423992881962,0.09993152075864226,2.3501279797365506,36.985266332646404,0.8544697861355669,1.0750733420883032,5.800072964976174,-0.16173676537200357,0.0029372392890613997,2.4374040251976595e+47,-5.830285156110559,17.432879955847657,44.710177795328406,0.09977705808557387,0.43372199740504735,4.4363861280039005,-0.83535150910183,1.6659248916699845,2.626591989660101,-0.30240038658354934,2.4956043421768994e-05,0.0011370900435513959,-10.598394543784206,1.9320289834776032,5.674358121093854,0.1130288918124175,0.041405033111791306,0.04348179686189958,0.05202408626768196,0.030385633008487213,0.03538128174236337,0.05094860145738303,0.05202408626768196,0.05094860145738303,5,0.05202408626768196,0.05094860145738303,5,0.03995674884265584,0.03943144143075345,4,0.03995674884265584,0.03943144143075345,4,0.03995674884265584,0.03943144143075345,4,0.03995674884265584,0.03943144143075345,4,0.03995674884265584,0.03943144143075345,4,0.26207413942088964,10.0,142
10,50.0,2000,0.001,0.26207413942088964,3.104665611843591e-05,2,2,2,2,0.0,0.0,0.0,0.0,0.02484388999531208,0.08731614782941964,0.616265816412303,0.022650691569418898,0.02409916229873281,0.6400455937226058,4,2727.4818979324664,0.01,0.018388745459425933,0.02014517150767679,1.915563534704204,0.9117208123885983,nan,6.620279100233453,44.710177812217765,2.4885912356799396,1.7508653994960516e+34,5.638857969391471e+31,1.0,1.0,1.0,12,1.361463071998344,0.17441175526250782,0.30855990973655084,0.1238680914590761,0.12711221204703443,-0.244796514171903,4.444649836481643,137119.50016026394,1.4917010889182891,1.3709504413920277,42.53914390420166,0.23676921477841015,3.514622573711239,27.483772443574793,1.2569321435973493,1.1278272922440282,3.39479537686103,-0.5110190596665495,4.038223313388199e-05,2.1230721046127324e+58,-10.11712064363989,25.17737776407882,44.710177812217765,0.2393512549222087,0.27130003776109396,12.276486315853509,-1.3045299201315108,2.1173615020944117,4.552809221343472,-0.01634011017781192,3.2496598366818146e-05,0.0016172696737630943,-10.334375139742777,2.2619428866904894,4.500890116196405,-0.020179249157023352,0.2054940377526083,0.03161051574033853,0.02484388999531208,0.03394092398730303,0.015705871339476506,0.022650691569418898,0.033720646691186296,0.03121303642560274,5,0.02484388999531208,0.022650691569418898,4,0.02484388999531208,0.022650691569418898,4,0.02484388999531208,0.022650691569418898,4,0.02484388999531208,0.022650691569418898,4,0.02484388999531208,0.022650691569418898,4,0.02484388999531208,0.022650691569418898,4,0.26207413942088964,10.0,143
6,2.0,2000,0.0,0.6,4.126819464586703e-05,2,2,2,2,0.001,0.001,0.048143501998772556,0.0,0.048763402088705256,0.0336822914424453,0.6604652192000988,0.002125043919626971,0.06519862700445624,0.9644539841526647,4,1176.141449511164,0.01,0.05687583120719636,0.003408732564936296,0.009048308232204982,0.04357866409241329,nan,8.401149335417756,44.71016977970086,7.51463002911074,9.034213188430122e+107,1.4891560200708993e+106,0.8333333333333334,1.0,1.0,12,1.1448733579235775,0.17500410186876295,0.13529402645552482,0.15030819742400756,0.15114075324638432,0.7574011468619626,6.953958096052293,12532831055.350609,1.9393110076906508,2.845215915294487,44.69934865531022,-0.031689967990719714,1.2876357635370956,19001.323237376175,0.25280779540402004,1.899757050936333,35.59871074532709,-0.09993096486928192,0.018378758884225223,9.533429689149711e+37,-3.996559689675926,15.286195736508141,44.71016977970086,-0.026664864592135237,0.6716186356537422,3.0518188327399205,-0.39806460601937865,1.3833865404777446,1.8572822885456859,-0.08151085358085867,6.097699323063773e-05,0.0012409934432798223,-9.705013925087222,1.725486708460344,4.04783073565828,-0.22625763102451527,0.024680712432007684,0.027602759806622943,0.048763402088705256,0.16573781647420663,0.027733020619535118,0.002125043919626971,0.08837839647184507,0.06648443808984442,5,0.048763402088705256,0.002125043919626971,4,0.048763402088705256,0.002125043919626971,4,0.048763402088705256,0.002125043919626971,4,0.048763402088705256,0.002125043919626971,4,0.048763402088705256,0.002125043919626971,4,0.048763402088705256,0.002125043919626971,4,0.6,10.0,144
10,2.0,2000,0.0,0.6,4.126819464586703e-05,2,2,2,2,0.0,0.0,0.0,0.0,0.047604858605652924,0.03236324633653384,0.8453869564380094,0.15492052538020612,0.2953636884084865,0.9878662333442173,4,4186.019903068409,0.01,0.04203495482406912,0.04576918801414463,0.06011694262270427,3.2543007146293634,nan,6.436348467715672,26.423487876305664,3.8321228341267997,9355721136889.977,77320009395.78493,1.0,1.0,1.0,12,1.2648944209954502,0.13753202872474812,0.23498865703268942,0.10711643092290388,0.10810519540235884,0.13208963753391495,5.339719049035644,3022.201371314653,1.6751730390478736,1.839655057930382,10.71960233854427,0.09456836302569079,1.3938200114200694,15.003598901400972,0.33204818737370506,1.2724494408651892,3.726322150983456,-0.21147005016090284,0.005271643661902808,4.707616159363416e+16,-5.245413074752398,11.825402799185028,26.423487876305664,0.0711391451030813,0.5070881412175255,16.82038202585705,-0.6790704419455855,1.9964572075517946,4.67870513580547,0.08427168763908004,7.101299572915282e-05,0.01383351962938213,-9.552647659233678,2.1351568020253744,16.812061512748667,-0.2542065296371708,0.023614856133070815,0.025870024270877777,0.047604858605652924,0.2048394735555289,0.5263310662897245,0.15492052538020612,0.057702966446078176,0.20885365431429204,5,0.047604858605652924,0.15492052538020612,4,0.047604858605652924,0.15492052538020612,4,0.047604858605652924,0.15492052538020612,4,0.047604858605652924,0.15492052538020612,4,0.047604858605652924,0.15492052538020612,4,0.047604858605652924,0.15492052538020612,4,0.6,10.0,145
6,10.0,2000,0.0,0.6,4.126819464586703e-05,2,2,2,2,0.0,0.0,0.0,0.0,0.048189395337254824,0.032971060354242805,0.5057876767037692,0.12495918350907177,0.06450060184462249,0.8781275273177773,4,2537.6276807973645,0.01,0.029540254402478035,0.04713682399630729,0.13635304321720185,2.5930846949736854,nan,7.675542054187888,44.69699205626489,3.5515383276269534,229.8103293336104,3.050579592924032,0.8333333333333334,1.0,1.0,12,1.2874846601132481,0.18283155423126934,0.2526904390096291,0.13977408294095994,0.14062550649358427,-0.025418241834628083,5.864001543827144,9374.633349246595,1.7688322278563389,1.9934781239356352,13.813107746606745,0.04028836714464818,1.9815328059065336,44.83362759740241,0.6838706896084675,1.303285727520335,5.425489688218595,-0.47641697918620757,0.007980168354521507,1.0485762556878678e+34,-4.8307957706851266,17.156756332526413,44.69699205626489,0.024866690025637985,0.57502011412017,3.6111411316555455,-0.5533502577180538,1.5474557139340395,2.038556333614344,0.027480356025151937,3.771242893706681e-05,0.002370150553381875,-10.185520837814531,1.8837516352513834,7.170374275041573,0.047831346776646105,0.02468279569146876,0.026040990034004823,0.048189395337254824,0.03194218750410586,0.036600434520689826,0.12495918350907177,0.06319811887970951,0.1314327330411618,5,0.048189395337254824,0.12495918350907177,4,0.048189395337254824,0.12495918350907177,4,0.048189395337254824,0.12495918350907177,4,0.048189395337254824,0.12495918350907177,4,0.048189395337254824,0.12495918350907177,4,0.048189395337254824,0.12495918350907177,4,0.6,10.0,146
10,10.0,2000,0.001,0.6,4.126819464586703e-05,2,2,2,2,0.0,0.0,0.0,0.0,0.05213545676774399,0.036361379238827464,0.7546012923417729,0.2056010982020614,0.09841634165612306,0.9782362765512179,4,3210.124081092677,0.01,0.03233653799693081,0.06341179523788636,0.12602263093929386,3.9435944546910737,nan,6.530542127412156,42.652541854481626,2.426076039415683,7738084.207679698,59707.43987407175,1.0,1.0,1.0,12,1.2766847748890022,0.14816011235434398,0.24426669841001677,0.11387618648073262,0.11529554548723817,0.04277390477973024,5.608441882532787,55107.138638604556,1.7242729416589344,1.8081311987317628,32.86691776217852,0.06906205967627507,1.8479611612060247,329.84267980698405,0.6140829563352327,1.3453750280736574,24.51444636259742,-0.40964021521761806,0.0009942342009592884,3.559988469641842e+27,-6.9135377644133005,14.102006897437862,42.652541854481626,0.17794444106749288,0.42167145952662,12.602609793251618,-0.8635288000869314,2.0949865312362794,3.7517900864811025,0.16835582046095823,5.5767752366038336e-05,0.002100199776176028,-9.794314770221137,2.175775232930371,4.455565011608275,-0.1383891522108558,0.0276458473573867,0.029302833591351694,0.05213545676774399,0.0408047484707368,0.048843178295570985,0.2056010982020614,0.061349011030635406,0.2061448614341561,5,0.05213545676774399,0.2056010982020614,4,0.05213545676774399,0.2056010982020614,4,0.05213545676774399,0.2056010982020614,4,0.05213545676774399,0.2056010982020614,4,0.05213545676774399,0.2056010982020614,4,0.05213545676774399,0.2056010982020614,4,0.6,10.0,147
6,50.0,2000,0.0015,0.6,4.126819464586703e-05,2,2,2,2,0.0,0.0,0.0,0.0,0.0464403909297392,0.031087165165661092,0.5610155446622314,0.15293055741266695,0.20601574082216464,0.9910910428440433,4,2040.008780090682,0.01,0.037583523716775376,0.04569732305845159,0.046492117990906294,3.293050604247482,nan,7.825572439345029,42.720701798452566,3.198150603274836,448815.4469371944,6632.740595130951,1.0,1.0,1.0,12,1.2391640450868049,0.17412629342304636,0.21443699508274403,0.13946131446079182,0.13916491475692006,0.24881905508092822,5.628196552823315,8286779.734531293,1.7277890627402699,2.142762351925228,40.82468309449671,0.05663583904158826,1.7068308583327763,91.46448449338575,0.5346383518101622,1.414200872189876,9.261525758505377,-0.33352766272378775,0.006653109206017965,3.743696916017534e+26,-5.012670983804576,16.03127673087287,42.720701798452566,0.03795748553912298,0.5842745530342267,3.2508405497082467,-0.5373842815694649,1.4419913573309544,2.048425528855333,0.018418042291621507,4.8415026933162484e-05,0.0011288183650387182,-9.935700318603041,1.7661656606287286,4.438995485202333,-0.09043214069049964,0.0226077477181464,0.024213356849097676,0.0464403909297392,0.16290834043345742,0.30220832462036956,0.15293055741266695,0.06684789742494329,0.21773671807230358,5,0.0464403909297392,0.15293055741266695,4,0.0464403909297392,0.15293055741266695,4,0.0464403909297392,0.15293055741266695,4,0.0464403909297392,0.15293055741266695,4,0.0464403909297392,0.15293055741266695,4,0.0464403909297392,0.15293055741266695,4,0.6,10.0,148
10,50.0,2000,0.001,0.6,4.126819464586703e-05,2,2,2,2,0.0005,0.0005,0.08353991509801836,0.0,0.05305887412347001,0.03721920241771501,0.771291646128723,0.19725491694714228,0.09591141743640495,0.9769268566534354,4,3050.359747477468,0.01,0.03223099099195526,0.06159011397828221,0.12962996953705558,3.7176611868567475,nan,6.562931526192534,44.71017781221748,2.30890991259693,1463.5765653372641,12.455970768827779,1.0,1.0,1.0,12,1.28049109840249,0.15095849765577213,0.2472436749757166,0.11516756946976985,0.11710443905025554,0.016445190258208838,5.436088476604926,14452.74374349239,1.693059772205915,1.8623761356610635,19.642558182407928,0.08381037064081749,1.8582277568756866,69.22343690278605,0.6196232146206081,1.3198988766433533,9.722612484667996,-0.4217444110184595,0.0013888852830693818,1.8446173230619603e+43,-6.579253808203516,14.962731864991136,44.71017781221748,0.14536715612567144,0.40651712319800976,10.891557996597347,-0.9001292273931021,2.0783172957461495,3.461588107903414,0.18731673186954115,5.423162439312522e-05,0.005178641979763711,-9.822246343786626,2.233530512712413,7.693707728065655,-0.12230507475332422,0.028458063819671576,0.03014066931000344,0.05305887412347001,0.04126638491059255,0.049212950451480005,0.19725491694714228,0.062340345092878564,0.19796240520815636,5,0.05305887412347001,0.19725491694714228,4,0.05305887412347001,0.19725491694714228,4,0.05305887412347001,0.19725491694714228,4,0.05305887412347001,0.19725491694714228,4,0.05305887412347001,0.19725491694714228,4,0.05305887412347001,0.19725491694714228,4,0.6,10.0,149
6,2.0,2000,0.0,0.6,4.473552115112195e-05,2,2,2,2,0.0,0.0,0.0,0.0,0.03877447775569629,0.02486601407472168,0.5719891812018331,0.1922761397240001,0.20742278385348376,0.9884581834651034,4,1851.5354244563491,0.01,0.038199669756665736,0.04884707020275427,0.05086307335523021,4.958832480877273,nan,7.47123406502274,44.710177755217735,6.263660259024193,192700567.5081378,1728256.2108353165,1.0,0.8333333333333334,1.0,12,1.2426851866546174,0.15766551620608413,0.21727451146796017,0.12557489137701613,0.12587916968727436,-0.08617387232999346,5.3729691454670965,9371.915840438016,1.6813806692152318,2.0250365603935983,17.24462404801195,0.010638082597422795,1.6776346096913954,71.5670735603819,0.5173848308716634,1.1713145749013165,10.728284641819984,0.08747390518509336,0.011867571172756882,1.0981104488503628e+42,-4.4339457102737105,16.491915983532632,44.710177755217735,0.03800447217089422,0.8035906348544208,3.780114609203528,-0.2186653000982893,1.3696451502532536,1.9385510274352993,-0.21331096131992994,5.382434551070525e-05,0.00298708816115949,-9.829784674365941,1.6930170262624111,8.320762913489794,-0.10924759648453508,0.017160319553670842,0.018663244914797903,0.03877447775569629,0.14481458762910088,0.28517762420735027,0.1922761397240001,0.06587831395356529,0.24363159880207594,5,0.03877447775569629,0.1922761397240001,4,0.03877447775569629,0.1922761397240001,4,0.03877447775569629,0.1922761397240001,4,0.03877447775569629,0.1922761397240001,4,0.03877447775569629,0.1922761397240001,4,0.03877447775569629,0.1922761397240001,4,0.6,10.0,150
10,2.0,2000,0.0005,0.6,4.473552115112195e-05,2,2,2,2,0.0,0.0,0.0,0.0,0.04608731344745956,0.033287069081683364,0.7199236427148309,0.05704403423132975,0.0352227010708187,0.8091230052239636,4,3466.7007488436666,0.01,0.02770562994752966,0.03405113087844207,0.38439750689273977,1.237738326760163,nan,6.306526097447272,32.12771022524902,2.6352915581411067,2.4868791314233898e+17,923803540647618.9,1.0,1.0,1.0,12,1.3174149931253298,0.1554771800507968,0.2756714780047904,0.11542838439180149,0.11722649872134006,-0.5996639523191869,5.104019945046885,18641.328286464395,1.6300284537634753,1.5745376829362994,26.875483881829584,0.04629595241448002,2.090504229026016,23.44875978492384,0.7374052947858954,1.1628456864345253,4.341261484193694,-0.1010976823656263,0.0020099012678040117,1.2279135293766097e+37,-6.20966967861312,16.364290082893955,32.12771022524902,0.1468130006379984,0.4537327228996134,13.86697495246696,-0.790246970382291,2.0601854118925886,4.085036478099321,0.13562922298319252,6.27485307395608e-05,0.006775140418601057,-9.676375394735496,2.1709865893810836,9.21062780795587,-0.15585877969585796,0.02579147157325787,0.027982422224332667,0.04608731344745956,0.022043080340558352,0.02658098864056799,0.05704403423132975,0.056186845326822554,0.06536166217818548,5,0.04608731344745956,0.05704403423132975,4,0.04608731344745956,0.05704403423132975,4,0.04608731344745956,0.05704403423132975,4,0.04608731344745956,0.05704403423132975,4,0.04608731344745956,0.05704403423132975,4,0.04608731344745956,0.05704403423132975,4,0.6,10.0,151
6,10.0,2000,0.0,0.6,4.473552115112195e-05,2,2,2,2,0.0,0.0,0.0,0.0,0.04124312530957269,0.028576311935849082,0.535921961947846,0.05497873826283542,0.03242066124565455,0.6407965785384966,4,2509.648086770176,0.01,0.027471531335204486,0.03369319929013833,0.34187300007578086,1.3330400606201063,nan,7.073581433210242,44.708126816848456,3.4624324076548736,2.982575997727978e+24,2.4480787943047698e+22,1.0,1.0,1.0,12,1.3380997375132013,0.1742733762696586,0.2912505011649734,0.12831951655039575,0.12917008970795488,-0.6608290510593223,5.353561735615529,28371.80776400879,1.677762084372902,1.712912622092966,27.799421290457637,0.01468906861335059,1.9927449553787626,74.94853770388691,0.6895130628354313,1.0060732296481933,12.769149056001362,-0.06924821160512759,0.006383670091204184,3.1016711336694555e+40,-5.054012097612908,16.79145224866049,44.708126816848456,0.0742540270440011,0.6437634084512709,3.8144211709122584,-0.4404239985589363,1.5249383257194045,2.0278737605030646,-0.046166867223198516,3.915387269045564e-05,0.0024806199900558926,-10.148011221123213,1.841609567328141,8.262230698095365,0.07236523321501737,0.021331517737756992,0.02315429276021756,0.04124312530957269,0.019228198011207794,0.023055047462920437,0.05497873826283542,0.058332081565667514,0.069501944351257,5,0.04124312530957269,0.05497873826283542,4,0.04124312530957269,0.05497873826283542,4,0.04124312530957269,0.05497873826283542,4,0.04124312530957269,0.05497873826283542,4,0.04124312530957269,0.05497873826283542,4,0.04124312530957269,0.05497873826283542,4,0.6,10.0,152
10,10.0,2000,0.0,0.6,4.473552115112195e-05,2,2,2,2,0.0005,0.0,0.012366022001125944,0.0,0.05109984505504746,0.03559941449451068,0.7979460668165821,0.17217847695774088,0.08523014580970811,0.9723056415241776,4,3932.192029309383,0.01,0.03273083788736251,0.05946070504511329,0.1503026460514602,3.3694520359555127,nan,6.2182570498377165,44.710177812217374,4.323561776293936,1.0195669410502812e+40,4.267756136669239e+37,1.0,1.0,1.0,12,1.285729376404018,0.14303658642914419,0.25132616541515074,0.1093305546527474,0.1105823711785701,-0.4104335585517742,5.441175019896938,8562.12813309,1.693995033848592,1.6579367871508066,22.042116542792883,0.005385091656148677,1.7947715905189918,15.19471583132843,0.5848777662218452,1.191260221708027,3.381216343469415,0.029352549576883387,0.0031872992482960875,3.7779998843862696e+42,-5.748581351407692,12.447610428141102,44.710177812217374,0.15596585500344884,0.6174562517111142,15.030648304930809,-0.48214706042119665,2.0845926009895686,3.3734332898903543,-0.01375739476921303,6.352766878803716e-05,0.004077409686621934,-9.664035018022451,2.1820689466303986,6.05419123826864,-0.16072255544978267,0.026945479198955267,0.028752919229529304,0.05109984505504746,0.0377208917192221,0.04579106875216134,0.17217847695774088,0.060534920215809015,0.17375935297938686,5,0.05109984505504746,0.17217847695774088,4,0.05109984505504746,0.17217847695774088,4,0.05109984505504746,0.17217847695774088,4,0.05109984505504746,0.17217847695774088,4,0.05109984505504746,0.17217847695774088,4,0.05109984505504746,0.17217847695774088,4,0.6,10.0,153
6,50.0,2000,0.0015,0.6,4.473552115112195e-05,2,2,2,2,0.0,0.0,0.0,0.0,0.03849960979903588,0.02714383550828885,0.47147086184484266,0.044344936677747505,0.026651064274852115,0.54293387448487,4,2707.5806765317616,0.01,0.025747390893470442,0.030103817595278186,0.44993530095654083,1.1518282109669071,nan,6.959886227791048,39.16783433246206,3.443132915896691,275263073.6903676,2262436.22211261,1.0,1.0,1.0,12,1.3453620310657077,0.16957342713469598,0.2966631449131675,0.12414831586360979,0.1250729637809137,-0.7266301397248781,5.332815073796269,1642.7032691133402,1.6738792551868056,1.6028583797589495,13.374550462223713,0.01812007884630587,2.131335693728483,17.21647842038995,0.7567488694424096,0.9612955662580344,4.039073642632859,-0.1424167376916436,0.006883087313483863,2.1033890015486027e+29,-4.978687990264433,17.142284497259013,39.16783433246206,0.06834029864683053,0.6176577812794488,3.9856040537209667,-0.48182072687669775,1.5013700040765299,2.1499205962417443,-0.019318953229742624,3.53503021021747e-05,0.0008878582009262202,-10.250203619627808,1.7518337070315058,4.778289527436245,0.13440825084607683,0.020476970198186256,0.02245492652764441,0.03849960979903588,0.015917110499296547,0.019691145647512287,0.044344936677747505,0.05433629334307063,0.05864863521405675,5,0.03849960979903588,0.044344936677747505,4,0.03849960979903588,0.044344936677747505,4,0.03849960979903588,0.044344936677747505,4,0.03849960979903588,0.044344936677747505,4,0.03849960979903588,0.044344936677747505,4,0.03849960979903588,0.044344936677747505,4,0.6,10.0,154
10,50.0,2000,0.0,0.6,4.473552115112195e-05,2,2,2,2,0.0,0.0,0.0,0.0,0.05262249499516508,0.03787637471970796,0.7565871244346166,0.07930614229902047,0.04761487642555401,0.877006528778491,4,3481.6437203628766,0.01,0.029473302077262804,0.039208633031904215,0.27245306395474717,1.5070768177431926,nan,6.250703959588456,44.710177785192215,3.4275285440306877,1.4792005007525741e+38,5.33237383111959e+35,1.0,1.0,1.0,12,1.307743076461351,0.14885709022797863,0.2683028090174065,0.11175199658960931,0.11311424190487254,-0.553453845070477,5.328492440515951,51181.45088653209,1.6730683539889213,1.681709264366101,35.59543217861769,0.01775266513134893,1.9474303868192355,13.258230209490481,0.6665107532300566,1.1732089188311774,2.908415944484633,-0.03977677082275291,0.0013647488461094384,3.012787091677327e+32,-6.596784862798688,14.716297796498742,44.710177785192215,0.18955893344517422,0.5483999984917782,13.003780047632421,-0.6007503340441998,2.059088917772465,3.4596934971605022,0.04367208696139753,6.242816350522198e-05,0.002940103356759584,-9.681494046186641,2.1659427550559536,4.708680281501739,-0.15385848417644557,0.02947177443883604,0.03153485472512276,0.05262249499516508,0.029269410923458798,0.034269076054182744,0.07930614229902047,0.06242979995590105,0.08597670884980901,5,0.05262249499516508,0.07930614229902047,4,0.05262249499516508,0.07930614229902047,4,0.05262249499516508,0.07930614229902047,4,0.05262249499516508,0.07930614229902047,4,0.05262249499516508,0.07930614229902047,4,0.05262249499516508,0.07930614229902047,4,0.6,10.0,155
6,2.0,2000,0.0005,0.6,3.592084552239505e-05,2,2,2,2,0.0,0.0,0.0,0.0,0.0547542243262854,0.037827956062407436,0.5505835728268962,0.3085016041543881,0.212837638247476,0.9926734698089954,4,2171.0366477353623,0.01,0.03583234027453367,0.06458487529059279,0.0526771814357826,5.634297772460423,nan,7.731346490391228,44.190573191641064,3.8729958545026713,211217.44551710572,5089.577000412186,0.8333333333333334,0.8333333333333334,1.0,12,1.2572679155966187,0.1799603342428767,0.22894104579670008,0.14143943723097843,0.14171383245194552,-0.005547155332181834,6.080720743877034,163180.11662026818,1.8051232323531898,2.076475866770063,22.99427062220282,-0.29522672966275587,1.6772473370904755,480.6175128408954,0.517153959795552,1.3589388753275047,20.740972544382014,-0.2437400297155647,0.017070368271916166,6.1315155722027186e+32,-4.070411168189635,15.76468558051983,44.190573191641064,-0.07120155195994711,0.41859935506817214,3.6230162275273945,-0.870841009659021,1.5196118056003007,2.648867727503257,0.23691273295340806,3.924162194955956e-05,0.0014171258534685773,-10.145772590034706,1.839358997764635,5.606121526217793,-0.04807119536636736,0.028519327053283704,0.0302103168076532,0.0547542243262854,0.12977854772732372,0.2002327628607162,0.3085016041543881,0.0709676153383834,0.3927200324158496,5,0.0547542243262854,0.3085016041543881,4,0.0547542243262854,0.3085016041543881,4,0.0547542243262854,0.3085016041543881,4,0.0547542243262854,0.3085016041543881,4,0.0547542243262854,0.3085016041543881,4,0.0547542243262854,0.3085016041543881,4,0.6,10.0,156
10,2.0,2000,0.0,0.6,3.592084552239505e-05,2,2,2,2,0.0,0.0,0.0,0.0,0.04581776107559152,0.03096924173491863,0.879380271964117,0.02396580040652848,0.28421073982398154,0.9833346713954063,4,3958.5554147767793,0.01,0.05022809606930344,0.01082320527482842,0.025694131160148348,0.5230679073774247,nan,6.645229945183463,44.710177425941225,9.841864087321849,inf,inf,0.9,0.8,1.0,12,1.235296437011337,0.13510073823936697,0.2113109712460504,0.10815085333305671,0.10872792633077537,0.15575917806544187,5.914393243346002,38684.367492028905,1.7773889128527562,2.0655234945147503,24.970212067709525,-0.28336490067726455,1.16860679101204,114.63245046052538,0.15581226235872664,1.5334831092727215,13.68202987334764,0.01963757892132591,0.006350482827256586,1.448495726426958e+27,-5.059224433179672,10.984791496927402,44.710177425941225,-0.012167442098555971,0.46580282489231495,13.902700968751368,-0.7639928569467761,1.9375288673696789,4.977927168932694,0.13066501224545693,6.57661233175473e-05,0.009033227733028702,-9.629405695408638,2.0882747071945253,11.38640826186662,-0.2896108822622261,0.022155674047391577,0.02493429008177279,0.04581776107559152,0.6842881739052131,0.1443782451602029,0.02396580040652848,0.05677531976692215,0.06046165545639015,5,0.04581776107559152,0.02396580040652848,4,0.04581776107559152,0.02396580040652848,4,0.04581776107559152,0.02396580040652848,4,0.04581776107559152,0.02396580040652848,4,0.04581776107559152,0.02396580040652848,4,0.04580377753651754,0.023962695949317877,3,0.6,10.0,157
6,10.0,2000,0.0,0.6,3.592084552239505e-05,2,2,2,2,0.0,0.0,0.0,0.0,0.052862378547088654,0.03629888355719655,0.5105395479203284,0.8436035138265181,0.3407915930522505,0.9968883629092592,4,2386.4396570361446,0.01,0.03353088824167261,0.11459699767337919,0.0582686111572587,15.958485732439271,nan,7.970155737865012,44.71017413310272,3.5681677213753127,7.766709837597892e+94,1.629379686209348e+93,1.0,1.0,1.0,12,1.2505851068887923,0.18995614490386814,0.2236115273073952,0.14931023631527363,0.15020956718202313,0.0304395202435517,6.256312446175395,356408.1084034764,1.8335909454382362,2.223946863028876,31.50233011517709,-0.288450638421067,1.8418589468683422,2686.3960506357635,0.6107753588251992,1.5491130968318993,23.4277142275937,-0.2742531850982804,0.010347304058481426,4.7559641735041325e+32,-4.571029270642308,16.310199096967622,44.71017413310272,-0.03812657180601508,0.49708943861163696,2.9389473806501796,-0.6989853121107563,1.5299200047577906,1.9867316247556628,0.12298661875105955,3.776718368469491e-05,0.011512217056660726,-10.18406998889438,1.8177977547866178,23.250695468521993,-0.02757335723337324,0.027310575710741136,0.02872369641375987,0.052862378547088654,0.07773217055447713,0.10103909477575625,0.8436035138265181,0.06728026611611405,0.9309123029088141,5,0.052862378547088654,0.8436035138265181,4,0.052862378547088654,0.8436035138265181,4,0.052862378547088654,0.8436035138265181,4,0.052862378547088654,0.8436035138265181,4,0.052862378547088654,0.8436035138265181,4,0.052862378547088654,0.8436035138265181,4,0.6,10.0,158
10,10.0,2000,0.001,0.6,3.592084552239505e-05,2,2,2,2,0.0,0.0,0.0,0.0,0.06375032160636766,0.046203692148144404,0.723917977135339,0.18239161384955335,0.09521828855239435,0.9666541126584076,4,2301.570713200367,0.01,0.031162850726776114,0.05545014297463073,0.13095257065756832,2.8610304897871335,nan,6.752190859842032,44.71017748732447,2.208599455584562,47.87040877727622,0.571928420278091,1.0,1.0,1.0,12,1.2805458945561972,0.15514906957835167,0.2472864671367562,0.11867508576738936,0.12030194724270511,-0.1611964949911118,6.07703433081853,27789.209032340925,1.804516802440952,1.9773944553791267,17.450301160107685,-0.3097129901380773,1.8626434887704466,35.58301747991562,0.6219967092546512,1.3737415934352117,5.2577967081766985,-0.3174327350914757,0.0008106530128767588,8.060821247055227e+42,-7.117670446356637,15.483756370348566,44.71017748732447,0.12431022244443006,0.3191035101406623,6.978544650012842,-1.142239745631012,2.0763122712483604,3.0304803982776916,0.30410364115672756,4.85715656631011e-05,0.10862146122170413,-9.932472266937753,2.217171771878021,36.78076907446734,-0.13608350631841917,0.03654494865527551,0.03831580618279005,0.06375032160636766,0.048096458301028384,0.055166793506601336,0.18239161384955335,0.07379534991234118,0.1839367171157948,5,0.06375032160636766,0.18239161384955335,4,0.06375032160636766,0.18239161384955335,4,0.06375032160636766,0.18239161384955335,4,0.06375032160636766,0.18239161384955335,4,0.06375032160636766,0.18239161384955335,4,0.06375032160636766,0.18239161384955335,4,0.6,10.0,159
6,50.0,2000,0.0,0.6,3.592084552239505e-05,2,2,2,2,0.0005,0.0005,0.2166148001385146,0.0,0.05027683496794703,0.034289890435502,0.532177041358968,0.9232809764868996,0.35508518228882907,0.9963302300922643,4,2521.358270803467,0.01,0.032583174649529305,0.12297439257485389,0.06083013740124216,18.363943893356026,nan,7.963064782460995,43.356579013273695,4.097297650457977,90.148359409855,2.010744076056245,1.0,1.0,1.0,12,1.2451916448306497,0.18560939019847644,0.2192894496613026,0.14660491870436473,0.14746628338340123,0.06048234728646164,6.007877161096419,4930653.089831645,1.7930714683634026,2.2289132587881433,33.03551992326639,-0.26962889336802925,1.970194232849929,2125.9929370513573,0.6781321332449884,1.5196071981289252,28.767280192788093,-0.32390342445695575,0.018814048837531093,3.002887494251365e+31,-3.9731514096277794,16.2791839355817,43.356579013273695,-0.07492573601244727,0.4600136884294265,3.154561170179824,-0.7764990324864656,1.5890663542924173,2.1186050291117593,0.16718836693183556,3.821193830006471e-05,0.01144470542396312,-10.17236257023214,1.8927299855139093,20.184640642842425,-0.03266720874409753,0.025667685828422195,0.026925150510136775,0.05027683496794703,0.06336890983838053,0.07860566054120725,0.9232809764868996,0.06356340269980953,0.9800602043693879,5,0.05027683496794703,0.9232809764868996,4,0.05027683496794703,0.9232809764868996,4,0.05027683496794703,0.9232809764868996,4,0.05027683496794703,0.9232809764868996,4,0.05027683496794703,0.9232809764868996,4,0.05027683496794703,0.9232809764868996,4,0.6,10.0,160
10,50.0,2000,0.0,0.6,3.592084552239505e-05,2,2,2,2,0.0,0.0,0.0,0.0,0.05583427837004197,0.0391936297859538,0.7919089298600869,0.7373817243082446,0.2953065299419103,0.9927571333077773,4,3244.858943284013,0.01,0.03483787492855723,0.11592130672059797,0.08845282465235627,13.206613317740821,nan,6.594719491697285,44.69466342626092,2.4604133986344836,9.186324785820295e+152,9.450951425741044e+150,1.0,1.0,1.0,12,1.2686575658567658,0.14221561138125066,0.23795930665681228,0.10990409684481788,0.11141917662904344,-0.08919455843734583,5.749185758779239,28906.343590265355,1.7490582376131893,1.8788701417790306,21.573072016397187,-0.2964367639068401,1.7083621672251863,17.00957849694964,0.5355351145896429,1.3176377713756109,3.3179531972094174,-0.2653300962092654,0.0021514446830538042,4.839435231934889e+23,-6.141615716890515,13.376969356051108,44.69466342626092,0.0709229754479557,0.39925512331377844,31.90316730706642,-0.9181546596242559,2.070479095142322,8.172068090518549,0.19673177904279487,5.449598184258196e-05,0.004370571744974376,-9.81738358667214,2.203754481957027,6.836326759636785,-0.18913594617983576,0.029967756660365413,0.03177885432745401,0.05583427837004197,0.06450021908275819,0.08403764643472822,0.7373817243082446,0.06464885615929157,0.762931567504204,5,0.05583427837004197,0.7373817243082446,4,0.05583427837004197,0.7373817243082446,4,0.05583427837004197,0.7373817243082446,4,0.05583427837004197,0.7373817243082446,4,0.05583427837004197,0.7373817243082446,4,0.05583427837004197,0.7373817243082446,4,0.6,10.0,161
6,2.0,2000,0.0015,0.6,1.3185252797811354e-05,2,2,2,2,0.0,0.0,0.0,0.0,0.045469460422004795,0.1211920705994053,0.44186158712981427,0.04228253615138289,0.04563520052078781,0.46155192290182007,5,3045.9304973591225,0.01,0.019567680262793923,0.02108970475653109,2.208211743978457,0.9299106644098286,nan,6.825870725098816,44.710170906774266,3.413072405274173,inf,inf,1.0,1.0,1.0,12,1.43063071946774,0.21381942649646055,0.35811540959716737,0.14498888571852975,0.14787956379675632,0.03367187231584083,5.196203237173296,1376.715238929234,1.647928212203017,1.186531204110453,24.615417196702065,-0.6860024232275769,2.6332475615578304,20.633810756599747,0.9682178987140837,0.9829824190334824,3.67591884107406,-0.42216500079854835,0.01016438459582409,2.7290900410011225e+42,-4.588865375217656,15.662129783673496,44.710170906774266,0.018325036935248635,0.23692739281458633,4.818742733313038,-1.4400015442167686,1.8557433487837935,3.427146717048641,0.5007028159684559,1.3930175585208222e-05,0.008931787821928138,-11.181453165427289,2.054272504088092,28.622316447469885,-0.026753217827316943,0.263716159226329,0.05439059214988213,0.045469460422004795,0.06065765962271063,0.03396540578826991,0.04228253615138289,0.045469460422004795,0.04228253615138289,5,0.045469460422004795,0.04228253615138289,5,0.03377045304551096,0.030633019728961763,4,0.03377045304551096,0.030633019728961763,4,0.03377045304551096,0.030633019728961763,4,0.03377045304551096,0.030633019728961763,4,0.03377045304551096,0.030633019728961763,4,0.6,10.0,162
10,2.0,2000,0.0,0.6,1.3185252797811354e-05,2,2,2,2,0.0,0.0,0.0,0.0,0.05147090223700329,0.035644453787219574,0.7593606052389927,0.37926871611778157,0.16294332217043164,0.9910481286893416,4,3352.6141274122306,0.01,0.03366379837767878,0.08469175400474284,0.10497897274558929,7.368604388774808,nan,6.590626238020912,44.5952614192228,2.4779765114074053,3550.7607808805274,34.641568593956364,0.9,0.9,1.0,12,1.2748591640289357,0.15346940108174623,0.2428357129241317,0.11789163708801749,0.11954142962753814,1.0192558767374966,5.638177596053019,59125.64633335187,1.7295608920278476,1.8536666871455152,23.623492425709063,-0.483148328278411,1.7642150602289592,81.93740814049242,0.5677058663829887,1.4067618022852368,9.004131558720731,-0.010285139503809472,0.0018585789144765468,2.2235053811511114e+30,-6.287943107747449,14.63831453602432,44.5952614192228,0.13567728951393856,0.3815528312682085,8.75066740681854,-0.9635059548357914,2.0564955208746785,3.226877900933821,0.2201222061875751,5.409173754556532e-05,0.008928695593683552,-9.824829109365869,2.1916417763004206,12.08125516474987,-0.6440753553360189,0.026890377386929162,0.028572081737726268,0.05147090223700329,0.048678960386485934,0.06088229000702747,0.37926871611778157,0.06068675849464757,0.3804304558918766,5,0.05147090223700329,0.37926871611778157,4,0.05147090223700329,0.37926871611778157,4,0.05147090223700329,0.37926871611778157,4,0.05147090223700329,0.37926871611778157,4,0.05147090223700329,0.37926871611778157,4,0.05147090223700329,0.37926871611778157,4,0.6,10.0,163
6,10.0,2000,0.001,0.6,1.3185252797811354e-05,2,2,2,2,0.0,0.0,0.0,0.0,0.057841412289344675,0.04637075427659789,0.4346130488041028,0.0733419961927929,0.05103931863142366,0.5813455137775512,5,2871.8455494977834,0.01,0.025797397947330738,0.03231190699849078,0.2172589657172595,1.2679841879708682,nan,7.626417858753277,33.98789436480418,3.4934911728664892,3.961418230427754e+153,9.70143240104756e+151,1.0,1.0,1.0,12,1.3102987400383557,0.19950001728237232,0.270255157045368,0.1495006617757419,0.15056089795377864,0.6203470854065355,6.151063597172504,267680.507999656,1.8166250094952494,1.862029306831289,33.46716016081734,-0.5277360968176065,2.1736116073407445,77.98831554331201,0.776390119261466,1.3323958920597263,6.9480099748976665,-0.16748249945340438,0.010874722470859183,1.270655509054221e+31,-4.521314222254023,15.795171325200144,33.98789436480418,0.013893990086496263,0.3722021735587943,4.550984122282916,-0.9883180950307094,1.6672651107355068,2.9667754507889543,0.2863926487696219,2.5975962757217052e-05,0.0029732501202816646,-10.558338956902936,1.8893499253786084,13.466831614561254,-0.35889201846344565,0.040134730312627036,0.04113612022782195,0.057841412289344675,0.03884030785907039,0.04093565184240767,0.0733419961927929,0.057841412289344675,0.0733419961927929,5,0.057841412289344675,0.0733419961927929,5,0.04587675994165752,0.06429816264143218,4,0.04587675994165752,0.06429816264143218,4,0.04587675994165752,0.06429816264143218,4,0.04587675994165752,0.06429816264143218,4,0.04587675994165752,0.06429816264143218,4,0.6,10.0,164
10,10.0,2000,0.001,0.6,1.3185252797811354e-05,2,2,2,2,0.0,0.0,0.0,0.0,0.032260054049428395,0.02457572259928738,0.6511035224406216,0.0323643996444355,0.02055004099419104,0.6946878206852927,4,1913.3239740594186,0.01,0.022250217768926984,0.025067156470366878,0.6159006145309774,1.0032345139548504,nan,6.705103349142241,44.710177812192846,2.490035379708079,inf,inf,1.0,1.0,1.0,12,1.3233980415537347,0.16747007871826022,0.2802027027350737,0.12300710574234532,0.1255803322372049,0.6730891976488629,5.404826040975676,33854.393623917946,1.6872922657398663,1.700064664390709,25.146349622203967,-0.5019381630978026,2.6629054007098536,61.89367547950431,0.9794177826220923,1.2674483728478594,6.660469426494363,-0.33625090122341034,0.00030015885852194084,6.506381726910904e+46,-8.111198695052297,20.19717172252222,44.710177812192846,0.18860771591882097,0.28483204457820355,14.033358462655723,-1.2558555896986223,2.173792075112295,4.287645934507446,0.34273285585243674,3.5542767149307884e-05,0.005146271644136995,-10.244773878130617,2.307939123942462,8.273736874921827,-0.42966371027207834,0.019727275620792524,0.02173983812764123,0.032260054049428395,0.01276078383612443,0.01652493950201319,0.0323643996444355,0.043830895088943875,0.04332522077661387,5,0.032260054049428395,0.0323643996444355,4,0.032260054049428395,0.0323643996444355,4,0.032260054049428395,0.0323643996444355,4,0.032260054049428395,0.0323643996444355,4,0.032260054049428395,0.0323643996444355,4,0.032260054049428395,0.0323643996444355,4,0.6,10.0,165
6,50.0,2000,0.002,0.6,1.3185252797811354e-05,2,2,2,2,0.0005,0.0,1.5305486916519824e-08,0.0,0.05482827341014952,0.044510061457977,0.470541062004083,0.06352880032638451,0.045848185171284785,0.5592172105886561,5,2864.58662149588,0.01,0.025589817698981988,0.030632417560490104,0.31071911751004694,1.158686866740261,nan,7.332860416779754,44.12678649307224,3.499026478565501,6.680648838246806e+19,1.3361297676493612e+18,1.0,1.0,1.0,12,1.3325451794566003,0.19296052953448098,0.2870907822666395,0.14145421895064644,0.14335588869157137,0.5366165473236412,5.411528003600122,7712.1006869061075,1.6885314935710747,1.652145079778193,18.139177327796205,-0.5172466831651927,2.2020936795186317,20.72665069510541,0.7894085803195562,1.1446986057579616,3.654721498757042,-0.2063175879954189,0.010492313546579013,5.412965303553656e+27,-4.5571123330760575,15.945456719230533,44.12678649307224,0.01600807484686418,0.38767862918863805,3.176259533307678,-0.9475785578553823,1.6409033123041374,2.263145206952933,0.2661661603181897,2.6666121691846397e-05,0.0005163124293373356,-10.532116648723092,1.8905447355913823,3.354373910156635,-0.37253544083019186,0.038760883938141005,0.03994102702564049,0.05482827341014952,0.035847903257872016,0.03816785192959783,0.06352880032638451,0.05482827341014952,0.06352880032638451,5,0.05482827341014952,0.06352880032638451,5,0.04225745369584783,0.053012324744336654,4,0.04225745369584783,0.053012324744336654,4,0.04225745369584783,0.053012324744336654,4,0.04225745369584783,0.053012324744336654,4,0.04225745369584783,0.053012324744336654,4,0.6,10.0,166
10,50.0,2000,0.0005,0.6,1.3185252797811354e-05,2,2,2,2,0.0,0.0,0.0,0.0,0.02507149420710456,0.019888592657758202,0.596482816974294,0.02439978205405618,0.015558211979439268,0.6306501308695825,4,1893.6626629790312,0.01,0.020563766736455023,0.02283501325321,0.7362217190815789,0.9732081324112691,nan,6.802664093961276,36.57698481678144,2.520370138056175,5.205354693646709e+55,3.7341138404926177e+53,1.0,1.0,1.0,12,1.321956849790401,0.174067910615579,0.27911310079876256,0.12671417218534337,0.1306022958195472,0.6619966385672985,4.974068485440935,2695.539423732147,1.6042381139717763,1.5774311113387693,13.88151528206695,-0.48830860345459526,3.120732745396877,35.81138165793601,1.1380678285413093,1.279105016614433,3.928789530141803,-0.4572186770804786,0.00014447293964925246,5.063173905387016e+40,-8.842418336812095,22.286167124301556,36.57698481678144,0.20373902982239317,0.2569041505444436,15.302733614448726,-1.359052218731946,2.149469449448888,4.862831913267715,0.3946213774675587,3.0224036136409644e-05,0.0076425172522764,-10.40687305158614,2.2831985259282632,14.504759988376938,-0.36332298930616447,0.016380384012922803,0.018213899753247245,0.02507149420710456,0.009323537658135836,0.012951316226125791,0.02439978205405618,0.035985493589096126,0.034855777918423696,5,0.02507149420710456,0.02439978205405618,4,0.02507149420710456,0.02439978205405618,4,0.02507149420710456,0.02439978205405618,4,0.02507149420710456,0.02439978205405618,4,0.02507149420710456,0.02439978205405618,4,0.02507149420710456,0.02439978205405618,4,0.6,10.0,167
6,2.0,2000,0.001,0.6,2.0531589320912015e-06,2,2,2,2,0.0005,0.0,1.9751844297249838e-10,0.0,0.044312066999526556,0.03393160084351774,0.43344356305339116,0.07158183550698477,0.13858689638711333,0.9804627325453036,5,1687.7136302260828,0.01,0.028571265427583557,0.01737237801301013,0.008367548751131597,1.6154027639412436,nan,9.542973724691844,44.30761710395827,2.984627536958791,204124355.02704844,55670278.64374048,1.0,1.0,1.0,12,1.186046859668946,0.2460017535698949,0.17062581047708644,0.196784337319816,0.20337145289017566,0.2572182833182238,10.53467484304836,113596692494.22308,2.3546721823325987,3.131891832157018,44.30761710395827,-0.14597575148060193,2.579610222962131,11538592.790940303,0.9476383111490746,2.7022595106229095,35.05020445996954,-0.1927251629383974,0.017447448910570627,8.945251329665388e+27,-4.04856183525776,12.083449138590732,40.71434685841963,0.004662863892105552,0.21961160171728217,6.229044966995704,-1.515894739607112,2.121188945239551,3.3220840484332874,0.47382347437588423,7.60868471527069e-06,0.001380681627608381,-11.78622023739251,2.409357017379074,7.991185244007077,-0.5436764919117256,0.028626804183573232,0.02885593134745345,0.044312066999526556,0.15422634560657741,0.18995250804777783,0.07158183550698477,0.044312066999526556,0.07158183550698477,5,0.044312066999526556,0.07158183550698477,5,0.03492186546171275,0.03199663895209099,4,0.03492186546171275,0.03199663895209099,4,0.03492186546171275,0.03199663895209099,4,0.03492186546171275,0.03199663895209099,4,0.03492186546171275,0.03199663895209099,4,0.6,10.0,168
10,2.0,2000,0.0005,0.6,2.0531589320912015e-06,2,2,2,2,0.0005,0.0,1.0730551276027544e-08,0.0,0.943039183120201,0.9409996135992046,0.5088451983162839,0.9462771766265309,0.9424051918066562,0.7783668328543354,4,56.23964506430086,0.01,0.022448811546872647,0.030687051718055778,0.059637439964864,1.003433572606831,nan,8.21117761318242,44.685633407391855,2.230154813351005,158113890.24762917,20014416.487041667,1.0,1.0,1.0,12,1.259806175337358,0.1911578884575106,0.23095788003314252,0.14410731918258865,0.1501302332570607,-0.06741878331959546,11.885602527836564,15798712.384492623,2.4753277960215856,3.0788798093723604,28.545137884620143,-0.18767730902813662,2.4031917526063187,1108.6277005058876,0.8767977507435402,1.894969228365726,15.733950040502705,-0.2374459898059409,0.000617128652165428,4.559402903425241e+28,-7.390433043370872,16.481809824421866,44.685633407391855,0.20617970495923618,0.14635763142507707,16.484740175393778,-1.9217021221741803,2.2371483111838315,7.261563096430873,0.6306584553893954,8.559231851873225e-06,0.0008403358745942195,-11.66850010876792,2.28321479076149,6.580286964638028,-0.6252722719617647,0.9399433565988651,0.940016301078548,0.943039183120201,0.9403998122343536,0.9405385865590837,0.9462771766265309,0.9489517699320053,0.9494918801059741,5,0.943039183120201,0.9462771766265309,4,0.943039183120201,0.9462771766265309,4,0.943039183120201,0.9462771766265309,4,0.943039183120201,0.9462771766265309,4,0.943039183120201,0.9462771766265309,4,0.943039183120201,0.9462771766265309,4,0.6,10.0,169
6,10.0,2000,0.001,0.6,2.0531589320912015e-06,2,2,2,2,0.001,0.0,2.825327270823973e-10,0.0,0.04440013902129725,0.035189141178866644,0.37082800188118603,0.11997656293875442,0.06253324991692895,0.928881513053415,5,1794.9035794316453,0.01,0.02302722212941297,0.04206384030555191,0.026160888454811952,2.7021663801819567,nan,9.226481614522324,44.50574849193475,3.435249450384899,1.2124576443524547e+111,1.966147531382359e+110,1.0,1.0,1.0,12,1.2158581331930574,0.25170770370307416,0.1954501099558517,0.19667751493121444,0.20299310318173733,0.13113969819871188,9.321749360955312,147295060.08753476,2.232350310757437,2.7301190147432775,41.07120986859096,-0.12265340462141211,2.968599337072984,17191.629599879878,1.0880902378954878,2.4644456643401913,16.098857773957082,-0.268314023230893,0.029495717889063664,1.6554804941006281e+43,-3.5235101824754853,12.104136417774505,44.50574849193475,-0.03872297518173742,0.2397281147355985,10.4046716375779,-1.4282498530740477,2.1015656819695345,4.918770426105154,0.43654321022613485,8.504910460380025e-06,0.0029366974371252165,-11.674866860051935,2.3558159346909027,12.60175561965122,-0.6033001676332604,0.030512961500151047,0.030654323015151645,0.04440013902129725,0.03358372307039242,0.03403946374164003,0.11997656293875442,0.04440013902129725,0.11997656293875442,5,0.04440013902129725,0.11997656293875442,5,0.031432193700866265,0.11605189182549948,4,0.031432193700866265,0.11605189182549948,4,0.031432193700866265,0.11605189182549948,4,0.031432193700866265,0.11605189182549948,4,0.031432193700866265,0.11605189182549948,4,0.6,10.0,170
10,10.0,2000,0.0015,0.6,2.0531589320912015e-06,2,2,2,2,0.0,0.0,0.0,0.0,0.9857045834812419,0.9854022372349253,0.33130253070278587,0.9858145725457793,0.9857059452265536,0.37438631009651924,4,37.52578470401558,0.01,0.016734971328459348,0.018189934728619916,0.35034652009475187,1.000111584207257,nan,8.136165184730789,44.710177793963716,2.436700975721787,inf,inf,1.0,1.0,1.0,12,1.3001397567568138,0.20128759774579488,0.26247176388677057,0.14699743620661698,0.1531152703898498,-0.280477163713355,8.986241208085854,21706270.84580164,2.195694652941378,2.802191386732402,27.594181702081215,-0.10641769001780758,3.241813722890602,516.9718642152085,1.176132964195314,1.7809482903637996,12.297151668299435,-0.42072420720301457,0.00016963003568095584,5.801775224637095e+44,-8.681890753110878,21.155171669215235,44.710177793963716,0.2216797135878554,0.14121770163137898,7.400210554407653,-1.957452596119289,2.212603865385937,4.441663973087148,0.65381200629014,6.493044437025347e-06,0.0019386785819839533,-11.94477904062562,2.3067970963373305,14.19074174411944,-0.4991128043149211,0.9852232124830281,0.985278915740506,0.9857045834812419,0.985637173514749,0.9856660896191327,0.9858145725457793,0.9905222397543239,0.9904252686439762,5,0.9857045834812419,0.9858145725457793,4,0.9857045834812419,0.9858145725457793,4,0.9857045834812419,0.9858145725457793,4,0.9857045834812419,0.9858145725457793,4,0.9857045834812419,0.9858145725457793,4,0.9857045834812419,0.9858145725457793,4,0.6,10.0,171
6,50.0,2000,0.0,0.6,2.0531589320912015e-06,2,2,2,2,0.0005,0.0,1.4689492352495405e-10,0.0,0.041802705631052525,0.032525403340326206,0.36875357564917416,0.08169459549860517,0.047208682343760265,0.817628026663747,5,1969.9163917056298,0.01,0.022772145392229885,0.03411258612727084,0.04404760952894327,1.9542896629619002,nan,9.086469524346315,44.69105030396205,2.788394408889189,3.152028902400513e+39,5.40347811840088e+38,1.0,1.0,1.0,12,1.2457659152294447,0.25312167043248424,0.2197505337184353,0.19416864590088878,0.19934289267398728,0.0076830436811613865,7.865202879056797,1442338.9162911973,2.0624483313532407,2.486143348575703,25.62855823344367,-0.06635032242618853,2.7998825965927328,893988.5584544062,1.0295774865137703,2.263532804515102,31.419837206265512,-0.26627958678091634,0.009801023419814356,7.174595867827296e+36,-4.625268468164804,12.897072736242203,44.69105030396205,0.04908479036553245,0.225299878235072,14.569722246300657,-1.490322972000933,2.111263142477915,6.392373408685608,0.4639390176088334,8.295614819565797e-06,0.0016497894901990205,-11.699783517771905,2.3907553273896203,8.245832424676768,-0.5840612272594115,0.027785517713472842,0.027987986676453254,0.041802705631052525,0.029695454542879297,0.03023599698979633,0.08169459549860517,0.041802705631052525,0.08169459549860517,5,0.041802705631052525,0.08169459549860517,5,0.030816071595556372,0.07642457281940544,4,0.030816071595556372,0.07642457281940544,4,0.030816071595556372,0.07642457281940544,4,0.030816071595556372,0.07642457281940544,4,0.030816071595556372,0.07642457281940544,4,0.6,10.0,172
10,50.0,2000,0.0005,0.6,2.0531589320912015e-06,2,2,2,2,0.0015,0.0,1.1956808981378734e-09,0.0,0.9825349295877501,0.9821137340970791,0.3555670325003055,0.9825230799977892,0.9826296019450819,0.3984450583001663,4,36.85423257607743,0.01,0.013872721545993656,0.014755894995634903,1.283495569958219,0.9999879397774022,nan,8.34170191472486,44.66480820833564,2.5361878111381344,3705527.3866529036,336866.12605935486,1.0,1.0,1.0,12,1.3350050697098137,0.2205622870277273,0.2889350893804432,0.1555257246113581,0.16317159335675893,-0.43525114345678984,7.626008671115121,82400289348.37195,2.0315645984810304,2.5283855140390825,44.66480820833564,-0.05302699258442249,4.087289149578357,182.86066639715483,1.4078819506918476,1.715029014516115,6.376603283886942,-0.5720235842809931,6.0894340653587726e-05,2.53661546574774e+39,-9.706370316079061,24.617178086032716,39.461638123264855,0.2321205111134904,0.10891547298598343,13.621771739028675,-2.217183174783783,2.3182162570372005,6.186699671874071,0.7360648713587251,3.7172920131115514e-06,0.00035427915110071374,-12.502515108230634,2.3840899907716064,6.749654765592964,-0.24899055926211333,0.981476025241582,0.9823302474619051,0.9825349295877501,0.9833549007972274,0.9820108250402287,0.9825230799977892,0.9865242782996592,0.9864176838930175,5,0.9825349295877501,0.9825230799977892,4,0.9825349295877501,0.9825230799977892,4,0.9825349295877501,0.9825230799977892,4,0.9825349295877501,0.9825230799977892,4,0.9825349295877501,0.9825230799977892,4,0.9825349295877501,0.9825230799977892,4,0.6,10.0,173
6,2.0,2000,0.0005,0.6,1.5571549070262607e-06,2,2,2,2,0.002,0.0,0.0563061874941913,0.0,0.037317533031216696,0.03000832616513194,0.3770502716217205,0.9463668480710093,0.33690368729742315,0.9996744739782973,5,1475.8612702221894,0.01,0.023832587420984853,0.12629111829419204,0.0071231936800775905,25.359844855750747,nan,9.92657954700902,44.71007990269789,2.909297333790361,inf,inf,0.8333333333333334,1.0,1.0,12,1.1759503840566452,0.2828981921436501,0.16207665815837122,0.22421218103463206,0.23446416913201726,-0.026211235725680713,11.40582969447986,524646358.9631028,2.434124601400699,3.354246765502165,27.166287343989502,-0.3653411538033293,3.5070124189639778,131758905125.25177,1.2547645123448072,3.2159573182836207,44.70771637436965,-0.17248077898362463,0.021686055893304888,3.2259445072560656e+34,-3.8310858105442995,11.145767734138616,44.71007990269789,0.020453906961871243,0.24449899086406882,7.083263857193398,-1.4085440974210497,2.2480569688373473,3.2512175371858087,0.39933083818571646,4.993695990955667e-06,0.02395084869024819,-12.20733424281834,2.5009773723314264,32.34622471189221,-0.4659442142223565,0.026329598210551648,0.02637784725362748,0.037317533031216696,0.032006069722821405,0.03233814409843875,0.9463668480710093,0.037317533031216696,0.9463668480710093,5,0.037317533031216696,0.9463668480710093,5,0.024713165384820386,0.8979425101114934,4,0.024713165384820386,0.8979425101114934,4,0.024713165384820386,0.8979425101114934,4,0.024713165384820386,0.8979425101114934,4,0.024713165384820386,0.8979425101114934,4,0.6,10.0,174
10,2.0,2000,0.0005,0.6,1.5571549070262607e-06,2,2,2,2,0.0,0.0,0.0,0.0,0.04886268701647522,0.03731333297394395,0.8556559453819619,0.036706992661622674,0.10386205935702152,0.9875143517889394,5,2719.035719189834,0.01,0.060217213775612385,0.0009347439783900998,0.0026943059320385493,0.751227468297968,nan,8.207940752065493,44.709595212434415,56.67870614355685,inf,inf,0.9,1.0,1.0,12,1.1809233455433354,0.16154256899346342,0.16629662871018328,0.13252890279609555,0.13558166885787068,-0.07618601428410272,12.899445417183532,1008506701.0652736,2.5571843195274853,3.5226100559901763,31.351736302606,-0.3828139022323262,0.9636038205666793,306.3750480454142,-0.03707504336065567,2.101365487898231,15.056616332503026,0.350795107521779,0.009800765040729005,1.4919485718546606e+18,-4.625294830972043,9.085022851374259,44.709595212434415,0.11251303749068937,0.20002966190971977,9.962699752867174,-1.6092896138822754,2.026162652489436,6.029361600998816,0.5421400837522405,1.6389239048318482e-05,0.0008227142623963487,-11.01888559408875,2.0902773602977622,5.747162458018168,-1.1260537141985563,0.030330926505874888,0.032746385399481735,0.04886268701647522,0.20912716113497318,0.06575202427446865,0.036706992661622674,0.04886268701647522,0.036706992661622674,5,0.04886268701647522,0.036706992661622674,5,0.044306673032446245,0.0064544541047848476,4,0.044306673032446245,0.0064544541047848476,4,0.04403665581773092,0.006433064810799328,3,0.04403665581773092,0.006433064810799328,3,0.04403665581773092,0.006433064810799328,3,0.6,10.0,175
6,10.0,2000,0.0015,0.6,1.5571549070262607e-06,2,2,2,2,0.0015,0.0,8.219322240691736e-10,0.0,0.04414189877824012,0.037548096756363836,0.26761034653662313,0.04631862751184391,0.03729907131216162,0.33221303466490215,5,1215.570962230176,0.01,0.017744099978238843,0.020378619514940497,0.0592853745218687,1.0493120775012246,nan,9.403785934175259,43.46180145552024,2.8211903557005242,4.891623218997224e+66,1.276075622347102e+66,1.0,1.0,1.0,12,1.2457406424065705,0.28933613360000365,0.2197302465369326,0.2175678000998423,0.22671506030379454,-0.2920030752669966,10.456583201441497,13157706.290224753,2.3472317514919254,2.7960200385331366,38.95618647979561,-0.4072043539924649,3.401567488619999,53592.34604322582,1.2242363514469567,2.5215403668495333,15.806439403636109,-0.20787399219497601,0.02223018646197416,4.118529853716893e+23,-3.806304163188121,10.738308596049082,43.46180145552024,0.018922239669223097,0.19879735892903136,12.044079242030154,-1.6154692699131452,2.25303888402053,4.764747097896127,0.49029053780728654,4.568478350072416e-06,0.0012618404403296612,-12.296330373476518,2.452957316486639,9.950775182899957,-0.4387845636964811,0.03420946334852577,0.034292928142325624,0.04414189877824012,0.03273800549391783,0.03284058093072312,0.04631862751184391,0.04414189877824012,0.04631862751184391,5,0.04414189877824012,0.04631862751184391,5,0.02751968107921335,0.03088428326144726,4,0.02751968107921335,0.03088428326144726,4,0.02751968107921335,0.03088428326144726,4,0.02751968107921335,0.03088428326144726,4,0.02751968107921335,0.03088428326144726,4,0.6,10.0,176
10,10.0,2000,0.0,0.6,1.5571549070262607e-06,2,2,2,2,0.001,0.0,1.631958614634034e-09,0.0,0.9438557910823393,0.9436894610882726,0.35391718352551854,0.9447431069348994,0.9437633411116301,0.8214663803019525,5,42.768109701436146,0.01,0.01996150398810111,0.028988822076522043,0.01979003533189478,1.0009400968463016,nan,8.931786492331746,44.71017767753073,2.105796483171081,1.9326598519923297e+131,7.157999451823443e+130,1.0,1.0,1.0,12,1.2353208700511513,0.21804078929102488,0.21133075014077873,0.16617023848147897,0.17402000600206335,-0.33177403376128667,16.995209594423642,181184716.85298064,2.8329315157830437,3.613642428273246,25.64872969778749,-0.4494775922276649,2.7613496172962337,953.682046128124,1.0157195519855393,2.138898660459255,14.255604592570037,-0.1475740150347307,0.0010650955815321374,9.407267869938297e+29,-6.844690735930352,13.450464508305704,44.71017767753073,0.24100129922182725,0.12204268413882147,19.611017663646738,-2.1033844254487737,2.295338668718814,7.816652588420116,0.693823017660265,2.8875670021654662e-06,0.0005534052580399614,-12.755096278172427,2.2829344306852044,10.562245149165673,-0.2705088209648747,0.9436066543188013,0.9436059378636773,0.9438557910823393,0.9432736084057002,0.9432733079942905,0.9447431069348994,0.9438557910823393,0.9447431069348994,5,0.9438557910823393,0.9447431069348994,5,0.9425546792197047,0.9443301199371547,4,0.9425546792197047,0.9443301199371547,4,0.9425546792197047,0.9443301199371547,4,0.9425546792197047,0.9443301199371547,4,0.9425546792197047,0.9443301199371547,4,0.6,10.0,177
6,50.0,2000,0.0,0.6,1.5571549070262607e-06,2,2,2,2,0.0135,0.0,1.0699213404502133e-08,0.0,0.055498263170114595,0.05211875614716375,0.7900189332941164,0.04550647178894206,0.04143905896067513,0.7823672392796525,5,876.2024597384283,0.01,0.08024276973957374,0.00012643789050221932,0.0003449617178620782,0.819962088713561,nan,10.635660721106575,44.61563146056712,85.65194484411269,1.951512298922633e+24,7.806049195690533e+23,1.0,1.0,1.0,12,1.002483824673866,0.22318507885491956,0.0024807450797545354,0.2124806407434394,0.21761362653955454,0.7234496009194438,12.788890546282298,662833089407196.6,2.548576867987966,4.628517325714182,44.61563146056712,-0.28948722792782605,1.8296554278483665,3003320842.380702,0.6041276583311503,4.055966160904407,43.92853466809204,0.023655530340178015,0.06575631035351791,1.0958878989690484e+22,-2.7217996375711175,11.196022001556743,32.74687226332223,-0.07871650096774933,0.25479166987892793,13.817592241795731,-1.3673090486014068,1.9972342451432463,6.869903986021241,0.42883473829780394,1.1651159394359905e-05,0.003713899101072112,-11.360104864075058,2.3435949072543667,13.202939701962755,-0.8587428266943684,0.05023066378422326,0.05062734148715338,0.055498263170114595,0.04142615319827562,0.03738455189480772,0.04550647178894206,0.055498263170114595,0.04550647178894206,5,0.055498263170114595,0.04550647178894206,5,0.04671879507700052,0.013675909186025506,4,0.04671879507700052,0.013675909186025506,4,0.04625383944434831,0.012855786384494418,3,0.04625383944434831,0.012855786384494418,3,0.04625383944434831,0.012855786384494418,3,0.6,10.0,178
10,50.0,2000,0.002,0.6,1.5571549070262607e-06,2,2,2,2,0.0015,0.0,9.525185181487919e-10,0.0,0.7141809595094544,0.701798500301325,0.48613839761812844,0.8916023924262882,0.7713226082835597,0.9946709617876622,4,106.83445960098781,0.01,0.024015467978199312,0.06954609526499526,0.019980162544230313,1.2484264394820863,nan,8.692256315134957,44.71017781221709,2.366844642584125,144.4400859420361,39.03786106541516,1.0,1.0,1.0,12,1.2377321288897398,0.21047338916193864,0.21328077677078597,0.15949748143292064,0.16783217593709857,-0.3578802400468553,12.451279489769483,115095558.82143497,2.521823387892824,3.252759550041073,37.89324897971168,-0.4037012726394701,2.383954181995812,1042.9842396999422,0.8687605300569284,2.056221206253786,17.575252100453206,-0.08203730252111242,0.0016650397301241268,1.518831120233797e+45,-6.397906293898009,14.1069266202454,44.71017781221709,0.19811508593200505,0.134891524686706,30.599788415473895,-2.003284344378826,2.306256574318855,11.341751489604919,0.6471347278667934,5.146615156299446e-06,0.0010439907073842112,-12.17717131057688,2.3385572875454113,10.028970826949477,-0.511203584854282,0.6954412057060708,0.6957733356884495,0.7141809595094544,0.7104198809228912,0.7119455515014996,0.8916023924262882,0.7185461107734322,0.9040616904334716,5,0.7141809595094544,0.8916023924262882,4,0.7141809595094544,0.8916023924262882,4,0.7141809595094544,0.8916023924262882,4,0.7141809595094544,0.8916023924262882,4,0.7141809595094544,0.8916023924262882,4,0.7141809595094544,0.8916023924262882,4,0.6,10.0,179
6,2.0,2000,0.0005,0.6,1.2002197057139293e-06,2,2,2,2,0.0,0.0,0.0,0.0,0.047266025227489905,0.05798698187684537,0.41309726061541613,0.042307666895388917,0.04537329095546045,0.44615068398894026,5,2753.2335726076244,0.01,0.01617447956589771,0.01769986116618423,4.170867419610683,0.895096778114162,nan,6.912018251063805,44.71017680744679,2.2839086841479195,4.256842094566594e+75,1.5573812541097293e+74,1.0,1.0,1.0,12,1.4946523690605824,0.25673046363278745,0.4018936507471105,0.16285606234912123,0.16945320966855534,-0.11943325870071246,5.070410414925922,468.3218503469906,1.6234217640163735,1.1051253250595108,15.454784594306913,0.06740153279294786,2.9690507080673245,21.207467460338748,1.0882422748096805,1.041066642978996,3.334859510675815,-0.2728180871207515,0.003423679772629903,5.1973418889877756e+32,-5.677039349425059,12.965839470401347,44.71017680744679,0.11313593545993361,0.1830829868764834,7.353291220424918,-1.6978157487324244,2.105257168134925,4.102524186026416,0.5638219135090293,7.397985510474238e-06,0.0014070437173905694,-11.814302823129296,2.2869371319216762,11.097444222647919,-0.7952571504125413,0.032273571631963885,0.09442134877108233,0.047266025227489905,0.041118778653967986,0.052693427317024456,0.042307666895388917,0.047266025227489905,0.042307666895388917,5,0.047266025227489905,0.042307666895388917,5,0.03592593762542552,0.03080494178229713,4,0.03592593762542552,0.03080494178229713,4,0.03592593762542552,0.03080494178229713,4,0.03592593762542552,0.03080494178229713,4,0.03592593762542552,0.03080494178229713,4,0.6,10.0,180
10,2.0,2000,0.0,0.6,1.2002197057139293e-06,2,2,2,2,0.0,0.0,0.0,0.0,0.07905707220577714,0.09041656254465319,0.5901625790086148,0.07440767706438543,0.08256176524240123,0.6234684511199473,4,1717.0325772687877,0.01,0.01334110310344393,0.014552826677930616,4.142610145063148,0.941189383673483,nan,7.342192691687394,44.337648904617154,2.85078308751588,902641.4669489245,6503.180597614729,1.0,1.0,1.0,12,1.4161889270914643,0.19646047150773005,0.3479694094586519,0.13119781923005652,0.13750143468406534,0.2627620738305603,4.519535292749533,12214.119939296388,1.5084091772200932,1.3293590220817237,30.708535954155636,0.14254969837782952,5.013133017213935,92.10853950936352,1.6120610723825426,1.1681818863265596,6.95797750716957,-0.691536666619556,1.0564662255306839e-06,3.337387852147904e+51,-13.760580968663781,39.228431499859596,44.337648904617154,0.24345719753745676,0.16799503321915382,9.75111445260619,-1.7838208641876103,2.037055092463059,5.107412525511017,0.6249193971884217,5.8019631013084085e-06,0.0007913359019395476,-12.05731423193568,2.3619454907241395,8.586632130368766,-0.6671160295977845,0.06107212546562525,0.13112048996255718,0.07905707220577714,0.07207868910924634,0.10119892955357195,0.07440767706438543,0.08741538516216711,0.08263575188721127,5,0.07905707220577714,0.07440767706438543,4,0.07905707220577714,0.07440767706438543,4,0.07905707220577714,0.07440767706438543,4,0.07905707220577714,0.07440767706438543,4,0.07905707220577714,0.07440767706438543,4,0.07905707220577714,0.07440767706438543,4,0.6,10.0,181
6,10.0,2000,0.0015,0.6,1.2002197057139293e-06,2,2,2,2,0.0,0.0,0.0,0.0,0.04534081152756398,0.05208886640460344,0.33563860847347904,0.04207234542623581,0.04389580663484107,0.3847423477358918,5,2486.6691249923797,0.01,0.015341261916105076,0.016540902573850918,3.732042613051325,0.9279133744807109,nan,7.584244462020595,36.41483272657786,2.493309593625992,inf,inf,1.0,1.0,1.0,12,1.4330327938146998,0.27825630061063017,0.3597930333118176,0.18251166342568778,0.19088525862894665,0.1241026835470888,6.1423215326474825,1490.5819176025354,1.8152027704770621,1.484980549789753,10.859228756684518,-0.07898680264868088,3.2299721431617807,1065.3458000609896,1.1724735127892574,1.419021537202289,18.24936105711259,-0.25951195131848975,0.004959967772108738,2.4452001359478003e+27,-5.306356035825132,13.230388411317989,36.41483272657786,0.08285615129556548,0.2142921878230409,6.849261122853525,-1.5404148315625994,2.105451502513747,3.7916590028070902,0.4890111249617284,6.412407906858639e-06,0.0009493864491566959,-11.95727570907404,2.28092324916488,9.249455176517353,-0.7346719015527847,0.030326600073322166,0.08059918761292416,0.04534081152756398,0.0409968939462614,0.048618180532026004,0.04207234542623581,0.04534081152756398,0.04207234542623581,5,0.04534081152756398,0.04207234542623581,5,0.032334856208923284,0.0289470722075173,4,0.032334856208923284,0.0289470722075173,4,0.032334856208923284,0.0289470722075173,4,0.032334856208923284,0.0289470722075173,4,0.032334856208923284,0.0289470722075173,4,0.6,10.0,182
10,10.0,2000,0.0,0.6,1.2002197057139293e-06,2,2,2,2,0.0,0.0,0.0,0.0,0.08727816691755302,0.10243000413864263,0.6031830616815814,0.08089126098851468,0.09409756006030219,0.6337564968073781,5,2120.935808806125,0.01,0.01270534469858655,0.014060704171172228,4.357831677786601,0.9268212640731592,nan,7.3922622095019666,44.71017781221648,3.159435458754649,5.227446417024496e+49,2.5878447609032156e+47,1.0,1.0,1.0,12,1.4442770585463212,0.1974881818614426,0.3676088908655619,0.12789562038593252,0.13558493371128347,0.11598778450163612,4.152888367129285,882.911683960531,1.4238040842317876,1.1264452761562278,18.555106706226734,0.2433361179845596,5.392719279000577,24.85303722956017,1.6850497621541183,1.064067754020003,2.3937758984567115,-0.8277943712883451,8.346967287191706e-07,2.1176182699933402e+86,-13.996197377207055,44.22008228127679,44.71017781221648,0.22130353225128882,0.15614771652091172,8.302512195046686,-1.8569528189852609,1.9246865478220496,5.176661813157827,0.6994007396905902,4.420302740382325e-06,0.0020400579376566364,-12.329302370921058,2.3856148259103587,17.04431582685023,-0.5464853524354681,0.06802729374722478,0.15198455175115008,0.08727816691755302,0.07806906810752558,0.12333235108486633,0.08089126098851468,0.08727816691755302,0.08089126098851468,5,0.08727816691755302,0.08089126098851468,5,0.08181748024703257,0.07546857742710003,4,0.08181748024703257,0.07546857742710003,4,0.08181748024703257,0.07546857742710003,4,0.08181748024703257,0.07546857742710003,4,0.08181748024703257,0.07546857742710003,4,0.6,10.0,183
6,50.0,2000,0.0005,0.6,1.2002197057139293e-06,2,2,2,2,0.0,0.0,0.0,0.0,0.04353520559131985,0.05242857249987911,0.3807042129936765,0.03949951320772373,0.04202312632923937,0.4196653175426146,5,2683.133548742073,0.01,0.015912857843564162,0.01731059816531943,4.0325420146585795,0.9073004863815145,nan,7.107876549603415,43.92722922795341,2.1990876160535344,10.232757470886414,0.4686759146970877,1.0,1.0,1.0,12,1.468346049999471,0.2571417738511119,0.3841366312951098,0.16520537827466747,0.17268963235644202,-0.010250336830474244,5.390905149319739,1842.9510211518887,1.6847133020501874,1.2491188335077479,20.4116826766259,0.010563929107086032,3.0832935484549764,33.72715482977952,1.1259983595691856,1.1256061122878849,4.074142623243791,-0.2858707778409427,0.002035309351918221,2.461507002684447e+23,-6.1971074559561625,13.62798226174622,43.92722922795341,0.14580078296812293,0.16529541392338126,7.220652333962795,-1.8000210185002152,2.0541087010961916,4.451424467843722,0.6276179026193868,7.185550640358688e-06,0.0007304390072388547,-11.843438403880757,2.2173326918766967,7.663344541458346,-0.8070811982835802,0.02933490660453074,0.08441560530378674,0.04353520559131985,0.0383722444699081,0.048197621310086286,0.03949951320772373,0.04353520559131985,0.03949951320772373,5,0.04353520559131985,0.03949951320772373,5,0.03185163929378306,0.027673173490214604,4,0.03185163929378306,0.027673173490214604,4,0.03185163929378306,0.027673173490214604,4,0.03185163929378306,0.027673173490214604,4,0.03185163929378306,0.027673173490214604,4,0.6,10.0,184
10,50.0,2000,0.0,0.6,1.2002197057139293e-06,2,2,2,2,0.0,0.0,0.0,0.0,0.0764569933321102,0.09052718722375148,0.6442293829497572,0.0710207846770823,0.08233699431929192,0.6738116879128295,5,2200.2171290791857,0.01,0.012908704983735841,0.014157309144863165,4.3924465875435175,0.9288984771946973,nan,7.416065559028121,44.71017780910417,2.705482773114824,4302717239947414.5,21665242900037.336,1.0,1.0,1.0,12,1.4352610104538561,0.20348534936898824,0.36134672148983715,0.13304705061238456,0.14048547592997182,0.15856419916600256,4.201719282385838,745554.4867595996,1.4354937944762713,1.2213133104429594,44.475938584519156,0.2148630561327808,5.456429838468063,27.872673418992054,1.6967947001483883,1.092916231541365,2.56183924509728,-0.8166904376400759,1.7862738009932158e-07,4.328848298859059e+72,-15.537963876226318,42.03769359641074,44.71017780910417,0.2694683255714019,0.18359530042885483,8.539699244804467,-1.6950213979160802,2.0104783777641546,4.559553990983846,0.5890119422557676,4.193301465549862e-06,0.003377755661581055,-12.382022195019365,2.414384190535704,19.322937608666873,-0.5181378091019658,0.058458991064786976,0.1366655772743573,0.0764569933321102,0.06845046722580833,0.10753973105498513,0.0710207846770823,0.0764569933321102,0.0710207846770823,5,0.0764569933321102,0.0710207846770823,5,0.07067570182182596,0.06532535683134981,4,0.07067570182182596,0.06532535683134981,4,0.07067570182182596,0.06532535683134981,4,0.0706754556555212,0.06532507478091537,3,0.0706754556555212,0.06532507478091537,3,0.6,10.0,185
6,2.0,2000,0.0,0.6,9.192017155405002e-06,2,2,2,2,0.0015,0.0,9.519043168503215e-08,0.0,0.060741084407980914,0.04741584083333903,0.7607621034081208,0.006327234793261624,0.03605529968728894,0.95025843924672,4,1088.9210138823578,0.01,0.0713386149048636,0.000570953730323836,0.001567178904118531,0.10416730051711547,nan,9.757484214797033,44.70549099104793,10.201568990892705,2.2042683209046825e+53,2.8139595586017225e+52,1.0,1.0,1.0,12,1.05393701455188,0.19916324303046098,0.0525326898438835,0.18335459224371153,0.18580590865637478,0.5196329714317841,9.165304457145968,39483709272.00432,2.215425100286662,3.709429101173147,44.27441105113781,-0.4035533655477623,1.3856938911860197,346328927.3203203,0.32620101864490686,3.327762196605495,44.6104442434817,-0.02842493427729801,0.03906158243958601,7.431491895204142e+27,-3.2426158413079986,13.200855202468926,44.70549099104793,-0.11656935775915048,0.3109981146426152,3.5442474622251896,-1.1679684290636734,1.6855338762407397,2.8451358964319016,0.3898722028437149,3.101886017088679e-05,0.0024620251861538936,-10.38091514586563,2.0818792691188377,6.934232921255477,-0.5842125541352244,0.03914418313868672,0.04236225495334948,0.060741084407980914,0.10148498125229892,0.0003536830163062774,0.006327234793261624,0.07621113319346996,0.05339565159687397,5,0.060741084407980914,0.006327234793261624,4,0.060741084407980914,0.006327234793261624,4,0.060741084407980914,0.006327234793261624,4,0.060741084407980914,0.006327234793261624,4,0.06044499094322587,0.006224154360018036,3,0.06044499094322587,0.006224154360018036,3,0.6,10.0,186
10,2.0,2000,0.0005,0.6,9.192017155405002e-06,2,2,2,2,0.0,0.0,0.0,0.0,0.04139570507486171,0.028159317969185346,0.9170573634370666,0.01746404982078829,0.15778757510121516,0.9869153541784677,4,2104.149405260254,0.01,0.0724684854974197,0.0017342354892628446,0.0047841620416497095,0.4218807190070945,nan,7.564254402696085,44.65758967703741,6.528505852837981,inf,inf,0.9,1.0,1.0,12,1.2004938377428793,0.14025756452673738,0.18273300359051084,0.11485446600501717,0.11606090980836993,-0.30406499083665417,9.44225497689884,11615176.112457242,2.245194826302885,2.986615038748505,22.178229832155537,-0.5111881860392716,0.7365605121234411,920.767888192822,-0.3057638847119212,1.996181310928255,26.520611715047604,0.2692007377716371,0.0074289444041686255,6.033470316877853e+20,-4.902371502462946,9.884551135437912,44.65758967703741,0.012235299982212778,0.2596231021737424,12.577162850819361,-1.3485243066874266,1.9071910079776153,6.338477809744952,0.43923166553188153,4.3428764124717085e-05,0.024550667139459567,-10.044388568540908,2.0493973033595636,27.287856461969493,-0.7576796260990194,0.01939298409783091,0.023689264734863418,0.04139570507486171,0.38152657239264715,0.07437210309021001,0.01746404982078829,0.05857546442001704,0.05928475417657411,5,0.04139570507486171,0.01746404982078829,4,0.04139570507486171,0.01746404982078829,4,0.04139570507486171,0.01746404982078829,4,0.04053609526318714,0.01732052781368847,2,0.04053609526318714,0.01732052781368847,2,0.04053609526318714,0.01732052781368847,2,0.6,10.0,187
6,10.0,2000,0.0,0.6,9.192017155405002e-06,2,2,2,2,0.0055,0.0005,0.10282266092368467,0.0,0.0675721848220686,0.059636411040426975,0.7227339664649592,0.04320187761168476,0.045406583667710505,0.9263810322709289,5,1329.6413062323754,0.01,0.06479727967907738,0.0004635469394639305,0.0012196023424551267,0.6393440988395469,nan,10.062394375008745,44.68574273520871,7.283601482141673,4.673343208377547e+16,8496987651595540.0,1.0,1.0,1.0,12,1.0600307417281802,0.2212139513887153,0.05829790933379543,0.1995298294127203,0.20452603893405163,0.44861398602310715,11.47533483335046,179566242205.11383,2.4401999348978456,4.099170667256972,32.34228804156062,-0.4200184799337814,1.6432329316278074,6765773.736333176,0.4966656011474986,3.617514308646706,31.66368388933571,-0.07327020202740701,0.03866022243497704,6.455233888492484e+27,-3.252944051597784,12.508390302452893,44.68574273520871,-0.1221969386607501,0.2934550410281007,4.279697349709693,-1.2260308336346257,1.8614860052506284,2.9495547650212837,0.38421197250545036,1.959474787782511e-05,0.005186497707811581,-10.840248993054036,2.1989650578051267,12.848026017533835,-0.3442192750348669,0.055072185409800675,0.05626486288941163,0.0675721848220686,0.05375212303082459,0.039265750360622166,0.04320187761168476,0.0675721848220686,0.04320187761168476,5,0.0675721848220686,0.04320187761168476,5,0.05737758559099738,0.00853382444715227,4,0.05737758559099738,0.00853382444715227,4,0.05737758559099738,0.00853382444715227,4,0.05722311514509805,0.008420509911782535,3,0.05722311514509805,0.008420509911782535,3,0.6,10.0,188
10,10.0,2000,0.0,0.6,9.192017155405002e-06,2,2,2,2,0.001,0.0,9.589120878532927e-09,0.0,0.013780075135525763,0.00993358399508188,0.9390804272086785,0.09844828531043749,0.2647872670197203,0.9904543591682007,4,718.1856376104491,0.01,0.09935709099034062,0.0007658153974439357,0.0015568957402477873,7.1442488043212915,nan,7.733462328429188,32.83242157592299,3.0881083552015673,9.585948977568162e+68,1.127758703243313e+68,1.0,1.0,1.0,12,1.1647783812100276,0.13190060906426374,0.152530838200499,0.11095305961336306,0.1125406164176169,-0.0425500367435016,9.240151962570451,11782435.090684202,2.2235583316839893,3.3030320840031604,32.83242157592299,-0.4556679412003924,0.5125109426664908,224.42537866985944,-0.6684332166531426,2.064194201240829,15.993952321275467,0.43602622903795946,0.02168115266628767,156462063807354.12,-3.831311936559829,7.531116907353979,29.072174981303657,-0.1261591247698918,0.2748113219849067,8.339009862901287,-1.2916705186642354,1.8394661063575277,4.854900939389904,0.42449539689777566,4.011621882717376e-05,0.0035035766238015764,-10.12372984589294,2.0016594403851213,9.976044802439183,-0.7361118856973433,0.007426260155470281,0.008594416694249598,0.013780075135525763,0.013022258873885157,0.6828912568748381,0.09844828531043749,0.052441018765857925,0.12065103767242012,5,0.013780075135525763,0.09844828531043749,4,0.013780075135525763,0.09844828531043749,4,0.012884861549582858,0.06532524226805342,2,0.012884861549582858,0.06532524226805342,2,0.012884861549582858,0.06532524226805342,2,0.012884861549582858,0.06532524226805342,2,0.6,10.0,189
6,50.0,2000,0.0,0.6,9.192017155405002e-06,2,2,2,2,0.003,0.001,0.11368716181578668,0.0,0.05030409158091501,0.04124901875514633,0.6072939791387938,0.02745691691578218,0.04302098903913645,0.919635846775296,5,2047.5470779237194,0.01,0.04520451994658612,0.0017252404677460783,0.00294893239323891,0.5458187605200513,nan,9.761553214089487,44.710141186360424,3.7962948450686325,3818987670.3406444,636497945.056774,1.0,1.0,1.0,12,1.115308438738085,0.2296700602840464,0.1091309933289074,0.19812054324318315,0.20189319813329987,0.19522855871015252,9.421476543398681,640824158.2970915,2.2429918218886904,3.393777844949569,28.372251164223616,-0.4492101101755872,2.235555998677033,15554431.514491303,0.804489966110672,3.054081111255383,43.08890746352733,-0.18757863603670638,0.026067220997646905,1.5586238601474338e+35,-3.6470766544307147,13.601997122576575,44.710141186360424,-0.08339616524530997,0.2699082952249653,4.573713546046337,-1.3096730249919188,1.8781811813460463,3.113329167437264,0.4253303191193801,1.586013954911229e-05,0.0014634325177746163,-11.051701542987184,2.193582169562566,6.75842405417326,-0.24866796223107215,0.03643648731725091,0.03700647736727307,0.05030409158091501,0.060424289953197284,0.041181760248429865,0.02745691691578218,0.05030409158091501,0.02745691691578218,5,0.05030409158091501,0.02745691691578218,5,0.04292723170315704,0.0013857208771207886,4,0.04292723170315704,0.0013857208771207886,4,0.04292723170315704,0.0013857208771207886,4,0.04292723170315704,0.0013857208771207886,4,0.04292723170315704,0.0013857208771207886,4,0.6,10.0,190
10,50.0,2000,0.001,0.6,9.192017155405002e-06,2,2,2,2,0.0,0.0,0.0,0.0,0.058297727848271516,0.044938910863312254,0.8408758758843481,0.036783785480708965,0.092680365988773,0.9809552549472101,5,3109.6500647679804,0.01,0.05446352776364307,0.0025361438875903895,0.006939322964794161,0.6309643075017302,nan,7.8156979433389715,36.07229429080607,36.88413777117309,236.2502389537834,26.250026550420376,1.0,1.0,1.0,12,1.1997713393849214,0.1554584013558386,0.18213098812433368,0.12579191902474082,0.12853938799926243,-0.2728411089780487,10.881730038902091,89599397.78134881,2.3870852397154,3.2183480219383327,32.19374879404416,-0.5184687069557529,1.0554836966855718,274.0685011358628,0.05399914212874841,1.9917117978019132,11.555256117199171,0.08917477668364686,0.005003326349095159,7.433054030441241e+25,-5.297652317922874,10.664259561803567,36.07229429080607,0.04840666722333865,0.20531026800346372,11.54021811523837,-1.5832329415783057,2.0109489404449112,6.572162045231587,0.5332842103763464,2.8619384778017565e-05,0.0031805013044689918,-10.461426280292818,2.076336035504568,10.748747160033014,-0.54699665726791,0.03702043157579253,0.039498573165872734,0.058297727848271516,0.17234947237245052,0.0689078401131595,0.036783785480708965,0.058297727848271516,0.036783785480708965,5,0.058297727848271516,0.036783785480708965,5,0.05356984096345718,0.004925224773374081,4,0.05356984096345718,0.004925224773374081,4,0.05353681962343477,0.004916956000328511,3,0.05353681962343477,0.004916956000328511,3,0.05353681962343477,0.004916956000328511,3,0.6,10.0,191
